# Blender 4.1.1
# www.blender.org
mtllib only_wood_cart.mtl
o side_wood_low
v -0.726884 1.038961 0.651939
v -0.726884 1.196726 0.651939
v -0.726884 1.038961 0.562864
v -0.726884 1.196726 0.562864
v 1.578838 1.038961 0.651939
v 1.578838 1.196726 0.651939
v 1.578838 1.038961 0.562864
v 1.578838 1.196726 0.562864
v -0.726884 1.038961 -0.651939
v -0.726884 1.196726 -0.651939
v -0.726884 1.038961 -0.562864
v -0.726884 1.196726 -0.562864
v 1.578838 1.038961 -0.651939
v 1.578838 1.196726 -0.651939
v 1.578838 1.038961 -0.562864
v 1.578838 1.196726 -0.562864
vn -1.0000 -0.0000 -0.0000
vn -0.0000 -0.0000 -1.0000
vn 1.0000 -0.0000 -0.0000
vn -0.0000 -0.0000 1.0000
vn -0.0000 -1.0000 -0.0000
vn -0.0000 1.0000 -0.0000
vt 0.866009 0.795990
vt 0.848015 0.764120
vt 0.866009 0.764120
vt 0.262619 0.467730
vt 0.294488 0.001953
vt 0.294488 0.467730
vt 0.881064 0.873201
vt 0.899058 0.905071
vt 0.881064 0.905071
vt 0.181416 0.001953
vt 0.149546 0.467730
vt 0.149546 0.001953
vt 0.099948 0.001953
vt 0.117942 0.467732
vt 0.099948 0.467732
vt 0.206215 0.467730
vt 0.188221 0.001953
vt 0.206215 0.001953
vt 0.521390 0.890965
vt 0.489520 0.872971
vt 0.521390 0.872971
vt 0.435313 0.467729
vt 0.403443 0.001953
vt 0.435313 0.001953
vt 0.403458 0.891556
vt 0.371588 0.873562
vt 0.403458 0.873562
vt 0.505592 0.001953
vt 0.537463 0.467727
vt 0.505592 0.467727
vt 0.213020 0.467730
vt 0.231014 0.001953
vt 0.231014 0.467730
vt 0.255813 0.001953
vt 0.237819 0.467730
vt 0.237819 0.001953
vt 0.848015 0.795990
vt 0.262619 0.001953
vt 0.899058 0.873201
vt 0.181416 0.467730
vt 0.117942 0.001953
vt 0.188221 0.467730
vt 0.489520 0.890965
vt 0.403443 0.467729
vt 0.371588 0.891556
vt 0.537462 0.001953
vt 0.213020 0.001953
vt 0.255813 0.467730
s 1
usemtl cart
f 2/1/1 3/2/1 1/3/1
f 4/4/2 7/5/2 3/6/2
f 8/7/3 5/8/3 7/9/3
f 6/10/4 1/11/4 5/12/4
f 7/13/5 1/14/5 3/15/5
f 4/16/6 6/17/6 8/18/6
f 11/19/1 10/20/1 9/21/1
f 15/22/4 12/23/4 11/24/4
f 13/25/3 16/26/3 15/27/3
f 9/28/2 14/29/2 13/30/2
f 9/31/5 15/32/5 11/33/5
f 14/34/6 12/35/6 16/36/6
f 2/1/1 4/37/1 3/2/1
f 4/4/2 8/38/2 7/5/2
f 8/7/3 6/39/3 5/8/3
f 6/10/4 2/40/4 1/11/4
f 7/13/5 5/41/5 1/14/5
f 4/16/6 2/42/6 6/17/6
f 11/19/1 12/43/1 10/20/1
f 15/22/4 16/44/4 12/23/4
f 13/25/3 14/45/3 16/26/3
f 9/28/2 10/46/2 14/29/2
f 9/31/5 13/47/5 15/32/5
f 14/34/6 10/48/6 12/35/6
o back_wood_low
v -0.591269 1.137382 0.731821
v -0.591269 1.254648 0.731821
v -0.680345 1.137382 0.731821
v -0.680345 1.254648 0.731821
v -0.591269 1.137382 -0.716606
v -0.591269 1.254648 -0.716606
v -0.680345 1.137382 -0.716606
v -0.680345 1.254648 -0.716606
v -0.591269 0.845132 0.731821
v -0.591269 0.727865 0.731821
v -0.680345 0.845132 0.731821
v -0.680345 0.727865 0.731821
v -0.591269 0.845132 -0.716606
v -0.591269 0.727865 -0.716606
v -0.680345 0.845132 -0.716606
v -0.680345 0.727865 -0.716606
vn -0.0000 -0.0000 1.0000
vn -1.0000 -0.0000 -0.0000
vn -0.0000 -0.0000 -1.0000
vn 1.0000 -0.0000 -0.0000
vn -0.0000 -1.0000 -0.0000
vn -0.0000 1.0000 -0.0000
vt 0.747769 0.966845
vt 0.729775 0.943156
vt 0.747770 0.943156
vt 0.581571 0.883661
vt 0.874164 0.907350
vt 0.581571 0.907350
vt 0.899691 0.998010
vt 0.881697 0.974321
vt 0.899691 0.974321
vt 0.874166 0.846362
vt 0.581571 0.822673
vt 0.874166 0.822673
vt 0.482715 0.893711
vt 0.464721 0.601115
vt 0.482715 0.601115
vt 0.850552 0.001953
vt 0.868546 0.294548
vt 0.850552 0.294548
vt 0.993064 0.407281
vt 0.975070 0.430970
vt 0.975070 0.407281
vt 0.892038 0.593948
vt 0.868349 0.301353
vt 0.892038 0.301353
vt 0.874892 0.974321
vt 0.856898 0.998010
vt 0.856898 0.974321
vt 0.874166 0.853167
vt 0.581571 0.876856
vt 0.581571 0.853167
vt 0.861396 0.464719
vt 0.843402 0.757315
vt 0.843402 0.464719
vt 0.875352 0.294548
vt 0.893346 0.001953
vt 0.893346 0.294548
vt 0.729775 0.966845
vt 0.874164 0.883661
vt 0.881697 0.998010
vt 0.581571 0.846362
vt 0.464721 0.893711
vt 0.868546 0.001953
vt 0.993064 0.430970
vt 0.868349 0.593948
vt 0.874892 0.998010
vt 0.874166 0.876856
vt 0.861396 0.757315
vt 0.875352 0.001953
s 1
usemtl cart
f 18/49/7 19/50/7 17/51/7
f 20/52/8 23/53/8 19/54/8
f 24/55/9 21/56/9 23/57/9
f 22/58/10 17/59/10 21/60/10
f 23/61/11 17/62/11 19/63/11
f 20/64/12 22/65/12 24/66/12
f 27/67/7 26/68/7 25/69/7
f 31/70/8 28/71/8 27/72/8
f 29/73/9 32/74/9 31/75/9
f 25/76/10 30/77/10 29/78/10
f 25/79/12 31/80/12 27/81/12
f 30/82/11 28/83/11 32/84/11
f 18/49/7 20/85/7 19/50/7
f 20/52/8 24/86/8 23/53/8
f 24/55/9 22/87/9 21/56/9
f 22/58/10 18/88/10 17/59/10
f 23/61/11 21/89/11 17/62/11
f 20/64/12 18/90/12 22/65/12
f 27/67/7 28/91/7 26/68/7
f 31/70/8 32/92/8 28/71/8
f 29/73/9 30/93/9 32/74/9
f 25/76/10 26/94/10 30/77/10
f 25/79/12 29/95/12 31/80/12
f 30/82/11 26/96/11 28/83/11
o tire_low
v -0.220310 0.792123 0.697891
v -0.220310 0.792123 0.822477
v -0.167315 0.786904 0.697891
v -0.167315 0.786904 0.822477
v -0.090601 0.766323 0.684697
v -0.090601 0.766323 0.835671
v -0.032002 0.735001 0.684697
v -0.032002 0.735001 0.835671
v 0.019361 0.692849 0.684697
v 0.019361 0.692849 0.835671
v 0.061513 0.641486 0.684697
v 0.061513 0.641486 0.835671
v 0.092835 0.582887 0.684697
v 0.092835 0.582887 0.835671
v 0.113416 0.506173 0.697891
v 0.113416 0.506173 0.822477
v 0.118635 0.453178 0.697891
v 0.118635 0.453178 0.822477
v 0.113416 0.400183 0.697891
v 0.113416 0.400183 0.822477
v 0.092835 0.323469 0.684697
v 0.092835 0.323469 0.835671
v 0.061513 0.264870 0.684697
v 0.061513 0.264870 0.835671
v 0.019361 0.213507 0.684697
v 0.019361 0.213507 0.835671
v -0.032002 0.171355 0.684697
v -0.032002 0.171355 0.835671
v -0.090601 0.140033 0.684697
v -0.090601 0.140033 0.835671
v -0.167315 0.119452 0.697891
v -0.167315 0.119452 0.822477
v -0.220310 0.114232 0.697891
v -0.220310 0.114232 0.822477
v -0.273305 0.119452 0.697891
v -0.273305 0.119452 0.822477
v -0.350019 0.140033 0.684697
v -0.350019 0.140033 0.835671
v -0.408618 0.171355 0.684697
v -0.408618 0.171355 0.835671
v -0.459981 0.213507 0.684697
v -0.459981 0.213507 0.835671
v -0.502133 0.264870 0.684697
v -0.502133 0.264870 0.835671
v -0.533455 0.323469 0.684697
v -0.533455 0.323469 0.835671
v -0.554036 0.400183 0.697891
v -0.554036 0.400183 0.822477
v -0.559255 0.453178 0.697891
v -0.559255 0.453178 0.822477
v -0.554036 0.506173 0.697891
v -0.554036 0.506173 0.822477
v -0.533455 0.582887 0.684697
v -0.533455 0.582887 0.835671
v -0.502133 0.641486 0.684697
v -0.502133 0.641486 0.835671
v -0.459981 0.692849 0.684697
v -0.459981 0.692849 0.835671
v -0.408618 0.735001 0.684697
v -0.408618 0.735001 0.835671
v -0.350019 0.766323 0.684697
v -0.350019 0.766323 0.835671
v -0.273305 0.786904 0.697891
v -0.273305 0.786904 0.822477
v -0.220310 0.897405 0.673760
v -0.133646 0.888869 0.673760
v -0.133646 0.888869 0.846607
v -0.220310 0.897405 0.846607
v -0.050312 0.863590 0.673760
v -0.050312 0.863590 0.846607
v 0.026489 0.822539 0.673760
v 0.026489 0.822539 0.846607
v 0.093806 0.767294 0.673760
v 0.093806 0.767294 0.846607
v 0.149051 0.699977 0.673760
v 0.149051 0.699977 0.846607
v 0.190102 0.623176 0.673760
v 0.190102 0.623176 0.846607
v 0.215381 0.539842 0.673760
v 0.215381 0.539842 0.846607
v 0.223917 0.453178 0.673760
v 0.223917 0.453178 0.846607
v 0.215381 0.366514 0.673760
v 0.215381 0.366514 0.846607
v 0.190102 0.283180 0.673760
v 0.190102 0.283180 0.846607
v 0.149051 0.206379 0.673760
v 0.149051 0.206379 0.846607
v 0.093806 0.139062 0.673760
v 0.093806 0.139062 0.846607
v 0.026489 0.083817 0.673760
v 0.026489 0.083817 0.846607
v -0.050312 0.042766 0.673760
v -0.050312 0.042766 0.846607
v -0.133646 0.017487 0.673760
v -0.133646 0.017487 0.846607
v -0.220310 0.008951 0.673760
v -0.220310 0.008951 0.846607
v -0.306974 0.017487 0.673760
v -0.306974 0.017487 0.846607
v -0.390308 0.042766 0.673760
v -0.390308 0.042766 0.846607
v -0.467109 0.083817 0.673760
v -0.467109 0.083817 0.846607
v -0.534426 0.139062 0.673760
v -0.534426 0.139062 0.846607
v -0.589671 0.206379 0.673760
v -0.589671 0.206379 0.846607
v -0.630722 0.283180 0.673760
v -0.630722 0.283180 0.846607
v -0.656001 0.366514 0.673760
v -0.656001 0.366514 0.846607
v -0.664537 0.453178 0.673760
v -0.664537 0.453178 0.846607
v -0.656001 0.539842 0.673760
v -0.656001 0.539842 0.846607
v -0.630722 0.623176 0.673760
v -0.630722 0.623176 0.846607
v -0.589671 0.699977 0.673760
v -0.589671 0.699977 0.846607
v -0.534426 0.767294 0.673760
v -0.534426 0.767294 0.846607
v -0.467109 0.822539 0.673760
v -0.467109 0.822539 0.846607
v -0.390308 0.863590 0.673760
v -0.390308 0.863590 0.846607
v -0.306974 0.888869 0.673760
v -0.306974 0.888869 0.846607
v -0.220310 0.792123 0.684697
v -0.154185 0.785611 0.684697
v -0.154185 0.785611 0.835671
v -0.220310 0.792123 0.835671
v 0.112123 0.519303 0.684697
v 0.118635 0.453178 0.684697
v 0.118635 0.453178 0.835671
v 0.112123 0.519303 0.835671
v 0.112123 0.387053 0.684697
v 0.112123 0.387053 0.835671
v -0.154185 0.120745 0.684697
v -0.220310 0.114232 0.684697
v -0.220310 0.114232 0.835671
v -0.154185 0.120745 0.835671
v -0.286435 0.120745 0.684697
v -0.286435 0.120745 0.835671
v -0.552743 0.387053 0.684697
v -0.559255 0.453178 0.684697
v -0.559255 0.453178 0.835671
v -0.552743 0.387053 0.835671
v -0.552743 0.519303 0.684697
v -0.552743 0.519303 0.835671
v -0.286435 0.785611 0.684697
v -0.286435 0.785611 0.835671
v -0.273305 0.453178 0.707179
v -0.273305 0.453178 0.813189
v -0.167315 0.453178 0.813189
v -0.167315 0.453178 0.707179
v -0.273305 0.496884 0.707179
v -0.273305 0.496884 0.813189
v -0.220310 0.506173 0.812301
v -0.167315 0.496884 0.813189
v -0.167315 0.496884 0.707179
v -0.220310 0.506173 0.708067
v -0.220310 0.400183 0.708067
v -0.273305 0.409472 0.707179
v -0.273305 0.409472 0.813189
v -0.220310 0.400183 0.812301
v -0.167315 0.409472 0.813189
v -0.167315 0.409472 0.707179
v -0.264648 0.400183 0.708067
v -0.273305 0.453178 0.697891
v -0.264648 0.400183 0.812301
v -0.273305 0.453178 0.822477
v -0.175972 0.400183 0.812301
v -0.167315 0.453178 0.822477
v -0.175972 0.400183 0.708067
v -0.167315 0.453178 0.697891
v -0.264648 0.506173 0.708067
v -0.264648 0.506173 0.812301
v -0.175972 0.506173 0.812301
v -0.175972 0.506173 0.708067
v -0.211139 0.408356 0.706497
v -0.220310 0.407521 0.706658
v -0.202657 0.410929 0.706003
v -0.194839 0.415107 0.705201
v -0.182363 0.427583 0.702805
v -0.187987 0.420731 0.704121
v -0.174789 0.453178 0.697891
v -0.175612 0.443883 0.699675
v -0.178185 0.435400 0.701304
v -0.264310 0.443883 0.699675
v -0.257558 0.427583 0.702805
v -0.261737 0.435400 0.701304
v -0.245082 0.415107 0.705201
v -0.228782 0.408356 0.706497
v -0.237265 0.410929 0.706003
v -0.251934 0.420731 0.704121
v -0.265132 0.453178 0.697891
v -0.237265 0.410929 0.814365
v -0.245082 0.415107 0.815167
v -0.228782 0.408356 0.813871
v -0.220310 0.407521 0.813710
v -0.265132 0.453178 0.822477
v -0.264310 0.443883 0.820693
v -0.251934 0.420731 0.816247
v -0.257558 0.427583 0.817563
v -0.261737 0.435400 0.819064
v -0.211139 0.408356 0.813871
v -0.194839 0.415107 0.815167
v -0.202657 0.410929 0.814365
v -0.178185 0.435400 0.819064
v -0.182363 0.427583 0.817563
v -0.175612 0.443883 0.820693
v -0.187987 0.420731 0.816247
v -0.174789 0.453178 0.822477
v -0.220310 0.497888 0.706476
v -0.211139 0.497054 0.706316
v -0.194839 0.490302 0.705019
v -0.202657 0.494480 0.705821
v -0.182363 0.477826 0.702624
v -0.175612 0.461526 0.699494
v -0.178185 0.470009 0.701122
v -0.187987 0.484678 0.703939
v -0.264310 0.461526 0.699494
v -0.251934 0.484678 0.703939
v -0.261737 0.470009 0.701122
v -0.257558 0.477826 0.702624
v -0.245082 0.490302 0.705019
v -0.237265 0.494480 0.705821
v -0.228782 0.497054 0.706316
v -0.264310 0.461526 0.820874
v -0.228782 0.497054 0.814052
v -0.220310 0.497888 0.813892
v -0.261737 0.470009 0.819246
v -0.257558 0.477826 0.817744
v -0.251934 0.484678 0.816429
v -0.237265 0.494480 0.814546
v -0.245082 0.490302 0.815349
v -0.187987 0.484678 0.816429
v -0.178185 0.470009 0.819246
v -0.175612 0.461526 0.820874
v -0.182363 0.477826 0.817744
v -0.211139 0.497054 0.814052
v -0.194839 0.490302 0.815349
v -0.202657 0.494480 0.814546
v -0.220310 0.792123 -0.697891
v -0.220310 0.792123 -0.822477
v -0.167315 0.786904 -0.697891
v -0.167315 0.786904 -0.822477
v -0.090601 0.766323 -0.684697
v -0.090601 0.766323 -0.835671
v -0.032002 0.735001 -0.684697
v -0.032002 0.735001 -0.835671
v 0.019361 0.692849 -0.684697
v 0.019361 0.692849 -0.835671
v 0.061513 0.641486 -0.684697
v 0.061513 0.641486 -0.835671
v 0.092835 0.582887 -0.684697
v 0.092835 0.582887 -0.835671
v 0.113416 0.506173 -0.697891
v 0.113416 0.506173 -0.822477
v 0.118635 0.453178 -0.697891
v 0.118635 0.453178 -0.822477
v 0.113416 0.400183 -0.697891
v 0.113416 0.400183 -0.822477
v 0.092835 0.323469 -0.684697
v 0.092835 0.323469 -0.835671
v 0.061513 0.264870 -0.684697
v 0.061513 0.264870 -0.835671
v 0.019361 0.213507 -0.684697
v 0.019361 0.213507 -0.835671
v -0.032002 0.171355 -0.684697
v -0.032002 0.171355 -0.835671
v -0.090601 0.140033 -0.684697
v -0.090601 0.140033 -0.835671
v -0.167315 0.119452 -0.697891
v -0.167315 0.119452 -0.822477
v -0.220310 0.114232 -0.697891
v -0.220310 0.114232 -0.822477
v -0.273305 0.119452 -0.697891
v -0.273305 0.119452 -0.822477
v -0.350019 0.140033 -0.684697
v -0.350019 0.140033 -0.835671
v -0.408618 0.171355 -0.684697
v -0.408618 0.171355 -0.835671
v -0.459981 0.213507 -0.684697
v -0.459981 0.213507 -0.835671
v -0.502133 0.264870 -0.684697
v -0.502133 0.264870 -0.835671
v -0.533455 0.323469 -0.684697
v -0.533455 0.323469 -0.835671
v -0.554036 0.400183 -0.697891
v -0.554036 0.400183 -0.822477
v -0.559255 0.453178 -0.697891
v -0.559255 0.453178 -0.822477
v -0.554036 0.506173 -0.697891
v -0.554036 0.506173 -0.822477
v -0.533455 0.582887 -0.684697
v -0.533455 0.582887 -0.835671
v -0.502133 0.641486 -0.684697
v -0.502133 0.641486 -0.835671
v -0.459981 0.692849 -0.684697
v -0.459981 0.692849 -0.835671
v -0.408618 0.735001 -0.684697
v -0.408618 0.735001 -0.835671
v -0.350019 0.766323 -0.684697
v -0.350019 0.766323 -0.835671
v -0.273305 0.786904 -0.697891
v -0.273305 0.786904 -0.822477
v -0.220310 0.897405 -0.673760
v -0.133646 0.888869 -0.673760
v -0.133646 0.888869 -0.846607
v -0.220310 0.897405 -0.846607
v -0.050312 0.863590 -0.673760
v -0.050312 0.863590 -0.846607
v 0.026489 0.822539 -0.673760
v 0.026489 0.822539 -0.846607
v 0.093806 0.767294 -0.673760
v 0.093806 0.767294 -0.846607
v 0.149051 0.699977 -0.673760
v 0.149051 0.699977 -0.846607
v 0.190102 0.623176 -0.673760
v 0.190102 0.623176 -0.846607
v 0.215381 0.539842 -0.673760
v 0.215381 0.539842 -0.846607
v 0.223917 0.453178 -0.673760
v 0.223917 0.453178 -0.846607
v 0.215381 0.366514 -0.673760
v 0.215381 0.366514 -0.846607
v 0.190102 0.283180 -0.673760
v 0.190102 0.283180 -0.846607
v 0.149051 0.206379 -0.673760
v 0.149051 0.206379 -0.846607
v 0.093806 0.139062 -0.673760
v 0.093806 0.139062 -0.846607
v 0.026489 0.083817 -0.673760
v 0.026489 0.083817 -0.846607
v -0.050312 0.042766 -0.673760
v -0.050312 0.042766 -0.846607
v -0.133646 0.017487 -0.673760
v -0.133646 0.017487 -0.846607
v -0.220310 0.008951 -0.673760
v -0.220310 0.008951 -0.846607
v -0.306974 0.017487 -0.673760
v -0.306974 0.017487 -0.846607
v -0.390308 0.042766 -0.673760
v -0.390308 0.042766 -0.846607
v -0.467109 0.083817 -0.673760
v -0.467109 0.083817 -0.846607
v -0.534426 0.139062 -0.673760
v -0.534426 0.139062 -0.846607
v -0.589671 0.206379 -0.673760
v -0.589671 0.206379 -0.846607
v -0.630722 0.283180 -0.673760
v -0.630722 0.283180 -0.846607
v -0.656001 0.366514 -0.673760
v -0.656001 0.366514 -0.846607
v -0.664537 0.453178 -0.673760
v -0.664537 0.453178 -0.846607
v -0.656001 0.539842 -0.673760
v -0.656001 0.539842 -0.846607
v -0.630722 0.623176 -0.673760
v -0.630722 0.623176 -0.846607
v -0.589671 0.699977 -0.673760
v -0.589671 0.699977 -0.846607
v -0.534426 0.767294 -0.673760
v -0.534426 0.767294 -0.846607
v -0.467109 0.822539 -0.673760
v -0.467109 0.822539 -0.846607
v -0.390308 0.863590 -0.673760
v -0.390308 0.863590 -0.846607
v -0.306974 0.888869 -0.673760
v -0.306974 0.888869 -0.846607
v -0.220310 0.792123 -0.684697
v -0.154185 0.785611 -0.684697
v -0.154185 0.785611 -0.835671
v -0.220310 0.792123 -0.835671
v 0.112123 0.519303 -0.684697
v 0.118635 0.453178 -0.684697
v 0.118635 0.453178 -0.835671
v 0.112123 0.519303 -0.835671
v 0.112123 0.387053 -0.684697
v 0.112123 0.387053 -0.835671
v -0.154185 0.120745 -0.684697
v -0.220310 0.114232 -0.684697
v -0.220310 0.114232 -0.835671
v -0.154185 0.120745 -0.835671
v -0.286435 0.120745 -0.684697
v -0.286435 0.120745 -0.835671
v -0.552743 0.387053 -0.684697
v -0.559255 0.453178 -0.684697
v -0.559255 0.453178 -0.835671
v -0.552743 0.387053 -0.835671
v -0.552743 0.519303 -0.684697
v -0.552743 0.519303 -0.835671
v -0.286435 0.785611 -0.684697
v -0.286435 0.785611 -0.835671
v -0.273305 0.453178 -0.707179
v -0.273305 0.453178 -0.813189
v -0.167315 0.453178 -0.813189
v -0.167315 0.453178 -0.707179
v -0.273305 0.496884 -0.707179
v -0.273305 0.496884 -0.813189
v -0.220310 0.506173 -0.812301
v -0.167315 0.496884 -0.813189
v -0.167315 0.496884 -0.707179
v -0.220310 0.506173 -0.708067
v -0.220310 0.400183 -0.708067
v -0.273305 0.409472 -0.707179
v -0.273305 0.409472 -0.813189
v -0.220310 0.400183 -0.812301
v -0.167315 0.409472 -0.813189
v -0.167315 0.409472 -0.707179
v -0.264648 0.400183 -0.708067
v -0.273305 0.453178 -0.697891
v -0.264648 0.400183 -0.812301
v -0.273305 0.453178 -0.822477
v -0.175972 0.400183 -0.812301
v -0.167315 0.453178 -0.822477
v -0.175972 0.400183 -0.708067
v -0.167315 0.453178 -0.697891
v -0.264648 0.506173 -0.708067
v -0.264648 0.506173 -0.812301
v -0.175972 0.506173 -0.812301
v -0.175972 0.506173 -0.708067
v -0.211139 0.408356 -0.706497
v -0.220310 0.407521 -0.706658
v -0.202657 0.410929 -0.706003
v -0.194839 0.415107 -0.705201
v -0.182363 0.427583 -0.702805
v -0.187987 0.420731 -0.704121
v -0.174789 0.453178 -0.697891
v -0.175612 0.443883 -0.699675
v -0.178185 0.435400 -0.701304
v -0.264310 0.443883 -0.699675
v -0.257558 0.427583 -0.702805
v -0.261737 0.435400 -0.701304
v -0.245082 0.415107 -0.705201
v -0.228782 0.408356 -0.706497
v -0.237265 0.410929 -0.706003
v -0.251934 0.420731 -0.704121
v -0.265132 0.453178 -0.697891
v -0.237265 0.410929 -0.814365
v -0.245082 0.415107 -0.815167
v -0.228782 0.408356 -0.813871
v -0.220310 0.407521 -0.813710
v -0.265132 0.453178 -0.822477
v -0.264310 0.443883 -0.820693
v -0.251934 0.420731 -0.816247
v -0.257558 0.427583 -0.817563
v -0.261737 0.435400 -0.819064
v -0.211139 0.408356 -0.813871
v -0.194839 0.415107 -0.815167
v -0.202657 0.410929 -0.814365
v -0.178185 0.435400 -0.819064
v -0.182363 0.427583 -0.817563
v -0.175612 0.443883 -0.820693
v -0.187987 0.420731 -0.816247
v -0.174789 0.453178 -0.822477
v -0.220310 0.497888 -0.706476
v -0.211139 0.497054 -0.706316
v -0.194839 0.490302 -0.705019
v -0.202657 0.494480 -0.705822
v -0.182363 0.477826 -0.702623
v -0.175612 0.461526 -0.699494
v -0.178185 0.470009 -0.701122
v -0.187987 0.484678 -0.703939
v -0.264310 0.461526 -0.699494
v -0.251934 0.484678 -0.703939
v -0.261737 0.470009 -0.701122
v -0.257558 0.477826 -0.702623
v -0.245082 0.490302 -0.705019
v -0.237265 0.494480 -0.705822
v -0.228782 0.497054 -0.706316
v -0.264310 0.461526 -0.820874
v -0.228782 0.497054 -0.814052
v -0.220310 0.497888 -0.813892
v -0.261737 0.470009 -0.819246
v -0.257558 0.477826 -0.817744
v -0.251934 0.484678 -0.816429
v -0.237265 0.494480 -0.814546
v -0.245082 0.490302 -0.815349
v -0.187987 0.484678 -0.816429
v -0.178185 0.470009 -0.819246
v -0.175612 0.461526 -0.820874
v -0.182363 0.477826 -0.817744
v -0.211139 0.497054 -0.814052
v -0.194839 0.490302 -0.815349
v -0.202657 0.494480 -0.814546
vn -0.0000 1.0000 -0.0000
vn 0.1951 0.9808 -0.0000
vn 0.3827 0.9239 -0.0000
vn 0.5556 0.8315 -0.0000
vn 0.7071 0.7071 -0.0000
vn 0.8315 0.5556 -0.0000
vn 0.9239 0.3827 -0.0000
vn 0.9808 0.1951 -0.0000
vn 1.0000 -0.0000 -0.0000
vn 0.9808 -0.1951 -0.0000
vn 0.9239 -0.3827 -0.0000
vn 0.8315 -0.5556 -0.0000
vn 0.7071 -0.7071 -0.0000
vn 0.5556 -0.8315 -0.0000
vn 0.3827 -0.9239 -0.0000
vn 0.1951 -0.9808 -0.0000
vn -0.0000 -1.0000 -0.0000
vn -0.1951 -0.9808 -0.0000
vn -0.3827 -0.9239 -0.0000
vn -0.5556 -0.8315 -0.0000
vn -0.7071 -0.7071 -0.0000
vn -0.8315 -0.5556 -0.0000
vn -0.9239 -0.3827 -0.0000
vn -0.9808 -0.1951 -0.0000
vn -1.0000 -0.0000 -0.0000
vn -0.9808 0.1951 -0.0000
vn -0.9239 0.3827 -0.0000
vn -0.8315 0.5556 -0.0000
vn -0.7071 0.7071 -0.0000
vn -0.5556 0.8315 -0.0000
vn -0.3827 0.9239 -0.0000
vn -0.1951 0.9808 -0.0000
vn -0.0000 0.0771 0.9970
vn -0.0019 -0.0359 0.9994
vn -0.0000 -0.0356 0.9994
vn -0.0000 -0.1033 -0.9946
vn -0.0202 -0.1013 -0.9946
vn -0.0202 -0.1013 0.9946
vn -0.0000 -0.1033 0.9946
vn -0.0395 -0.0955 -0.9946
vn -0.0395 -0.0955 0.9946
vn -0.0574 -0.0859 -0.9946
vn -0.0574 -0.0859 0.9946
vn -0.0731 -0.0731 -0.9946
vn -0.0731 -0.0731 0.9946
vn -0.0859 -0.0574 -0.9946
vn -0.0859 -0.0574 0.9946
vn -0.0955 -0.0395 -0.9946
vn -0.0955 -0.0395 0.9946
vn -0.1013 -0.0202 -0.9946
vn -0.1013 -0.0202 0.9946
vn -0.1033 -0.0000 -0.9946
vn -0.1033 -0.0000 0.9946
vn -0.1013 0.0202 -0.9946
vn -0.1013 0.0202 0.9946
vn -0.0955 0.0395 -0.9946
vn -0.0955 0.0395 0.9946
vn -0.0859 0.0574 -0.9946
vn -0.0859 0.0574 0.9946
vn -0.0731 0.0731 -0.9946
vn -0.0731 0.0731 0.9946
vn -0.0574 0.0859 -0.9946
vn -0.0574 0.0859 0.9946
vn -0.0395 0.0955 -0.9946
vn -0.0395 0.0955 0.9946
vn -0.0202 0.1013 -0.9946
vn -0.0202 0.1013 0.9946
vn -0.0000 0.1033 -0.9946
vn -0.0000 0.1033 0.9946
vn 0.0202 0.1013 -0.9946
vn 0.0202 0.1013 0.9946
vn 0.0395 0.0955 -0.9946
vn 0.0395 0.0955 0.9946
vn 0.0574 0.0859 -0.9946
vn 0.0574 0.0859 0.9946
vn 0.0731 0.0731 -0.9946
vn 0.0731 0.0731 0.9946
vn 0.0859 0.0574 -0.9946
vn 0.0859 0.0574 0.9946
vn 0.0955 0.0395 -0.9946
vn 0.0955 0.0395 0.9946
vn 0.1013 0.0202 -0.9946
vn 0.1013 0.0202 0.9946
vn 0.1033 -0.0000 -0.9946
vn 0.1033 -0.0000 0.9946
vn 0.1013 -0.0202 -0.9946
vn 0.1013 -0.0202 0.9946
vn 0.0955 -0.0395 -0.9946
vn 0.0955 -0.0395 0.9946
vn 0.0859 -0.0574 -0.9946
vn 0.0859 -0.0574 0.9946
vn 0.0731 -0.0731 -0.9946
vn 0.0731 -0.0731 0.9946
vn 0.0574 -0.0859 -0.9946
vn 0.0574 -0.0859 0.9946
vn 0.0395 -0.0955 -0.9946
vn 0.0395 -0.0955 0.9946
vn 0.0202 -0.1013 -0.9946
vn 0.0202 -0.1013 0.9946
vn 0.0331 0.9995 -0.0000
vn 0.0330 -0.0000 0.9995
vn 0.0327 -0.0019 0.9995
vn 0.0325 -0.0000 0.9995
vn 0.0019 -0.0359 0.9994
vn 0.0009 0.0812 0.9967
vn -0.9995 -0.0308 -0.0000
vn -0.0331 -0.9995 -0.0000
vn -0.0327 -0.0000 0.9995
vn -0.0327 0.0018 0.9995
vn -0.0325 -0.0000 0.9995
vn -0.0000 0.0771 -0.9970
vn 0.0019 -0.0359 -0.9994
vn -0.0000 -0.0356 -0.9994
vn -0.0980 -0.9952 -0.0000
vn -0.9952 -0.0980 -0.0000
vn -0.9952 0.0980 -0.0000
vn -0.0980 0.9952 -0.0000
vn 0.0980 0.9952 -0.0000
vn 0.9952 0.0980 -0.0000
vn 0.9952 -0.0980 -0.0000
vn 0.0980 -0.9952 -0.0000
vn 0.9995 -0.0308 -0.0000
vn -0.0019 -0.0359 -0.9994
vn -0.0011 0.0812 -0.9967
vn -0.0009 -0.0812 -0.9967
vn -0.0000 -0.1886 -0.9821
vn -0.0327 -0.0019 0.9995
vn -0.0327 -0.0017 0.9995
vn 0.0009 -0.0812 -0.9967
vn 0.0327 0.0019 0.9995
vn 0.0328 0.0017 0.9995
vn 0.0009 -0.0812 0.9967
vn -0.0000 -0.1886 0.9821
vn -0.0009 -0.0812 0.9967
vn -0.0000 0.1886 -0.9821
vn -0.0331 0.9995 -0.0000
vn 0.0009 0.0812 -0.9967
vn 0.0331 -0.9995 -0.0000
vn -0.0000 0.1886 0.9821
vn -0.0009 0.0812 0.9967
vn -0.0019 0.0359 0.9994
vn -0.0000 -0.0767 0.9971
vn -0.0000 0.0356 0.9994
vn 0.0019 0.0359 0.9994
vn -0.9995 0.0308 -0.0000
vn 0.0019 0.0359 -0.9994
vn -0.0000 -0.0767 -0.9971
vn -0.0000 0.0356 -0.9994
vn 0.9995 0.0308 -0.0000
vn -0.0019 0.0359 -0.9994
vn -0.7608 -0.1349 -0.6348
vn -0.7678 -0.0000 -0.6407
vn -0.7609 -0.1350 -0.6347
vn -0.7608 -0.1349 0.6348
vn -0.7678 -0.0000 0.6407
vn 0.7608 -0.1349 0.6348
vn 0.7678 -0.0000 0.6407
vn 0.7609 -0.1350 0.6347
vn 0.7608 -0.1349 -0.6348
vn 0.7678 -0.0000 -0.6407
vn -0.7608 0.1349 -0.6348
vn -0.7608 0.1349 0.6348
vn -0.7609 0.1350 0.6347
vn 0.7608 0.1349 0.6348
vn 0.7608 0.1349 -0.6348
vn 0.7609 0.1350 -0.6347
vn 0.7315 0.6818 -0.0000
vn -0.7315 0.6818 -0.0000
vn -0.7315 -0.6818 -0.0000
vn 0.7315 -0.6818 -0.0000
vn 0.0327 -0.0000 -0.9995
vn 0.0327 -0.0018 -0.9995
vn 0.0327 -0.0017 -0.9995
vn 0.0327 0.0018 -0.9995
vn 0.0325 -0.0000 -0.9995
vn -0.0327 -0.0000 -0.9995
vn -0.0327 0.0018 -0.9995
vn -0.0327 0.0017 -0.9995
vn -0.0327 -0.0018 -0.9995
vn -0.0328 -0.0000 -0.9995
vn 0.0038 -1.0000 -0.0000
vn -0.1937 -0.9811 -0.0000
vn -0.3869 -0.9221 -0.0000
vn -0.5610 -0.8278 -0.0000
vn -0.7130 -0.7012 -0.0000
vn -0.8369 -0.5474 -0.0000
vn -0.9280 -0.3726 -0.0000
vn -0.9830 -0.1837 -0.0000
vn -1.0000 -0.0050 -0.0000
vn -0.9840 0.1782 -0.0000
vn -0.9280 0.3726 -0.0000
vn -0.8369 0.5474 -0.0000
vn -0.7130 0.7012 -0.0000
vn -0.5610 0.8278 -0.0000
vn -0.3869 0.9221 -0.0000
vn -0.1937 0.9811 -0.0000
vn 0.0038 1.0000 -0.0000
vn 0.1974 0.9803 -0.0000
vn 0.3869 0.9221 -0.0000
vn 0.5610 0.8278 -0.0000
vn 0.7130 0.7012 -0.0000
vn 0.8369 0.5474 -0.0000
vn 0.9280 0.3726 -0.0000
vn 0.9840 0.1782 -0.0000
vn 1.0000 -0.0050 -0.0000
vn 0.9830 -0.1837 -0.0000
vn 0.9280 -0.3726 -0.0000
vn 0.8369 -0.5474 -0.0000
vn 0.7130 -0.7012 -0.0000
vn 0.5610 -0.8278 -0.0000
vn 0.3869 -0.9221 -0.0000
vn 0.1974 -0.9803 -0.0000
vn -0.0000 -0.0000 1.0000
vn -0.0000 0.0006 1.0000
vn -0.0000 0.0006 -1.0000
vn -0.0000 -0.0000 -1.0000
vn 0.0327 -0.0017 0.9995
vn -0.0327 0.0017 0.9995
vn -0.7609 -0.1350 0.6347
vn 0.7609 -0.1350 -0.6347
vn -0.7609 0.1350 -0.6347
vn 0.7609 0.1350 0.6347
vn 0.0327 0.0017 -0.9995
vn -0.0327 -0.0017 -0.9995
vn -0.0000 0.0767 -0.9971
vn -0.0018 -0.0359 -0.9994
vn 0.0330 -0.0000 -0.9995
vn 0.0018 -0.0359 -0.9994
vn -0.0325 -0.0000 -0.9995
vn -0.0000 0.0772 0.9970
vn 0.0017 -0.0359 0.9994
vn -0.0012 0.0812 0.9967
vn -0.0017 -0.0359 0.9994
vn 0.0328 0.0016 -0.9995
vn 0.0327 0.0019 -0.9995
vn 0.0008 0.0812 0.9967
vn -0.0009 0.0812 -0.9967
vn -0.0017 0.0359 -0.9994
vn 0.0017 0.0359 -0.9994
vn 0.0017 0.0359 0.9994
vn -0.0017 0.0359 0.9994
vn -0.7609 -0.1349 -0.6347
vn 0.7609 -0.1349 0.6347
vn -0.7609 0.1349 0.6347
vn 0.7609 0.1349 -0.6347
vn 0.7316 0.6818 -0.0000
vn -0.7316 -0.6818 -0.0000
vn 0.7316 -0.6818 -0.0000
vn 0.0327 -0.0000 0.9995
vn 0.0327 -0.0018 0.9995
vn 0.0327 0.0018 0.9995
vn -0.0328 0.0017 0.9995
vn -0.0329 -0.0000 0.9995
vn -0.0327 -0.0018 0.9995
vn -0.0000 0.1885 -0.9821
vn -0.0000 -0.1885 -0.9821
vn -0.0000 -0.1885 0.9821
vn -0.0328 0.0017 -0.9995
vn -0.7316 0.6818 -0.0000
vt 0.001953 0.283420
vt 0.036870 0.265828
vt 0.036870 0.283420
vt 0.001953 0.265828
vt 0.036870 0.248237
vt 0.001953 0.248237
vt 0.036870 0.230645
vt 0.001953 0.230645
vt 0.036870 0.213053
vt 0.001953 0.213053
vt 0.036870 0.195462
vt 0.001953 0.195462
vt 0.036870 0.177870
vt 0.001953 0.177870
vt 0.036870 0.160278
vt 0.001953 0.160278
vt 0.036870 0.142687
vt 0.001953 0.142687
vt 0.036870 0.125095
vt 0.001953 0.125095
vt 0.036870 0.107503
vt 0.001953 0.107503
vt 0.036870 0.089912
vt 0.001953 0.089912
vt 0.036870 0.072320
vt 0.001953 0.072320
vt 0.036870 0.054728
vt 0.001953 0.054728
vt 0.036870 0.037137
vt 0.001953 0.037137
vt 0.036870 0.019545
vt 0.001953 0.019545
vt 0.036870 0.001953
vt 0.001953 0.564887
vt 0.036870 0.547295
vt 0.036870 0.564887
vt 0.001953 0.547295
vt 0.036870 0.529704
vt 0.001953 0.529704
vt 0.036870 0.512112
vt 0.001953 0.512112
vt 0.036870 0.494521
vt 0.001953 0.494521
vt 0.036870 0.476929
vt 0.001953 0.476929
vt 0.036870 0.459337
vt 0.001953 0.459337
vt 0.036870 0.441745
vt 0.001953 0.424154
vt 0.036870 0.424154
vt 0.001953 0.406562
vt 0.036870 0.406562
vt 0.036870 0.388970
vt 0.001953 0.388970
vt 0.036870 0.371379
vt 0.001953 0.371379
vt 0.036870 0.353787
vt 0.001953 0.353787
vt 0.036870 0.336195
vt 0.001953 0.336195
vt 0.036870 0.318603
vt 0.574766 0.706326
vt 0.544268 0.692903
vt 0.574766 0.692903
vt 0.001953 0.318603
vt 0.036870 0.301012
vt 0.001953 0.301012
vt 0.827914 0.924973
vt 0.770605 0.935685
vt 0.770605 0.924973
vt 0.065006 0.249476
vt 0.043675 0.234005
vt 0.065006 0.234005
vt 0.093143 0.264944
vt 0.071811 0.249474
vt 0.093143 0.249474
vt 0.043675 0.218535
vt 0.065006 0.218535
vt 0.093143 0.280414
vt 0.071811 0.264944
vt 0.043675 0.203065
vt 0.065006 0.203065
vt 0.071811 0.295884
vt 0.071811 0.280414
vt 0.043675 0.187595
vt 0.065006 0.187595
vt 0.093143 0.311354
vt 0.093143 0.295884
vt 0.065006 0.172125
vt 0.043675 0.172125
vt 0.093143 0.326824
vt 0.071811 0.311354
vt 0.043675 0.156655
vt 0.065006 0.156655
vt 0.093143 0.342294
vt 0.071811 0.326824
vt 0.043675 0.141185
vt 0.065006 0.141185
vt 0.071811 0.357764
vt 0.071811 0.342294
vt 0.043675 0.125714
vt 0.065006 0.125714
vt 0.093143 0.357764
vt 0.071811 0.373234
vt 0.043675 0.110244
vt 0.065006 0.110244
vt 0.093143 0.373234
vt 0.071811 0.388704
vt 0.043675 0.094774
vt 0.065006 0.094774
vt 0.093143 0.404174
vt 0.093143 0.388704
vt 0.065006 0.079304
vt 0.043675 0.079304
vt 0.093143 0.419644
vt 0.071811 0.404174
vt 0.043675 0.063834
vt 0.065006 0.063834
vt 0.071811 0.435114
vt 0.071811 0.419644
vt 0.043675 0.048363
vt 0.065006 0.048363
vt 0.093143 0.450584
vt 0.093143 0.435114
vt 0.065006 0.032894
vt 0.043675 0.032894
vt 0.093143 0.466054
vt 0.071811 0.450584
vt 0.043675 0.017423
vt 0.065006 0.017423
vt 0.093143 0.481525
vt 0.071811 0.466054
vt 0.043675 0.001953
vt 0.065006 0.001953
vt 0.071811 0.496995
vt 0.071811 0.481525
vt 0.065006 0.481528
vt 0.043675 0.496998
vt 0.043675 0.481528
vt 0.093143 0.017423
vt 0.071811 0.001953
vt 0.093143 0.001953
vt 0.065006 0.466058
vt 0.043675 0.466058
vt 0.093143 0.032893
vt 0.071811 0.017423
vt 0.043675 0.450588
vt 0.065006 0.450588
vt 0.071811 0.048363
vt 0.071811 0.032893
vt 0.065006 0.435117
vt 0.043675 0.435117
vt 0.093143 0.063833
vt 0.093143 0.048363
vt 0.065006 0.419647
vt 0.043675 0.419647
vt 0.093143 0.079303
vt 0.071811 0.063833
vt 0.043675 0.404177
vt 0.065006 0.404177
vt 0.093143 0.094773
vt 0.071811 0.079303
vt 0.043675 0.388707
vt 0.065006 0.388707
vt 0.093143 0.110243
vt 0.071811 0.094773
vt 0.065006 0.373237
vt 0.043675 0.373237
vt 0.093143 0.125713
vt 0.071811 0.110243
vt 0.043675 0.357767
vt 0.065006 0.357767
vt 0.093143 0.141184
vt 0.071811 0.125713
vt 0.043675 0.342297
vt 0.065006 0.342297
vt 0.093143 0.156654
vt 0.071811 0.141184
vt 0.065006 0.326826
vt 0.043675 0.326826
vt 0.071811 0.172123
vt 0.071811 0.156654
vt 0.065006 0.311356
vt 0.043675 0.311356
vt 0.093143 0.187594
vt 0.093143 0.172123
vt 0.065006 0.295886
vt 0.043675 0.295886
vt 0.071811 0.203064
vt 0.071811 0.187594
vt 0.065006 0.280416
vt 0.043675 0.280416
vt 0.093143 0.218534
vt 0.093143 0.203064
vt 0.043675 0.264946
vt 0.065006 0.264946
vt 0.093143 0.234004
vt 0.071811 0.218534
vt 0.043675 0.249476
vt 0.071811 0.234004
vt 0.574766 0.719748
vt 0.544268 0.706326
vt 0.574766 0.733170
vt 0.544268 0.719748
vt 0.574766 0.746593
vt 0.544268 0.733170
vt 0.574766 0.760015
vt 0.544268 0.746593
vt 0.574766 0.773438
vt 0.544268 0.760015
vt 0.722969 0.996530
vt 0.666213 0.973246
vt 0.722969 0.973246
vt 0.307642 0.883360
vt 0.364783 0.873562
vt 0.364783 0.883360
vt 0.574766 0.813705
vt 0.544268 0.800283
vt 0.574766 0.800283
vt 0.574766 0.827128
vt 0.544268 0.813705
vt 0.574766 0.840550
vt 0.544268 0.827128
vt 0.574766 0.853973
vt 0.544268 0.840550
vt 0.574766 0.867395
vt 0.544268 0.853973
vt 0.574766 0.880818
vt 0.544268 0.867395
vt 0.770605 0.914261
vt 0.827914 0.916011
vt 0.850092 0.997426
vt 0.793336 0.974321
vt 0.850092 0.974321
vt 0.574766 0.491566
vt 0.544268 0.478143
vt 0.574766 0.478143
vt 0.574766 0.504989
vt 0.544268 0.491566
vt 0.574766 0.518411
vt 0.544268 0.504989
vt 0.574766 0.531833
vt 0.544268 0.518411
vt 0.574766 0.545256
vt 0.544268 0.531833
vt 0.544268 0.558678
vt 0.544268 0.545256
vt 0.666213 0.943156
vt 0.722970 0.966440
vt 0.666213 0.966440
vt 0.970735 0.279390
vt 0.980533 0.336530
vt 0.970735 0.336530
vt 0.574766 0.585523
vt 0.544268 0.598946
vt 0.544268 0.585523
vt 0.574766 0.612368
vt 0.574766 0.598946
vt 0.574766 0.625791
vt 0.544268 0.612368
vt 0.544268 0.639213
vt 0.544268 0.625791
vt 0.574766 0.652636
vt 0.574766 0.639213
vt 0.574766 0.666058
vt 0.544268 0.652636
vt 0.761854 0.781820
vt 0.705027 0.790895
vt 0.705150 0.781110
vt 0.546933 0.668723
vt 0.544268 0.679480
vt 0.544268 0.666058
vt 0.572100 0.668723
vt 0.574766 0.679480
vt 0.572100 0.679480
vt 0.546933 0.582858
vt 0.544268 0.572101
vt 0.546933 0.572101
vt 0.572100 0.582858
vt 0.574766 0.572101
vt 0.546933 0.561343
vt 0.572100 0.561343
vt 0.572100 0.572101
vt 0.546933 0.475478
vt 0.544268 0.464721
vt 0.546933 0.464721
vt 0.572100 0.475478
vt 0.574766 0.464721
vt 0.546933 0.883483
vt 0.544268 0.894240
vt 0.544268 0.880817
vt 0.572100 0.883483
vt 0.574766 0.894240
vt 0.572100 0.894240
vt 0.546933 0.797617
vt 0.544268 0.786860
vt 0.546933 0.786860
vt 0.572100 0.797617
vt 0.574766 0.786860
vt 0.546933 0.776103
vt 0.544268 0.773438
vt 0.572100 0.776103
vt 0.572100 0.786860
vt 0.546933 0.690238
vt 0.546933 0.679480
vt 0.572100 0.690238
vt 0.574766 0.558678
vt 0.463652 0.998047
vt 0.406897 0.974942
vt 0.463652 0.974942
vt 0.705273 0.771324
vt 0.761976 0.772034
vt 0.784427 0.771432
vt 0.779428 0.774668
vt 0.778040 0.773520
vt 0.960937 0.336530
vt 0.960937 0.279390
vt 0.784181 0.791016
vt 0.779267 0.787517
vt 0.780435 0.786155
vt 0.364783 0.893158
vt 0.307642 0.893158
vt 0.849516 0.914261
vt 0.845500 0.918581
vt 0.844090 0.917444
vt 0.849516 0.933933
vt 0.845500 0.931507
vt 0.846658 0.930122
vt 0.766344 0.774504
vt 0.765176 0.775866
vt 0.729775 0.974321
vt 0.786531 0.997606
vt 0.729775 0.997606
vt 0.761731 0.791606
vt 0.766183 0.787353
vt 0.767571 0.788500
vt 0.968081 0.996273
vt 0.911324 0.972989
vt 0.968081 0.972989
vt 0.832338 0.918581
vt 0.831181 0.919966
vt 0.827914 0.933936
vt 0.832338 0.931507
vt 0.833749 0.932644
vt 0.906512 0.933934
vt 0.849516 0.924097
vt 0.906512 0.924097
vt 0.906512 0.914261
vt 0.527213 0.998047
vt 0.470458 0.974942
vt 0.527213 0.974942
vt 0.840921 0.791728
vt 0.784304 0.781224
vt 0.841044 0.781935
vt 0.343336 0.974942
vt 0.400092 0.998047
vt 0.343336 0.998047
vt 0.841167 0.772144
vt 0.493858 0.693429
vt 0.491933 0.702486
vt 0.492490 0.691174
vt 0.489520 0.603884
vt 0.491445 0.612942
vt 0.489520 0.612942
vt 0.491929 0.651847
vt 0.493854 0.642789
vt 0.493298 0.654102
vt 0.489520 0.664189
vt 0.491445 0.673247
vt 0.489520 0.673247
vt 0.493858 0.711543
vt 0.493858 0.702486
vt 0.489520 0.622000
vt 0.490889 0.624255
vt 0.491929 0.633732
vt 0.491929 0.642789
vt 0.489520 0.682304
vt 0.490889 0.684559
vt 0.489520 0.749154
vt 0.492085 0.770389
vt 0.489520 0.770568
vt 0.494494 0.742511
vt 0.491929 0.721276
vt 0.494494 0.721096
vt 0.109318 0.496198
vt 0.111883 0.474963
vt 0.111883 0.496019
vt 0.102513 0.474783
vt 0.099948 0.496019
vt 0.099948 0.474963
vt 0.336530 0.967786
vt 0.279390 0.957988
vt 0.336530 0.957988
vt 0.279390 0.977584
vt 0.279390 0.967786
vt 0.970735 0.400476
vt 0.980533 0.343336
vt 0.980533 0.400476
vt 0.960937 0.343336
vt 0.970735 0.343336
vt 0.913318 0.942528
vt 0.936159 0.940677
vt 0.936159 0.942528
vt 0.913318 0.938892
vt 0.913318 0.940677
vt 0.913318 0.937102
vt 0.936159 0.938892
vt 0.913318 0.935306
vt 0.936159 0.937102
vt 0.913318 0.933505
vt 0.936159 0.935306
vt 0.913318 0.931697
vt 0.936159 0.933505
vt 0.913318 0.929885
vt 0.936159 0.931697
vt 0.936159 0.928168
vt 0.913318 0.928168
vt 0.936159 0.926258
vt 0.913318 0.924446
vt 0.913318 0.926258
vt 0.936159 0.922638
vt 0.913318 0.922638
vt 0.936159 0.920836
vt 0.913318 0.920836
vt 0.936159 0.919041
vt 0.913318 0.919041
vt 0.936159 0.917252
vt 0.913318 0.917252
vt 0.936159 0.915466
vt 0.913318 0.915466
vt 0.936159 0.913615
vt 0.913318 0.913615
vt 0.936159 0.911903
vt 0.913318 0.911903
vt 0.936159 0.910118
vt 0.913318 0.910118
vt 0.936159 0.908328
vt 0.913318 0.908328
vt 0.936159 0.906533
vt 0.913318 0.904731
vt 0.936159 0.904731
vt 0.936159 0.902923
vt 0.913318 0.902923
vt 0.936159 0.901111
vt 0.913318 0.899202
vt 0.913318 0.901111
vt 0.936159 0.897484
vt 0.936159 0.899202
vt 0.913318 0.897484
vt 0.936159 0.895672
vt 0.913318 0.893865
vt 0.913318 0.895672
vt 0.913318 0.892063
vt 0.936159 0.893865
vt 0.913318 0.890267
vt 0.936159 0.892063
vt 0.913318 0.888478
vt 0.936159 0.890267
vt 0.913318 0.886693
vt 0.936159 0.888478
vt 0.936159 0.884981
vt 0.936159 0.886693
vt 0.829791 0.923261
vt 0.829620 0.924973
vt 0.838822 0.914261
vt 0.835358 0.916600
vt 0.838822 0.915913
vt 0.837104 0.916080
vt 0.830321 0.921546
vt 0.833749 0.917444
vt 0.837104 0.934008
vt 0.838822 0.934174
vt 0.838822 0.935685
vt 0.830321 0.928542
vt 0.829791 0.926827
vt 0.835358 0.933488
vt 0.831181 0.930122
vt 0.840735 0.916080
vt 0.842481 0.916600
vt 0.847518 0.921546
vt 0.848219 0.924973
vt 0.848048 0.923261
vt 0.846658 0.919966
vt 0.848047 0.926827
vt 0.842481 0.933488
vt 0.840735 0.934008
vt 0.847518 0.928542
vt 0.844090 0.932644
vt 0.772595 0.790086
vt 0.772574 0.791728
vt 0.770889 0.789899
vt 0.769160 0.789360
vt 0.764215 0.784380
vt 0.763560 0.780964
vt 0.763709 0.782669
vt 0.765050 0.785962
vt 0.763754 0.779124
vt 0.772841 0.770431
vt 0.769370 0.772572
vt 0.772822 0.771933
vt 0.771112 0.772076
vt 0.764302 0.777426
vt 0.767760 0.773391
vt 0.774722 0.772122
vt 0.781397 0.777640
vt 0.782049 0.781196
vt 0.781902 0.779351
vt 0.776451 0.772660
vt 0.780561 0.776059
vt 0.781857 0.782897
vt 0.781310 0.784594
vt 0.776241 0.789449
vt 0.774499 0.789944
vt 0.777851 0.788629
vt 0.001953 0.001953
vt 0.001953 0.441745
vt 0.093143 0.496995
vt 0.065006 0.496998
vt 0.666213 0.996530
vt 0.307642 0.873562
vt 0.793336 0.997426
vt 0.722970 0.943156
vt 0.980533 0.279390
vt 0.572100 0.464721
vt 0.546933 0.894240
vt 0.406897 0.998047
vt 0.786531 0.974321
vt 0.911324 0.996273
vt 0.470458 0.998047
vt 0.400092 0.974942
vt 0.490889 0.601629
vt 0.490889 0.661935
vt 0.492490 0.713797
vt 0.493298 0.631477
vt 0.492085 0.749333
vt 0.491929 0.742332
vt 0.109318 0.474784
vt 0.102513 0.496199
vt 0.336530 0.977584
vt 0.960937 0.400476
vt 0.936159 0.929885
vt 0.936159 0.924446
vt 0.913318 0.906533
vt 0.913318 0.884981
s 1
usemtl cart
f 100/97/13 98/98/14 97/99/13
f 99/100/14 101/101/15 98/98/14
f 102/102/15 103/103/16 101/101/15
f 104/104/16 105/105/17 103/103/16
f 106/106/17 107/107/18 105/105/17
f 108/108/18 109/109/19 107/107/18
f 110/110/19 111/111/20 109/109/19
f 112/112/20 113/113/21 111/111/20
f 114/114/21 115/115/22 113/113/21
f 116/116/22 117/117/23 115/115/22
f 118/118/23 119/119/24 117/117/23
f 120/120/24 121/121/25 119/119/24
f 122/122/25 123/123/26 121/121/25
f 124/124/26 125/125/27 123/123/26
f 126/126/27 127/127/28 125/125/27
f 128/128/28 129/129/29 127/127/28
f 130/130/29 131/131/30 129/132/29
f 132/133/30 133/134/31 131/131/30
f 134/135/31 135/136/32 133/134/31
f 136/137/32 137/138/33 135/136/32
f 138/139/33 139/140/34 137/138/33
f 140/141/34 141/142/35 139/140/34
f 142/143/35 143/144/36 141/142/35
f 143/144/36 146/145/37 145/146/37
f 145/146/37 148/147/38 147/148/38
f 148/147/38 149/149/39 147/148/38
f 150/150/39 151/151/40 149/149/39
f 152/152/40 153/153/41 151/151/40
f 154/154/41 155/155/42 153/153/41
f 156/156/42 157/157/43 155/155/42
f 94/158/27 183/159/28 184/160/28
f 158/161/43 159/162/44 157/157/43
f 160/163/44 97/99/13 159/162/44
f 191/164/45 36/165/46 34/166/47
f 161/167/48 98/168/49 162/169/49
f 163/170/50 100/171/51 164/172/51
f 162/169/49 101/173/52 37/174/52
f 38/175/53 99/176/50 163/170/50
f 37/174/52 103/177/54 39/178/54
f 38/175/53 104/179/55 102/180/53
f 39/178/54 105/181/56 41/182/56
f 42/183/57 104/179/55 40/184/55
f 43/185/58 105/181/56 107/186/58
f 44/187/59 106/188/57 42/183/57
f 43/185/58 109/189/60 45/190/60
f 46/191/61 108/192/59 44/187/59
f 45/190/60 111/193/62 165/194/62
f 46/191/61 112/195/63 110/196/61
f 165/194/62 113/197/64 166/198/64
f 168/199/63 114/200/65 112/195/63
f 166/198/64 115/201/66 169/202/66
f 167/203/65 116/204/67 114/200/65
f 169/202/66 117/205/68 53/206/68
f 54/207/69 116/204/67 170/208/67
f 55/209/70 117/205/68 119/210/70
f 56/211/71 118/212/69 54/207/69
f 55/209/70 121/213/72 57/214/72
f 56/211/71 122/215/73 120/216/71
f 57/214/72 123/217/74 59/218/74
f 60/219/75 122/215/73 58/220/73
f 61/221/76 123/217/74 125/222/76
f 62/223/77 124/224/75 60/219/75
f 61/221/76 127/225/78 171/226/78
f 174/227/79 126/228/77 62/223/77
f 171/226/78 129/229/80 172/230/80
f 174/227/79 130/231/81 128/232/79
f 175/233/82 129/234/80 131/235/82
f 176/236/83 130/237/81 173/238/81
f 69/239/84 131/235/82 133/240/84
f 70/241/85 132/242/83 176/236/83
f 69/239/84 135/243/86 71/244/86
f 70/241/85 136/245/87 134/246/85
f 73/247/88 135/243/86 137/248/88
f 74/249/89 136/245/87 72/250/87
f 75/251/90 137/248/88 139/252/90
f 76/253/91 138/254/89 74/249/89
f 75/251/90 141/255/92 77/256/92
f 78/257/93 140/258/91 76/253/91
f 77/256/92 143/259/94 177/260/94
f 180/261/95 142/262/93 78/257/93
f 178/263/96 143/259/94 145/264/96
f 179/265/97 144/266/95 180/261/95
f 178/263/96 147/267/98 181/268/98
f 182/269/99 146/270/97 179/265/97
f 181/268/98 149/271/100 85/272/100
f 86/273/101 148/274/99 182/269/99
f 87/275/102 149/271/100 151/276/102
f 86/273/101 152/277/103 150/278/101
f 89/279/104 151/276/102 153/280/104
f 90/281/105 152/277/103 88/282/103
f 91/283/106 153/280/104 155/284/106
f 90/281/105 156/285/107 154/286/105
f 93/287/108 155/284/106 157/288/108
f 94/289/109 156/285/107 92/290/107
f 93/287/108 159/291/110 183/292/110
f 184/293/111 158/294/109 94/289/109
f 183/292/110 97/295/48 161/167/48
f 184/293/111 100/171/51 160/296/111
f 92/297/26 93/298/27 94/158/27
f 90/299/25 91/300/26 92/297/26
f 88/301/24 89/302/25 90/299/25
f 86/303/23 87/304/24 88/301/24
f 182/305/22 85/306/23 86/303/23
f 189/307/112 84/308/112 190/309/112
f 186/310/113 84/311/114 82/312/115
f 78/313/19 177/314/20 180/315/20
f 76/316/18 77/317/19 78/313/19
f 74/318/17 75/319/18 76/316/18
f 72/320/16 73/321/17 74/318/17
f 70/322/15 71/323/16 72/320/16
f 176/324/14 69/325/15 70/322/15
f 191/164/45 96/326/116 210/327/117
f 210/328/118 95/329/118 209/330/118
f 62/331/43 171/332/44 174/333/44
f 60/334/42 61/335/43 62/331/43
f 58/336/41 59/337/42 60/334/42
f 56/338/40 57/339/41 58/336/41
f 54/340/39 55/341/40 56/338/40
f 54/340/39 169/342/38 53/343/39
f 200/344/119 52/345/119 199/346/119
f 187/347/120 52/348/121 50/349/122
f 168/350/36 45/351/35 165/352/36
f 44/353/34 45/351/35 46/354/35
f 42/355/33 43/356/34 44/353/34
f 42/355/33 39/357/32 41/358/33
f 38/359/31 39/357/32 40/360/32
f 163/361/30 37/362/31 38/359/31
f 194/363/123 95/364/124 33/365/125
f 35/366/126 161/367/29 162/368/30
f 36/369/126 164/370/29 34/371/29
f 47/372/127 166/373/37 49/374/37
f 48/375/127 167/376/37 168/350/36
f 51/377/128 166/373/37 169/342/38
f 52/378/128 167/376/37 50/379/37
f 63/380/129 172/381/13 65/382/13
f 64/383/129 173/384/13 174/333/44
f 67/385/130 172/386/13 175/387/14
f 68/388/130 173/389/13 66/390/13
f 79/391/131 178/392/21 81/393/21
f 80/394/131 179/395/21 180/315/20
f 83/396/132 178/392/21 181/397/22
f 84/398/132 179/395/21 82/399/21
f 95/400/133 161/367/29 33/401/29
f 96/402/133 164/370/29 184/160/28
f 96/402/133 183/159/28 95/400/133
f 83/396/132 182/305/22 84/398/132
f 80/394/131 177/314/20 79/391/131
f 67/385/130 176/324/14 68/388/130
f 64/383/129 171/332/44 63/380/129
f 51/377/128 170/403/38 52/378/128
f 48/375/127 165/352/36 47/372/127
f 35/366/126 163/361/30 36/369/126
f 212/404/134 36/405/134 211/406/134
f 194/363/123 35/407/135 212/408/136
f 207/409/137 218/410/138 217/411/138
f 187/347/120 48/412/139 192/413/140
f 201/414/141 228/415/138 225/416/138
f 186/310/113 80/417/142 197/418/143
f 203/419/144 236/420/145 237/421/145
f 205/422/146 245/423/145 240/424/145
f 212/408/136 254/425/147 249/426/147
f 192/427/148 47/428/148 193/429/148
f 209/430/149 256/431/147 258/432/147
f 197/433/150 79/434/150 196/435/150
f 210/327/117 267/436/151 269/437/151
f 211/438/152 270/439/151 273/440/151
f 64/441/153 198/442/154 66/443/155
f 68/444/156 198/442/154 203/419/144
f 68/445/157 201/446/157 67/447/157
f 67/448/158 195/449/159 65/450/160
f 63/451/161 205/452/161 64/453/161
f 63/454/162 195/449/159 207/409/137
f 196/455/163 202/456/164 201/457/165
f 197/458/166 204/459/167 186/460/167
f 199/461/168 206/462/169 205/463/170
f 200/464/171 208/465/172 188/466/172
f 189/467/173 202/456/164 185/468/164
f 190/469/174 204/459/167 210/470/175
f 192/471/176 206/462/169 187/472/169
f 193/473/177 208/465/172 212/474/178
f 193/475/179 211/476/179 192/477/179
f 190/478/180 209/479/180 189/480/180
f 197/481/181 201/482/181 203/483/181
f 200/484/182 205/485/182 207/486/182
f 185/487/183 83/488/184 189/489/185
f 185/487/183 79/490/186 81/491/187
f 188/492/188 51/493/189 200/494/190
f 188/492/188 47/495/191 49/496/192
f 247/497/193 274/498/194 264/499/193
f 250/500/195 274/498/194 248/501/194
f 249/502/196 276/503/195 250/500/195
f 254/504/197 275/505/196 249/502/196
f 251/506/198 270/507/197 254/504/197
f 253/508/199 273/509/198 251/506/198
f 252/510/200 271/511/199 253/508/199
f 246/512/201 252/510/200 219/513/201
f 219/513/201 244/514/202 246/512/201
f 221/515/203 244/514/202 220/516/202
f 243/517/204 221/515/203 217/518/204
f 245/519/205 217/518/204 218/520/205
f 218/520/205 240/521/206 245/519/205
f 216/522/206 241/523/207 240/521/206
f 215/524/207 239/525/208 241/523/207
f 213/526/208 233/527/209 239/525/208
f 214/528/209 232/529/210 233/527/209
f 226/530/210 230/531/211 232/529/210
f 227/532/211 231/533/212 230/531/211
f 225/534/212 236/535/213 231/533/212
f 236/535/213 223/536/214 237/537/214
f 223/536/214 238/538/215 237/537/214
f 224/539/215 235/540/216 238/538/215
f 229/541/217 235/540/216 222/542/216
f 229/541/217 262/543/218 234/544/217
f 255/545/218 265/546/219 262/543/218
f 258/547/220 265/546/219 257/548/219
f 256/549/221 266/550/220 258/547/220
f 259/551/222 267/552/221 256/549/221
f 260/553/223 269/554/222 259/551/222
f 261/555/224 268/556/223 260/553/223
f 261/555/224 264/557/193 263/558/224
f 263/559/151 264/560/151 191/164/45
f 210/327/117 204/561/225 265/562/151
f 204/561/225 234/563/226 262/564/151
f 204/561/225 262/564/151 265/562/151
f 263/559/151 191/164/45 268/565/151
f 191/164/45 210/327/117 268/565/151
f 210/327/117 265/562/151 266/566/151
f 269/437/151 268/565/151 210/327/117
f 210/327/117 266/566/151 267/436/151
f 272/567/151 246/568/226 206/569/225
f 211/438/152 191/164/45 276/570/151
f 191/164/45 264/560/151 274/571/151
f 191/164/45 274/571/151 276/570/151
f 272/567/151 206/569/225 271/572/151
f 206/569/225 211/438/152 271/572/151
f 211/438/152 276/570/151 275/573/151
f 273/440/151 271/572/151 211/438/152
f 211/438/152 275/573/151 270/439/151
f 234/563/226 204/561/225 235/574/145
f 204/561/225 203/419/144 238/575/145
f 235/574/145 204/561/225 238/575/145
f 203/419/144 198/442/154 230/576/145
f 198/442/154 233/577/145 232/578/145
f 198/442/154 232/578/145 230/576/145
f 203/419/144 230/576/145 231/579/145
f 237/421/145 238/575/145 203/419/144
f 203/419/144 231/579/145 236/420/145
f 239/580/145 233/577/145 198/442/154
f 205/422/146 206/569/225 242/581/145
f 206/569/225 246/568/226 244/582/145
f 206/569/225 244/582/145 242/581/145
f 239/580/145 198/442/154 241/583/145
f 198/442/154 205/422/146 241/583/145
f 205/422/146 242/581/145 243/584/145
f 240/424/145 241/583/145 205/422/146
f 205/422/146 243/584/145 245/423/145
f 229/585/227 202/586/228 255/587/147
f 202/586/228 209/430/149 257/588/147
f 255/587/147 202/586/228 257/588/147
f 209/430/149 194/363/123 260/589/147
f 194/363/123 247/590/147 261/591/147
f 194/363/123 261/591/147 260/589/147
f 209/430/149 260/589/147 259/592/147
f 258/432/147 257/588/147 209/430/149
f 209/430/149 259/592/147 256/431/147
f 248/593/147 247/590/147 194/363/123
f 212/408/136 208/594/228 253/595/147
f 208/594/228 219/596/227 252/597/147
f 208/594/228 252/597/147 253/595/147
f 248/593/147 194/363/123 250/598/147
f 194/363/123 212/408/136 250/598/147
f 212/408/136 253/595/147 251/599/147
f 249/426/147 250/598/147 212/408/136
f 212/408/136 251/599/147 254/425/147
f 220/600/138 219/596/227 208/594/228
f 207/409/137 195/449/159 215/601/138
f 195/449/159 214/602/138 213/603/138
f 195/449/159 213/603/138 215/601/138
f 220/600/138 208/594/228 221/604/138
f 208/594/228 207/409/137 221/604/138
f 207/409/137 215/601/138 216/605/138
f 217/411/138 221/604/138 207/409/137
f 207/409/137 216/605/138 218/410/138
f 214/602/138 195/449/159 226/606/138
f 195/449/159 201/414/141 227/607/138
f 226/606/138 195/449/159 227/607/138
f 201/414/141 202/586/228 224/608/138
f 202/586/228 229/585/227 222/609/138
f 202/586/228 222/609/138 224/608/138
f 201/414/141 224/608/138 223/610/138
f 225/416/138 227/607/138 201/414/141
f 201/414/141 223/610/138 228/415/138
f 100/97/13 99/100/14 98/98/14
f 99/100/14 102/102/15 101/101/15
f 102/102/15 104/104/16 103/103/16
f 104/104/16 106/106/17 105/105/17
f 106/106/17 108/108/18 107/107/18
f 108/108/18 110/110/19 109/109/19
f 110/110/19 112/112/20 111/111/20
f 112/112/20 114/114/21 113/113/21
f 114/114/21 116/116/22 115/115/22
f 116/116/22 118/118/23 117/117/23
f 118/118/23 120/120/24 119/119/24
f 120/120/24 122/122/25 121/121/25
f 122/122/25 124/124/26 123/123/26
f 124/124/26 126/126/27 125/125/27
f 126/126/27 128/128/28 127/127/28
f 128/128/28 130/611/29 129/129/29
f 130/130/29 132/133/30 131/131/30
f 132/133/30 134/135/31 133/134/31
f 134/135/31 136/137/32 135/136/32
f 136/137/32 138/139/33 137/138/33
f 138/139/33 140/141/34 139/140/34
f 140/141/34 142/143/35 141/142/35
f 142/143/35 144/612/36 143/144/36
f 143/144/36 144/612/36 146/145/37
f 145/146/37 146/145/37 148/147/38
f 148/147/38 150/150/39 149/149/39
f 150/150/39 152/152/40 151/151/40
f 152/152/40 154/154/41 153/153/41
f 154/154/41 156/156/42 155/155/42
f 156/156/42 158/161/43 157/157/43
f 94/158/27 93/298/27 183/159/28
f 158/161/43 160/163/44 159/162/44
f 160/163/44 100/97/13 97/99/13
f 191/164/45 211/438/152 36/165/46
f 161/167/48 97/295/48 98/168/49
f 163/170/50 99/176/50 100/171/51
f 162/169/49 98/168/49 101/173/52
f 38/175/53 102/180/53 99/176/50
f 37/174/52 101/173/52 103/177/54
f 38/175/53 40/184/55 104/179/55
f 39/178/54 103/177/54 105/181/56
f 42/183/57 106/188/57 104/179/55
f 43/185/58 41/182/56 105/181/56
f 44/187/59 108/192/59 106/188/57
f 43/185/58 107/186/58 109/189/60
f 46/191/61 110/196/61 108/192/59
f 45/190/60 109/189/60 111/193/62
f 46/191/61 168/199/63 112/195/63
f 165/194/62 111/193/62 113/197/64
f 168/199/63 167/203/65 114/200/65
f 166/198/64 113/197/64 115/201/66
f 167/203/65 170/208/67 116/204/67
f 169/202/66 115/201/66 117/205/68
f 54/207/69 118/212/69 116/204/67
f 55/209/70 53/206/68 117/205/68
f 56/211/71 120/216/71 118/212/69
f 55/209/70 119/210/70 121/213/72
f 56/211/71 58/220/73 122/215/73
f 57/214/72 121/213/72 123/217/74
f 60/219/75 124/224/75 122/215/73
f 61/221/76 59/218/74 123/217/74
f 62/223/77 126/228/77 124/224/75
f 61/221/76 125/222/76 127/225/78
f 174/227/79 128/232/79 126/228/77
f 171/226/78 127/225/78 129/229/80
f 174/227/79 173/613/81 130/231/81
f 175/233/82 172/614/80 129/234/80
f 176/236/83 132/242/83 130/237/81
f 69/239/84 175/233/82 131/235/82
f 70/241/85 134/246/85 132/242/83
f 69/239/84 133/240/84 135/243/86
f 70/241/85 72/250/87 136/245/87
f 73/247/88 71/244/86 135/243/86
f 74/249/89 138/254/89 136/245/87
f 75/251/90 73/247/88 137/248/88
f 76/253/91 140/258/91 138/254/89
f 75/251/90 139/252/90 141/255/92
f 78/257/93 142/262/93 140/258/91
f 77/256/92 141/255/92 143/259/94
f 180/261/95 144/266/95 142/262/93
f 178/263/96 177/260/94 143/259/94
f 179/265/97 146/270/97 144/266/95
f 178/263/96 145/264/96 147/267/98
f 182/269/99 148/274/99 146/270/97
f 181/268/98 147/267/98 149/271/100
f 86/273/101 150/278/101 148/274/99
f 87/275/102 85/272/100 149/271/100
f 86/273/101 88/282/103 152/277/103
f 89/279/104 87/275/102 151/276/102
f 90/281/105 154/286/105 152/277/103
f 91/283/106 89/279/104 153/280/104
f 90/281/105 92/290/107 156/285/107
f 93/287/108 91/283/106 155/284/106
f 94/289/109 158/294/109 156/285/107
f 93/287/108 157/288/108 159/291/110
f 184/293/111 160/296/111 158/294/109
f 183/292/110 159/291/110 97/295/48
f 184/293/111 164/172/51 100/171/51
f 92/297/26 91/300/26 93/298/27
f 90/299/25 89/302/25 91/300/26
f 88/301/24 87/304/24 89/302/25
f 86/303/23 85/306/23 87/304/24
f 182/305/22 181/397/22 85/306/23
f 189/307/112 83/615/112 84/308/112
f 186/310/113 190/616/229 84/311/114
f 78/313/19 77/317/19 177/314/20
f 76/316/18 75/319/18 77/317/19
f 74/318/17 73/321/17 75/319/18
f 72/320/16 71/323/16 73/321/17
f 70/322/15 69/325/15 71/323/16
f 176/324/14 175/387/14 69/325/15
f 191/164/45 34/166/47 96/326/116
f 210/328/118 96/617/118 95/329/118
f 62/331/43 61/335/43 171/332/44
f 60/334/42 59/337/42 61/335/43
f 58/336/41 57/339/41 59/337/42
f 56/338/40 55/341/40 57/339/41
f 54/340/39 53/343/39 55/341/40
f 54/340/39 170/403/38 169/342/38
f 200/344/119 51/618/119 52/345/119
f 187/347/120 199/619/230 52/348/121
f 168/350/36 46/354/35 45/351/35
f 44/353/34 43/356/34 45/351/35
f 42/355/33 41/358/33 43/356/34
f 42/355/33 40/360/32 39/357/32
f 38/359/31 37/362/31 39/357/32
f 163/361/30 162/368/30 37/362/31
f 194/363/123 209/430/149 95/364/124
f 35/366/126 33/401/29 161/367/29
f 36/369/126 163/361/30 164/370/29
f 47/372/127 165/352/36 166/373/37
f 48/375/127 50/379/37 167/376/37
f 51/377/128 49/374/37 166/373/37
f 52/378/128 170/403/38 167/376/37
f 63/380/129 171/332/44 172/381/13
f 64/383/129 66/620/13 173/384/13
f 67/385/130 65/621/13 172/386/13
f 68/388/130 176/324/14 173/389/13
f 79/391/131 177/314/20 178/392/21
f 80/394/131 82/399/21 179/395/21
f 83/396/132 81/393/21 178/392/21
f 84/398/132 182/305/22 179/395/21
f 95/400/133 183/159/28 161/367/29
f 96/402/133 34/371/29 164/370/29
f 96/402/133 184/160/28 183/159/28
f 83/396/132 181/397/22 182/305/22
f 80/394/131 180/315/20 177/314/20
f 67/385/130 175/387/14 176/324/14
f 64/383/129 174/333/44 171/332/44
f 51/377/128 169/342/38 170/403/38
f 48/375/127 168/350/36 165/352/36
f 35/366/126 162/368/30 163/361/30
f 212/404/134 35/622/134 36/405/134
f 194/363/123 33/365/125 35/407/135
f 187/347/120 50/349/122 48/412/139
f 186/310/113 82/312/115 80/417/142
f 192/427/148 48/623/148 47/428/148
f 197/433/150 80/624/150 79/434/150
f 64/441/153 205/422/146 198/442/154
f 68/444/156 66/443/155 198/442/154
f 68/445/157 203/625/157 201/446/157
f 67/448/158 201/414/141 195/449/159
f 63/451/161 207/626/161 205/452/161
f 63/454/162 65/450/160 195/449/159
f 196/455/163 185/468/164 202/456/164
f 197/458/166 203/627/231 204/459/167
f 199/461/168 187/472/169 206/462/169
f 200/464/171 207/628/232 208/465/172
f 189/467/173 209/629/233 202/456/164
f 190/469/174 186/460/167 204/459/167
f 192/471/176 211/630/234 206/462/169
f 193/473/177 188/466/172 208/465/172
f 193/475/179 212/631/179 211/476/179
f 190/478/180 210/632/180 209/479/180
f 197/481/181 196/633/181 201/482/181
f 200/484/182 199/634/182 205/485/182
f 185/487/183 81/491/187 83/488/184
f 185/487/183 196/635/235 79/490/186
f 188/492/188 49/496/192 51/493/189
f 188/492/188 193/636/236 47/495/191
f 247/497/193 248/501/194 274/498/194
f 250/500/195 276/503/195 274/498/194
f 249/502/196 275/505/196 276/503/195
f 254/504/197 270/507/197 275/505/196
f 251/506/198 273/509/198 270/507/197
f 253/508/199 271/511/199 273/509/198
f 252/510/200 272/637/200 271/511/199
f 246/512/201 272/637/200 252/510/200
f 219/513/201 220/516/202 244/514/202
f 221/515/203 242/638/203 244/514/202
f 243/517/204 242/638/203 221/515/203
f 245/519/205 243/517/204 217/518/204
f 218/520/205 216/522/206 240/521/206
f 216/522/206 215/524/207 241/523/207
f 215/524/207 213/526/208 239/525/208
f 213/526/208 214/528/209 233/527/209
f 214/528/209 226/530/210 232/529/210
f 226/530/210 227/532/211 230/531/211
f 227/532/211 225/534/212 231/533/212
f 225/534/212 228/639/213 236/535/213
f 236/535/213 228/639/213 223/536/214
f 223/536/214 224/539/215 238/538/215
f 224/539/215 222/542/216 235/540/216
f 229/541/217 234/544/217 235/540/216
f 229/541/217 255/545/218 262/543/218
f 255/545/218 257/548/219 265/546/219
f 258/547/220 266/550/220 265/546/219
f 256/549/221 267/552/221 266/550/220
f 259/551/222 269/554/222 267/552/221
f 260/553/223 268/556/223 269/554/222
f 261/555/224 263/558/224 268/556/223
f 261/555/224 247/640/193 264/557/193
f 344/97/13 341/99/13 342/98/14
f 343/100/14 342/98/14 345/101/15
f 346/102/15 345/101/15 347/103/16
f 348/104/16 347/103/16 349/105/17
f 350/106/17 349/105/17 351/107/18
f 352/108/18 351/107/18 353/109/19
f 354/110/19 353/109/19 355/111/20
f 356/112/20 355/111/20 357/113/21
f 358/114/21 357/113/21 359/115/22
f 360/116/22 359/115/22 361/117/23
f 362/118/23 361/117/23 363/119/24
f 364/120/24 363/119/24 365/121/25
f 366/122/25 365/121/25 367/123/26
f 368/124/26 367/123/26 369/125/27
f 370/126/27 369/125/27 371/127/28
f 372/128/28 371/127/28 373/129/29
f 374/130/29 373/132/29 375/131/30
f 376/133/30 375/131/30 377/134/31
f 378/135/31 377/134/31 379/136/32
f 380/137/32 379/136/32 381/138/33
f 382/139/33 381/138/33 383/140/34
f 384/141/34 383/140/34 385/142/35
f 386/143/35 385/142/35 387/144/36
f 387/144/36 389/146/37 390/145/37
f 389/146/37 391/148/38 392/147/38
f 392/147/38 391/148/38 393/149/39
f 394/150/39 393/149/39 395/151/40
f 396/152/40 395/151/40 397/153/41
f 398/154/41 397/153/41 399/155/42
f 400/156/42 399/155/42 401/157/43
f 338/158/27 428/160/28 427/159/28
f 402/161/43 401/157/43 403/162/44
f 404/163/44 403/162/44 341/99/13
f 435/164/237 278/166/125 280/165/238
f 405/167/51 406/169/50 342/168/50
f 407/170/49 408/172/48 344/171/48
f 406/169/50 281/174/53 345/173/53
f 282/175/52 407/170/49 343/176/49
f 281/174/53 283/178/55 347/177/55
f 282/175/52 346/180/52 348/179/54
f 283/178/55 285/182/57 349/181/57
f 286/183/56 284/184/54 348/179/54
f 287/185/59 351/186/59 349/181/57
f 288/187/58 286/183/56 350/188/56
f 287/185/59 289/190/61 353/189/61
f 290/191/60 288/187/58 352/192/58
f 289/190/61 409/194/63 355/193/63
f 290/191/60 354/196/60 356/195/62
f 409/194/63 410/198/65 357/197/65
f 412/199/62 356/195/62 358/200/64
f 410/198/65 413/202/67 359/201/67
f 411/203/64 358/200/64 360/204/66
f 413/202/67 297/206/69 361/205/69
f 298/207/68 414/208/66 360/204/66
f 299/209/71 363/210/71 361/205/69
f 300/211/70 298/207/68 362/212/68
f 299/209/71 301/214/73 365/213/73
f 300/211/70 364/216/70 366/215/72
f 301/214/73 303/218/75 367/217/75
f 304/219/74 302/220/72 366/215/72
f 305/221/77 369/222/77 367/217/75
f 306/223/76 304/219/74 368/224/74
f 305/221/77 415/226/79 371/225/79
f 418/227/78 306/223/76 370/228/76
f 415/226/79 416/230/81 373/229/81
f 418/227/78 372/232/78 374/231/80
f 419/233/83 375/235/83 373/234/81
f 420/236/82 417/238/80 374/237/80
f 313/239/85 377/240/85 375/235/83
f 314/241/84 420/236/82 376/242/82
f 313/239/85 315/244/87 379/243/87
f 314/241/84 378/246/84 380/245/86
f 317/247/89 381/248/89 379/243/87
f 318/249/88 316/250/86 380/245/86
f 319/251/91 383/252/91 381/248/89
f 320/253/90 318/249/88 382/254/88
f 319/251/91 321/256/93 385/255/93
f 322/257/92 320/253/90 384/258/90
f 321/256/93 421/260/95 387/259/95
f 424/261/94 322/257/92 386/262/92
f 422/263/97 389/264/97 387/259/95
f 423/265/96 424/261/94 388/266/94
f 422/263/97 425/268/99 391/267/99
f 426/269/98 423/265/96 390/270/96
f 425/268/99 329/272/101 393/271/101
f 330/273/100 426/269/98 392/274/98
f 331/275/103 395/276/103 393/271/101
f 330/273/100 394/278/100 396/277/102
f 333/279/105 397/280/105 395/276/103
f 334/281/104 332/282/102 396/277/102
f 335/283/107 399/284/107 397/280/105
f 334/281/104 398/286/104 400/285/106
f 337/287/109 401/288/109 399/284/107
f 338/289/108 336/290/106 400/285/106
f 337/287/109 427/292/111 403/291/111
f 428/293/110 338/289/108 402/294/108
f 427/292/111 405/167/51 341/295/51
f 428/293/110 404/296/110 344/171/48
f 336/297/26 338/158/27 337/298/27
f 334/299/25 336/297/26 335/300/26
f 332/301/24 334/299/25 333/302/25
f 330/303/23 332/301/24 331/304/24
f 426/305/22 330/303/23 329/306/23
f 433/307/112 434/309/112 328/308/112
f 430/310/239 326/312/187 328/311/184
f 322/313/19 424/315/20 421/314/20
f 320/316/18 322/313/19 321/317/19
f 318/318/17 320/316/18 319/319/18
f 316/320/16 318/318/17 317/321/17
f 314/322/15 316/320/16 315/323/16
f 420/324/14 314/322/15 313/325/15
f 435/164/237 454/327/149 340/326/240
f 454/328/118 453/330/118 339/329/118
f 306/331/43 418/333/44 415/332/44
f 304/334/42 306/331/43 305/335/43
f 302/336/41 304/334/42 303/337/42
f 300/338/40 302/336/41 301/339/41
f 298/340/39 300/338/40 299/341/40
f 298/340/39 297/343/39 413/342/38
f 444/344/119 443/346/119 296/345/119
f 431/347/188 294/349/241 296/348/189
f 412/350/36 409/352/36 289/351/35
f 288/353/34 290/354/35 289/351/35
f 286/355/33 288/353/34 287/356/34
f 286/355/33 285/358/33 283/357/32
f 282/359/31 284/360/32 283/357/32
f 407/361/30 282/359/31 281/362/31
f 438/363/242 277/365/47 339/364/243
f 279/366/126 406/368/30 405/367/29
f 280/369/126 278/371/29 408/370/29
f 291/372/127 293/374/37 410/373/37
f 292/375/127 412/350/36 411/376/37
f 295/377/128 413/342/38 410/373/37
f 296/378/128 294/379/37 411/376/37
f 307/380/129 309/382/13 416/381/13
f 308/383/129 418/333/44 417/384/13
f 311/385/130 419/387/14 416/386/13
f 312/388/130 310/390/13 417/389/13
f 323/391/131 325/393/21 422/392/21
f 324/394/131 424/315/20 423/395/21
f 327/396/132 425/397/22 422/392/21
f 328/398/132 326/399/21 423/395/21
f 339/400/133 277/401/29 405/367/29
f 340/402/133 428/160/28 408/370/29
f 340/402/133 339/400/133 427/159/28
f 327/396/132 328/398/132 426/305/22
f 324/394/131 323/391/131 421/314/20
f 311/385/130 312/388/130 420/324/14
f 308/383/129 307/380/129 415/332/44
f 295/377/128 296/378/128 414/403/38
f 292/375/127 291/372/127 409/352/36
f 279/366/126 280/369/126 407/361/30
f 456/404/134 455/406/134 280/405/134
f 438/363/242 456/408/244 279/407/245
f 451/409/146 461/411/145 462/410/145
f 431/347/188 436/413/236 292/412/191
f 445/414/144 469/416/145 472/415/145
f 430/310/239 441/418/246 324/417/247
f 447/419/141 481/421/138 480/420/138
f 449/422/137 484/424/138 489/423/138
f 456/408/244 493/426/151 498/425/151
f 436/427/148 437/429/148 291/428/148
f 453/430/248 502/432/151 500/431/151
f 441/433/150 440/435/150 323/434/150
f 454/327/149 513/437/147 511/436/147
f 455/438/249 517/440/147 514/439/147
f 308/441/250 310/443/160 442/442/159
f 312/444/251 447/419/141 442/442/159
f 312/445/157 311/447/157 445/446/157
f 311/448/252 309/450/155 439/449/154
f 307/451/161 308/453/161 449/452/161
f 307/454/253 451/409/146 439/449/154
f 440/455/231 445/457/231 446/456/167
f 441/458/254 430/460/164 448/459/164
f 443/461/232 449/463/232 450/462/172
f 444/464/255 432/466/169 452/465/169
f 433/467/256 429/468/167 446/456/167
f 434/469/233 454/470/233 448/459/164
f 436/471/257 431/472/172 450/462/172
f 437/473/234 456/474/234 452/465/169
f 437/475/179 436/477/258 455/476/258
f 434/478/180 433/480/180 453/479/180
f 441/481/181 447/483/259 445/482/181
f 444/484/182 451/486/182 449/485/260
f 429/487/261 433/489/229 327/488/262
f 429/487/261 325/491/115 323/490/263
f 432/492/120 444/494/264 295/493/121
f 432/492/120 293/496/265 291/495/266
f 491/497/193 508/499/193 518/498/194
f 494/500/195 492/501/194 518/498/194
f 493/502/196 494/500/195 520/503/195
f 498/504/197 493/502/196 519/505/196
f 495/506/198 498/504/197 514/507/197
f 497/508/199 495/506/198 517/509/198
f 496/510/200 497/508/199 515/511/199
f 490/512/201 463/513/201 496/510/200
f 463/513/201 490/512/201 488/514/202
f 465/515/203 464/516/202 488/514/202
f 487/517/204 461/518/204 465/515/203
f 489/519/205 462/520/205 461/518/204
f 462/520/205 489/519/205 484/521/206
f 460/522/206 484/521/206 485/523/207
f 459/524/207 485/523/207 483/525/208
f 457/526/208 483/525/208 477/527/209
f 458/528/209 477/527/209 476/529/210
f 470/530/210 476/529/210 474/531/211
f 471/532/211 474/531/211 475/533/212
f 469/534/212 475/533/212 480/535/213
f 480/535/213 481/537/214 467/536/214
f 467/536/214 481/537/214 482/538/215
f 468/539/215 482/538/215 479/540/216
f 473/541/217 466/542/216 479/540/216
f 473/541/217 478/544/217 506/543/218
f 499/545/218 506/543/218 509/546/219
f 502/547/220 501/548/219 509/546/219
f 500/549/221 502/547/220 510/550/220
f 503/551/222 500/549/221 511/552/221
f 504/553/223 503/551/222 513/554/222
f 505/555/224 504/553/223 512/556/223
f 505/555/224 507/558/224 508/557/193
f 507/559/147 435/164/237 508/560/147
f 454/327/149 509/562/147 448/561/228
f 448/561/228 506/564/147 478/563/227
f 448/561/228 509/562/147 506/564/147
f 507/559/147 512/565/147 435/164/237
f 435/164/237 512/565/147 454/327/149
f 454/327/149 510/566/147 509/562/147
f 513/437/147 454/327/149 512/565/147
f 454/327/149 511/436/147 510/566/147
f 516/567/147 450/569/228 490/568/227
f 455/438/249 520/570/147 435/164/237
f 435/164/237 518/571/267 508/560/147
f 435/164/237 520/570/147 518/571/267
f 516/567/147 515/572/147 450/569/228
f 450/569/228 515/572/147 455/438/249
f 455/438/249 519/573/147 520/570/147
f 517/440/147 455/438/249 515/572/147
f 455/438/249 514/439/147 519/573/147
f 478/563/227 479/574/138 448/561/228
f 448/561/228 482/575/138 447/419/141
f 479/574/138 482/575/138 448/561/228
f 447/419/141 474/576/138 442/442/159
f 442/442/159 476/578/268 477/577/138
f 442/442/159 474/576/138 476/578/268
f 447/419/141 475/579/138 474/576/138
f 481/421/138 447/419/141 482/575/138
f 447/419/141 480/420/138 475/579/138
f 483/580/268 442/442/159 477/577/138
f 449/422/137 486/581/138 450/569/228
f 450/569/228 488/582/138 490/568/227
f 450/569/228 486/581/138 488/582/138
f 483/580/268 485/583/138 442/442/159
f 442/442/159 485/583/138 449/422/137
f 449/422/137 487/584/138 486/581/138
f 484/424/138 449/422/137 485/583/138
f 449/422/137 489/423/138 487/584/138
f 473/585/226 499/587/151 446/586/225
f 446/586/225 501/588/151 453/430/248
f 499/587/151 501/588/151 446/586/225
f 453/430/248 504/589/151 438/363/242
f 438/363/242 505/591/151 491/590/151
f 438/363/242 504/589/151 505/591/151
f 453/430/248 503/592/151 504/589/151
f 502/432/151 453/430/248 501/588/151
f 453/430/248 500/431/151 503/592/151
f 492/593/151 438/363/242 491/590/151
f 456/408/244 497/595/151 452/594/225
f 452/594/225 496/597/151 463/596/226
f 452/594/225 497/595/151 496/597/151
f 492/593/151 494/598/151 438/363/242
f 438/363/242 494/598/151 456/408/244
f 456/408/244 495/599/151 497/595/151
f 493/426/151 456/408/244 494/598/151
f 456/408/244 498/425/151 495/599/151
f 464/600/145 452/594/225 463/596/226
f 451/409/146 459/601/145 439/449/154
f 439/449/154 457/603/145 458/602/145
f 439/449/154 459/601/145 457/603/145
f 464/600/145 465/604/145 452/594/225
f 452/594/225 465/604/145 451/409/146
f 451/409/146 460/605/145 459/601/145
f 461/411/145 451/409/146 465/604/145
f 451/409/146 462/410/145 460/605/145
f 458/602/145 470/606/269 439/449/154
f 439/449/154 471/607/145 445/414/144
f 470/606/269 471/607/145 439/449/154
f 445/414/144 468/608/145 446/586/225
f 446/586/225 466/609/145 473/585/226
f 446/586/225 468/608/145 466/609/145
f 445/414/144 467/610/145 468/608/145
f 469/416/145 445/414/144 471/607/145
f 445/414/144 472/415/145 467/610/145
f 344/97/13 342/98/14 343/100/14
f 343/100/14 345/101/15 346/102/15
f 346/102/15 347/103/16 348/104/16
f 348/104/16 349/105/17 350/106/17
f 350/106/17 351/107/18 352/108/18
f 352/108/18 353/109/19 354/110/19
f 354/110/19 355/111/20 356/112/20
f 356/112/20 357/113/21 358/114/21
f 358/114/21 359/115/22 360/116/22
f 360/116/22 361/117/23 362/118/23
f 362/118/23 363/119/24 364/120/24
f 364/120/24 365/121/25 366/122/25
f 366/122/25 367/123/26 368/124/26
f 368/124/26 369/125/27 370/126/27
f 370/126/27 371/127/28 372/128/28
f 372/128/28 373/129/29 374/611/29
f 374/130/29 375/131/30 376/133/30
f 376/133/30 377/134/31 378/135/31
f 378/135/31 379/136/32 380/137/32
f 380/137/32 381/138/33 382/139/33
f 382/139/33 383/140/34 384/141/34
f 384/141/34 385/142/35 386/143/35
f 386/143/35 387/144/36 388/612/36
f 387/144/36 390/145/37 388/612/36
f 389/146/37 392/147/38 390/145/37
f 392/147/38 393/149/39 394/150/39
f 394/150/39 395/151/40 396/152/40
f 396/152/40 397/153/41 398/154/41
f 398/154/41 399/155/42 400/156/42
f 400/156/42 401/157/43 402/161/43
f 338/158/27 427/159/28 337/298/27
f 402/161/43 403/162/44 404/163/44
f 404/163/44 341/99/13 344/97/13
f 435/164/237 280/165/238 455/438/249
f 405/167/51 342/168/50 341/295/51
f 407/170/49 344/171/48 343/176/49
f 406/169/50 345/173/53 342/168/50
f 282/175/52 343/176/49 346/180/52
f 281/174/53 347/177/55 345/173/53
f 282/175/52 348/179/54 284/184/54
f 283/178/55 349/181/57 347/177/55
f 286/183/56 348/179/54 350/188/56
f 287/185/59 349/181/57 285/182/57
f 288/187/58 350/188/56 352/192/58
f 287/185/59 353/189/61 351/186/59
f 290/191/60 352/192/58 354/196/60
f 289/190/61 355/193/63 353/189/61
f 290/191/60 356/195/62 412/199/62
f 409/194/63 357/197/65 355/193/63
f 412/199/62 358/200/64 411/203/64
f 410/198/65 359/201/67 357/197/65
f 411/203/64 360/204/66 414/208/66
f 413/202/67 361/205/69 359/201/67
f 298/207/68 360/204/66 362/212/68
f 299/209/71 361/205/69 297/206/69
f 300/211/70 362/212/68 364/216/70
f 299/209/71 365/213/73 363/210/71
f 300/211/70 366/215/72 302/220/72
f 301/214/73 367/217/75 365/213/73
f 304/219/74 366/215/72 368/224/74
f 305/221/77 367/217/75 303/218/75
f 306/223/76 368/224/74 370/228/76
f 305/221/77 371/225/79 369/222/77
f 418/227/78 370/228/76 372/232/78
f 415/226/79 373/229/81 371/225/79
f 418/227/78 374/231/80 417/613/80
f 419/233/83 373/234/81 416/614/81
f 420/236/82 374/237/80 376/242/82
f 313/239/85 375/235/83 419/233/83
f 314/241/84 376/242/82 378/246/84
f 313/239/85 379/243/87 377/240/85
f 314/241/84 380/245/86 316/250/86
f 317/247/89 379/243/87 315/244/87
f 318/249/88 380/245/86 382/254/88
f 319/251/91 381/248/89 317/247/89
f 320/253/90 382/254/88 384/258/90
f 319/251/91 385/255/93 383/252/91
f 322/257/92 384/258/90 386/262/92
f 321/256/93 387/259/95 385/255/93
f 424/261/94 386/262/92 388/266/94
f 422/263/97 387/259/95 421/260/95
f 423/265/96 388/266/94 390/270/96
f 422/263/97 391/267/99 389/264/97
f 426/269/98 390/270/96 392/274/98
f 425/268/99 393/271/101 391/267/99
f 330/273/100 392/274/98 394/278/100
f 331/275/103 393/271/101 329/272/101
f 330/273/100 396/277/102 332/282/102
f 333/279/105 395/276/103 331/275/103
f 334/281/104 396/277/102 398/286/104
f 335/283/107 397/280/105 333/279/105
f 334/281/104 400/285/106 336/290/106
f 337/287/109 399/284/107 335/283/107
f 338/289/108 400/285/106 402/294/108
f 337/287/109 403/291/111 401/288/109
f 428/293/110 402/294/108 404/296/110
f 427/292/111 341/295/51 403/291/111
f 428/293/110 344/171/48 408/172/48
f 336/297/26 337/298/27 335/300/26
f 334/299/25 335/300/26 333/302/25
f 332/301/24 333/302/25 331/304/24
f 330/303/23 331/304/24 329/306/23
f 426/305/22 329/306/23 425/397/22
f 433/307/112 328/308/112 327/615/112
f 430/310/239 328/311/184 434/616/185
f 322/313/19 421/314/20 321/317/19
f 320/316/18 321/317/19 319/319/18
f 318/318/17 319/319/18 317/321/17
f 316/320/16 317/321/17 315/323/16
f 314/322/15 315/323/16 313/325/15
f 420/324/14 313/325/15 419/387/14
f 435/164/237 340/326/240 278/166/125
f 454/328/118 339/329/118 340/617/118
f 306/331/43 415/332/44 305/335/43
f 304/334/42 305/335/43 303/337/42
f 302/336/41 303/337/42 301/339/41
f 300/338/40 301/339/41 299/341/40
f 298/340/39 299/341/40 297/343/39
f 298/340/39 413/342/38 414/403/38
f 444/344/119 296/345/119 295/618/119
f 431/347/188 296/348/189 443/619/270
f 412/350/36 289/351/35 290/354/35
f 288/353/34 289/351/35 287/356/34
f 286/355/33 287/356/34 285/358/33
f 286/355/33 283/357/32 284/360/32
f 282/359/31 283/357/32 281/362/31
f 407/361/30 281/362/31 406/368/30
f 438/363/242 339/364/243 453/430/248
f 279/366/126 405/367/29 277/401/29
f 280/369/126 408/370/29 407/361/30
f 291/372/127 410/373/37 409/352/36
f 292/375/127 411/376/37 294/379/37
f 295/377/128 410/373/37 293/374/37
f 296/378/128 411/376/37 414/403/38
f 307/380/129 416/381/13 415/332/44
f 308/383/129 417/384/13 310/620/13
f 311/385/130 416/386/13 309/621/13
f 312/388/130 417/389/13 420/324/14
f 323/391/131 422/392/21 421/314/20
f 324/394/131 423/395/21 326/399/21
f 327/396/132 422/392/21 325/393/21
f 328/398/132 423/395/21 426/305/22
f 339/400/133 405/367/29 427/159/28
f 340/402/133 408/370/29 278/371/29
f 340/402/133 427/159/28 428/160/28
f 327/396/132 426/305/22 425/397/22
f 324/394/131 421/314/20 424/315/20
f 311/385/130 420/324/14 419/387/14
f 308/383/129 415/332/44 418/333/44
f 295/377/128 414/403/38 413/342/38
f 292/375/127 409/352/36 412/350/36
f 279/366/126 407/361/30 406/368/30
f 456/404/134 280/405/134 279/622/134
f 438/363/242 279/407/245 277/365/47
f 431/347/188 292/412/191 294/349/241
f 430/310/239 324/417/247 326/312/187
f 436/427/148 291/428/148 292/623/148
f 441/433/150 323/434/150 324/624/150
f 308/441/250 442/442/159 449/422/137
f 312/444/251 442/442/159 310/443/160
f 312/445/157 445/446/157 447/625/157
f 311/448/252 439/449/154 445/414/144
f 307/451/161 449/452/161 451/626/161
f 307/454/253 439/449/154 309/450/155
f 440/455/231 446/456/167 429/468/167
f 441/458/254 448/459/164 447/627/254
f 443/461/232 450/462/172 431/472/172
f 444/464/255 452/465/169 451/628/255
f 433/467/256 446/456/167 453/629/256
f 434/469/233 448/459/164 430/460/164
f 436/471/257 450/462/172 455/630/257
f 437/473/234 452/465/169 432/466/169
f 437/475/179 455/476/258 456/631/179
f 434/478/180 453/479/180 454/632/271
f 441/481/181 445/482/181 440/633/181
f 444/484/182 449/485/260 443/634/260
f 429/487/261 327/488/262 325/491/115
f 429/487/261 323/490/263 440/635/143
f 432/492/120 295/493/121 293/496/265
f 432/492/120 291/495/266 437/636/140
f 491/497/193 518/498/194 492/501/194
f 494/500/195 518/498/194 520/503/195
f 493/502/196 520/503/195 519/505/196
f 498/504/197 519/505/196 514/507/197
f 495/506/198 514/507/197 517/509/198
f 497/508/199 517/509/198 515/511/199
f 496/510/200 515/511/199 516/637/200
f 490/512/201 496/510/200 516/637/200
f 463/513/201 488/514/202 464/516/202
f 465/515/203 488/514/202 486/638/203
f 487/517/204 465/515/203 486/638/203
f 489/519/205 461/518/204 487/517/204
f 462/520/205 484/521/206 460/522/206
f 460/522/206 485/523/207 459/524/207
f 459/524/207 483/525/208 457/526/208
f 457/526/208 477/527/209 458/528/209
f 458/528/209 476/529/210 470/530/210
f 470/530/210 474/531/211 471/532/211
f 471/532/211 475/533/212 469/534/212
f 469/534/212 480/535/213 472/639/213
f 480/535/213 467/536/214 472/639/213
f 467/536/214 482/538/215 468/539/215
f 468/539/215 479/540/216 466/542/216
f 473/541/217 479/540/216 478/544/217
f 473/541/217 506/543/218 499/545/218
f 499/545/218 509/546/219 501/548/219
f 502/547/220 509/546/219 510/550/220
f 500/549/221 510/550/220 511/552/221
f 503/551/222 511/552/221 513/554/222
f 504/553/223 513/554/222 512/556/223
f 505/555/224 512/556/223 507/558/224
f 505/555/224 508/557/193 491/640/193
o main_wood_low
v -0.678313 0.563618 0.657500
v -0.678313 0.697436 0.657500
v -0.678313 0.563618 -0.657500
v -0.678313 0.697436 -0.657500
v 1.578830 0.563618 0.657500
v 1.578830 0.697436 0.657500
v 1.578830 0.563618 -0.657500
v 1.578830 0.697436 -0.657500
vn -1.0000 -0.0000 -0.0000
vn -0.0000 -0.0000 -1.0000
vn 1.0000 -0.0000 -0.0000
vn -0.0000 -0.0000 1.0000
vn -0.0000 -1.0000 -0.0000
vn -0.0000 1.0000 -0.0000
vt 0.908004 0.600753
vt 0.880972 0.866396
vt 0.880972 0.600753
vt 0.043675 0.567278
vt 0.499639 0.594310
vt 0.043675 0.594310
vt 0.001953 0.894779
vt 0.267595 0.921812
vt 0.001953 0.921812
vt 0.816715 0.457914
vt 0.843747 0.001953
vt 0.843747 0.457914
vt 0.001953 0.866757
vt 0.457916 0.601115
vt 0.457916 0.866757
vt 0.544268 0.001953
vt 0.809909 0.457916
vt 0.544268 0.457916
vt 0.908004 0.866395
vt 0.499638 0.567278
vt 0.267595 0.894779
vt 0.816715 0.001953
vt 0.001953 0.601115
vt 0.809909 0.001953
s 1
usemtl cart
f 522/641/272 523/642/272 521/643/272
f 524/644/273 527/645/273 523/646/273
f 528/647/274 525/648/274 527/649/274
f 526/650/275 521/651/275 525/652/275
f 527/653/276 521/654/276 523/655/276
f 524/656/277 526/657/277 528/658/277
f 522/641/272 524/659/272 523/642/272
f 524/644/273 528/660/273 527/645/273
f 528/647/274 526/661/274 525/648/274
f 526/650/275 522/662/275 521/651/275
f 527/653/276 525/663/276 521/654/276
f 524/656/277 522/664/277 526/657/277
o supp_wood_low
v -0.590052 0.664751 0.595396
v -0.590052 1.317763 0.595396
v -0.590052 0.664751 0.471730
v -0.590052 1.317763 0.471730
v -0.482795 0.664751 0.595396
v -0.482795 1.317763 0.595396
v -0.482795 0.664751 0.471730
v -0.482795 1.317763 0.471730
v 1.490568 0.664751 0.595396
v 1.490568 1.317763 0.595396
v 1.490568 0.664751 0.471730
v 1.490568 1.317763 0.471730
v 1.383311 0.664751 0.595396
v 1.383311 1.317763 0.595396
v 1.383311 0.664751 0.471730
v 1.383311 1.317763 0.471730
v -0.590052 0.664751 -0.595396
v -0.590052 1.317763 -0.595396
v -0.590052 0.664751 -0.471730
v -0.590052 1.317763 -0.471730
v -0.482795 0.664751 -0.595396
v -0.482795 1.317763 -0.595396
v -0.482795 0.664751 -0.471730
v -0.482795 1.317763 -0.471730
v 1.490568 0.664751 -0.595396
v 1.490568 1.317763 -0.595396
v 1.490568 0.664751 -0.471730
v 1.490568 1.317763 -0.471730
v 1.383311 0.664751 -0.595396
v 1.383311 1.317763 -0.595396
v 1.383311 0.664751 -0.471730
v 1.383311 1.317763 -0.471730
vn -1.0000 -0.0000 -0.0000
vn -0.0000 -0.0000 -1.0000
vn 1.0000 -0.0000 -0.0000
vn -0.0000 -0.0000 1.0000
vn -0.0000 1.0000 -0.0000
vt 0.946597 0.556832
vt 0.971579 0.688746
vt 0.946597 0.688746
vt 0.936476 0.878175
vt 0.914809 0.746260
vt 0.936476 0.746260
vt 0.954132 0.411307
vt 0.929151 0.279393
vt 0.954132 0.279393
vt 0.968264 0.550027
vt 0.946597 0.418112
vt 0.968264 0.418112
vt 0.622573 0.996609
vt 0.597592 0.974942
vt 0.622573 0.974942
vt 0.929151 0.272588
vt 0.954132 0.140673
vt 0.954132 0.272588
vt 0.381969 0.951183
vt 0.250054 0.929516
vt 0.381969 0.929516
vt 0.520688 0.968137
vt 0.388774 0.943156
vt 0.520688 0.943156
vt 0.968264 0.695551
vt 0.946597 0.827465
vt 0.946597 0.695551
vt 0.565805 0.996609
vt 0.590786 0.974942
vt 0.590786 0.996609
vt 0.527494 0.943156
vt 0.659408 0.968137
vt 0.527494 0.968137
vt 0.133867 0.979284
vt 0.001953 0.957617
vt 0.133867 0.957617
vt 0.904519 0.967516
vt 0.772604 0.942535
vt 0.904519 0.942535
vt 0.943281 0.966183
vt 0.964948 0.834270
vt 0.964948 0.966183
vt 0.654360 0.974942
vt 0.629378 0.996609
vt 0.629378 0.974942
vt 0.140672 0.982970
vt 0.272585 0.957988
vt 0.272585 0.982970
vt 0.950818 0.133868
vt 0.929151 0.001953
vt 0.950818 0.001953
vt 0.960937 0.140672
vt 0.985919 0.272585
vt 0.960937 0.272585
vt 0.957623 0.001953
vt 0.979290 0.133866
vt 0.957623 0.133866
vt 0.559000 0.996609
vt 0.534018 0.974942
vt 0.559000 0.974942
vt 0.971579 0.556832
vt 0.914809 0.878175
vt 0.929151 0.411307
vt 0.946597 0.550027
vt 0.597592 0.996609
vt 0.929151 0.140673
vt 0.250054 0.951183
vt 0.388774 0.968137
vt 0.968264 0.827465
vt 0.565805 0.974942
vt 0.659408 0.943156
vt 0.001953 0.979284
vt 0.772604 0.967516
vt 0.943281 0.834270
vt 0.654360 0.996609
vt 0.140672 0.957988
vt 0.929151 0.133868
vt 0.985919 0.140672
vt 0.979290 0.001953
vt 0.534018 0.996609
s 1
usemtl cart
f 530/665/278 531/666/278 529/667/278
f 532/668/279 535/669/279 531/670/279
f 536/671/280 533/672/280 535/673/280
f 534/674/281 529/675/281 533/676/281
f 532/677/282 534/678/282 536/679/282
f 539/680/280 538/681/280 537/682/280
f 543/683/279 540/684/279 539/685/279
f 541/686/278 544/687/278 543/688/278
f 537/689/281 542/690/281 541/691/281
f 542/692/282 540/693/282 544/694/282
f 547/695/278 546/696/278 545/697/278
f 551/698/281 548/699/281 547/700/281
f 549/701/280 552/702/280 551/703/280
f 545/704/279 550/705/279 549/706/279
f 550/707/282 548/708/282 552/709/282
f 554/710/280 555/711/280 553/712/280
f 556/713/281 559/714/281 555/715/281
f 560/716/278 557/717/278 559/718/278
f 558/719/279 553/720/279 557/721/279
f 556/722/282 558/723/282 560/724/282
f 530/665/278 532/725/278 531/666/278
f 532/668/279 536/726/279 535/669/279
f 536/671/280 534/727/280 533/672/280
f 534/674/281 530/728/281 529/675/281
f 532/677/282 530/729/282 534/678/282
f 539/680/280 540/730/280 538/681/280
f 543/683/279 544/731/279 540/684/279
f 541/686/278 542/732/278 544/687/278
f 537/689/281 538/733/281 542/690/281
f 542/692/282 538/734/282 540/693/282
f 547/695/278 548/735/278 546/696/278
f 551/698/281 552/736/281 548/699/281
f 549/701/280 550/737/280 552/702/280
f 545/704/279 546/738/279 550/705/279
f 550/707/282 546/739/282 548/708/282
f 554/710/280 556/740/280 555/711/280
f 556/713/281 560/741/281 559/714/281
f 560/716/278 558/742/278 557/717/278
f 558/719/279 554/743/279 553/720/279
f 556/722/282 554/744/282 558/723/282
o side_wood2_low
v -0.726884 0.773900 0.651939
v -0.726884 0.931665 0.651939
v -0.726884 0.773900 0.562864
v -0.726884 0.931665 0.562864
v 1.578838 0.773900 0.651939
v 1.578838 0.931665 0.651939
v 1.578838 0.773900 0.562864
v 1.578838 0.931665 0.562864
v -0.726884 0.773900 -0.651939
v -0.726884 0.931665 -0.651939
v -0.726884 0.773900 -0.562864
v -0.726884 0.931665 -0.562864
v 1.578838 0.773900 -0.651939
v 1.578838 0.931665 -0.651939
v 1.578838 0.773900 -0.562864
v 1.578838 0.931665 -0.562864
vn -1.0000 -0.0000 -0.0000
vn -0.0000 -0.0000 -1.0000
vn 1.0000 -0.0000 -0.0000
vn -0.0000 -0.0000 1.0000
vn -0.0000 -1.0000 -0.0000
vn -0.0000 1.0000 -0.0000
vt 0.033823 0.571692
vt 0.001953 0.589686
vt 0.001953 0.571692
vt 0.473988 0.001953
vt 0.442118 0.467729
vt 0.442118 0.001953
vt 0.473988 0.474534
vt 0.442118 0.492528
vt 0.442118 0.474534
vt 0.357963 0.001953
vt 0.326093 0.467729
vt 0.326093 0.001953
vt 0.509449 0.542478
vt 0.043675 0.560472
vt 0.043675 0.542478
vt 0.124747 0.001953
vt 0.142741 0.467731
vt 0.124747 0.467731
vt 0.512663 0.492528
vt 0.480793 0.474534
vt 0.512663 0.474534
vt 0.396638 0.467729
vt 0.364768 0.001953
vt 0.396638 0.001953
vt 0.442133 0.891556
vt 0.410263 0.873562
vt 0.442133 0.873562
vt 0.509451 0.503803
vt 0.043675 0.535673
vt 0.043675 0.503803
vt 0.498787 0.001953
vt 0.480793 0.467728
vt 0.480793 0.001953
vt 0.301294 0.467730
vt 0.319288 0.001953
vt 0.319288 0.467730
vt 0.033823 0.589686
vt 0.473988 0.467729
vt 0.473988 0.492528
vt 0.357963 0.467730
vt 0.509450 0.560472
vt 0.142741 0.001953
vt 0.480793 0.492528
vt 0.364768 0.467729
vt 0.410263 0.891556
vt 0.509451 0.535673
vt 0.498787 0.467728
vt 0.301294 0.001953
s 1
usemtl cart
f 562/745/283 563/746/283 561/747/283
f 564/748/284 567/749/284 563/750/284
f 568/751/285 565/752/285 567/753/285
f 566/754/286 561/755/286 565/756/286
f 567/757/287 561/758/287 563/759/287
f 564/760/288 566/761/288 568/762/288
f 571/763/283 570/764/283 569/765/283
f 575/766/286 572/767/286 571/768/286
f 573/769/285 576/770/285 575/771/285
f 569/772/284 574/773/284 573/774/284
f 569/775/287 575/776/287 571/777/287
f 574/778/288 572/779/288 576/780/288
f 562/745/283 564/781/283 563/746/283
f 564/748/284 568/782/284 567/749/284
f 568/751/285 566/783/285 565/752/285
f 566/754/286 562/784/286 561/755/286
f 567/757/287 565/785/287 561/758/287
f 564/760/288 562/786/288 566/761/288
f 571/763/283 572/787/283 570/764/283
f 575/766/286 576/788/286 572/767/286
f 573/769/285 574/789/285 576/770/285
f 569/772/284 570/790/284 574/773/284
f 569/775/287 573/791/287 575/776/287
f 574/778/288 570/792/288 572/779/288
o handle_wood_low
v 1.235251 0.922286 0.508508
v 1.235251 0.993627 0.508508
v 1.235251 0.922286 0.424966
v 1.235251 0.993627 0.424966
v 2.714811 0.922286 0.508508
v 2.714811 0.993627 0.508508
v 2.714811 0.922286 0.424966
v 2.714811 0.993627 0.424966
v 1.235251 0.922286 -0.508508
v 1.235251 0.993627 -0.508508
v 1.235251 0.922286 -0.424966
v 1.235251 0.993627 -0.424966
v 2.714811 0.922286 -0.508508
v 2.714811 0.993627 -0.508508
v 2.714811 0.922286 -0.424966
v 2.714811 0.993627 -0.424966
vn -1.0000 -0.0000 -0.0000
vn -0.0000 -0.0000 -1.0000
vn 1.0000 -0.0000 -0.0000
vn -0.0000 -0.0000 1.0000
vn -0.0000 -1.0000 -0.0000
vn -0.0000 1.0000 -0.0000
vt 0.519468 0.491409
vt 0.533880 0.474533
vt 0.533880 0.491409
vt 0.506444 0.866165
vt 0.520855 0.567278
vt 0.520855 0.866165
vt 0.530667 0.521896
vt 0.516256 0.538772
vt 0.516256 0.521896
vt 0.001953 0.873562
vt 0.300837 0.887974
vt 0.001953 0.887974
vt 0.764294 0.763605
vt 0.747418 0.464721
vt 0.764294 0.464721
vt 0.423627 0.474536
vt 0.124747 0.491413
vt 0.124747 0.474536
vt 0.815619 0.815400
vt 0.801207 0.798524
vt 0.815619 0.798524
vt 0.719396 0.763608
vt 0.704985 0.464721
vt 0.719396 0.464721
vt 0.519468 0.498214
vt 0.533880 0.515090
vt 0.519468 0.515090
vt 0.726201 0.464721
vt 0.740613 0.763606
vt 0.726201 0.763606
vt 0.836597 0.464719
vt 0.819721 0.763603
vt 0.819721 0.464719
vt 0.771099 0.763604
vt 0.787976 0.464721
vt 0.787976 0.763604
vt 0.519468 0.474533
vt 0.506444 0.567278
vt 0.530667 0.538772
vt 0.300837 0.873562
vt 0.747418 0.763605
vt 0.423627 0.491413
vt 0.801207 0.815400
vt 0.704985 0.763608
vt 0.533880 0.498214
vt 0.740613 0.464721
vt 0.836597 0.763603
vt 0.771099 0.464721
s 1
usemtl cart
f 578/793/289 579/794/289 577/795/289
f 580/796/290 583/797/290 579/798/290
f 584/799/291 581/800/291 583/801/291
f 582/802/292 577/803/292 581/804/292
f 583/805/293 577/806/293 579/807/293
f 580/808/294 582/809/294 584/810/294
f 587/811/289 586/812/289 585/813/289
f 591/814/292 588/815/292 587/816/292
f 589/817/291 592/818/291 591/819/291
f 585/820/290 590/821/290 589/822/290
f 585/823/293 591/824/293 587/825/293
f 590/826/294 588/827/294 592/828/294
f 578/793/289 580/829/289 579/794/289
f 580/796/290 584/830/290 583/797/290
f 584/799/291 582/831/291 581/800/291
f 582/802/292 578/832/292 577/803/292
f 583/805/293 581/833/293 577/806/293
f 580/808/294 578/834/294 582/809/294
f 587/811/289 588/835/289 586/812/289
f 591/814/292 592/836/292 588/815/292
f 589/817/291 590/837/291 592/818/291
f 585/820/290 586/838/290 590/821/290
f 585/823/293 589/839/293 591/824/293
f 590/826/294 586/840/294 588/827/294
o supp_tire_low
v -0.219961 0.452705 -0.869138
v -0.219961 0.452705 0.869138
v -0.203301 0.492925 0.869138
v -0.219961 0.496239 0.869138
v -0.189177 0.483488 0.869138
v -0.179740 0.469364 0.869138
v -0.176427 0.452705 0.869138
v -0.179740 0.436045 0.869138
v -0.189177 0.421921 0.869138
v -0.203301 0.412484 0.869138
v -0.219961 0.409171 0.869138
v -0.236620 0.412484 0.869138
v -0.250744 0.421921 0.869138
v -0.260181 0.436045 0.869138
v -0.263495 0.452705 0.869138
v -0.260181 0.469364 0.869138
v -0.250744 0.483488 0.869138
v -0.236620 0.492925 0.869138
v -0.219961 0.496239 -0.869138
v -0.203301 0.492925 -0.869138
v -0.189177 0.483488 -0.869138
v -0.179740 0.469364 -0.869138
v -0.176427 0.452705 -0.869138
v -0.179740 0.436045 -0.869138
v -0.189177 0.421921 -0.869138
v -0.203301 0.412484 -0.869138
v -0.219961 0.409171 -0.869138
v -0.236620 0.412484 -0.869138
v -0.250744 0.421921 -0.869138
v -0.260181 0.436045 -0.869138
v -0.263495 0.452705 -0.869138
v -0.260181 0.469364 -0.869138
v -0.250744 0.483488 -0.869138
v -0.236620 0.492925 -0.869138
v 1.120477 0.452705 -0.869138
v 1.120477 0.452705 0.869138
v 1.103818 0.492925 0.869138
v 1.120477 0.496239 0.869138
v 1.089694 0.483488 0.869138
v 1.080257 0.469364 0.869138
v 1.076943 0.452705 0.869138
v 1.080257 0.436045 0.869138
v 1.089694 0.421921 0.869138
v 1.103818 0.412484 0.869138
v 1.120477 0.409171 0.869138
v 1.137137 0.412484 0.869138
v 1.151260 0.421921 0.869138
v 1.160697 0.436045 0.869138
v 1.164011 0.452705 0.869138
v 1.160697 0.469364 0.869138
v 1.151260 0.483488 0.869138
v 1.137137 0.492925 0.869138
v 1.120477 0.496239 -0.869138
v 1.103818 0.492925 -0.869138
v 1.089694 0.483488 -0.869138
v 1.080257 0.469364 -0.869138
v 1.076943 0.452705 -0.869138
v 1.080257 0.436045 -0.869138
v 1.089694 0.421921 -0.869138
v 1.103818 0.412484 -0.869138
v 1.120477 0.409171 -0.869138
v 1.137137 0.412484 -0.869138
v 1.151260 0.421921 -0.869138
v 1.160697 0.436045 -0.869138
v 1.164011 0.452705 -0.869138
v 1.160697 0.469364 -0.869138
v 1.151260 0.483488 -0.869138
v 1.137137 0.492925 -0.869138
vn 0.7071 0.7071 -0.0000
vn 0.3827 0.9239 -0.0000
vn 0.9239 0.3827 -0.0000
vn 1.0000 -0.0000 -0.0000
vn 0.9239 -0.3827 -0.0000
vn 0.7071 -0.7071 -0.0000
vn 0.3827 -0.9239 -0.0000
vn -0.0000 -1.0000 -0.0000
vn -0.3827 -0.9239 -0.0000
vn -0.7071 -0.7071 -0.0000
vn -0.9239 -0.3827 -0.0000
vn -1.0000 -0.0000 -0.0000
vn -0.9239 0.3827 -0.0000
vn -0.7071 0.7071 -0.0000
vn -0.3827 0.9239 -0.0000
vn -0.0000 1.0000 -0.0000
vn -0.0000 -0.0000 1.0000
vn -0.0000 -0.0000 -1.0000
vt 0.691317 0.815868
vt 0.694748 0.464721
vt 0.694748 0.815868
vt 0.687885 0.815868
vt 0.691317 0.464721
vt 0.684454 0.815868
vt 0.687885 0.464721
vt 0.681023 0.815868
vt 0.684454 0.464721
vt 0.677592 0.815868
vt 0.681023 0.464721
vt 0.674160 0.815868
vt 0.677592 0.464721
vt 0.670729 0.815868
vt 0.674160 0.464721
vt 0.667297 0.815868
vt 0.670729 0.464721
vt 0.663866 0.815868
vt 0.667297 0.464721
vt 0.660435 0.815868
vt 0.663866 0.464721
vt 0.657004 0.815868
vt 0.660435 0.464721
vt 0.653572 0.815868
vt 0.657004 0.464721
vt 0.650141 0.815868
vt 0.653572 0.464721
vt 0.646709 0.815868
vt 0.650141 0.464721
vt 0.643278 0.815868
vt 0.646709 0.464721
vt 0.698180 0.464721
vt 0.698180 0.815868
vt 0.737666 0.806792
vt 0.730353 0.811678
vt 0.729040 0.808508
vt 0.732780 0.814104
vt 0.735950 0.815417
vt 0.739381 0.815417
vt 0.742551 0.814104
vt 0.744978 0.811678
vt 0.746291 0.808508
vt 0.746291 0.805076
vt 0.744978 0.801906
vt 0.742551 0.799480
vt 0.739381 0.798167
vt 0.735950 0.798167
vt 0.732780 0.799480
vt 0.730353 0.801906
vt 0.729040 0.805076
vt 0.785776 0.806564
vt 0.778465 0.811450
vt 0.777151 0.808280
vt 0.777151 0.804849
vt 0.778464 0.801678
vt 0.780891 0.799252
vt 0.784061 0.797939
vt 0.787492 0.797939
vt 0.790662 0.799252
vt 0.793089 0.801678
vt 0.794402 0.804848
vt 0.794402 0.808280
vt 0.793089 0.811450
vt 0.790663 0.813877
vt 0.787493 0.815189
vt 0.784061 0.815189
vt 0.780891 0.813877
vt 0.633041 0.815868
vt 0.629610 0.464721
vt 0.633041 0.464721
vt 0.629610 0.815868
vt 0.626179 0.464721
vt 0.626179 0.815868
vt 0.622747 0.464721
vt 0.622747 0.815868
vt 0.619316 0.464721
vt 0.619316 0.815868
vt 0.615885 0.464721
vt 0.615885 0.815868
vt 0.612453 0.464721
vt 0.612453 0.815868
vt 0.609022 0.464721
vt 0.609022 0.815868
vt 0.605591 0.464721
vt 0.605591 0.815868
vt 0.602159 0.464721
vt 0.602159 0.815868
vt 0.598728 0.464721
vt 0.598728 0.815868
vt 0.595297 0.464721
vt 0.595297 0.815868
vt 0.591865 0.464721
vt 0.591865 0.815868
vt 0.588434 0.464721
vt 0.588434 0.815868
vt 0.585002 0.464721
vt 0.585003 0.815868
vt 0.581571 0.464721
vt 0.636473 0.815868
vt 0.636473 0.464721
vt 0.761721 0.807137
vt 0.770346 0.805422
vt 0.770346 0.808853
vt 0.769033 0.812023
vt 0.766607 0.814450
vt 0.763437 0.815763
vt 0.760006 0.815763
vt 0.756835 0.814450
vt 0.754409 0.812024
vt 0.753096 0.808853
vt 0.753096 0.805422
vt 0.754409 0.802252
vt 0.756835 0.799826
vt 0.760005 0.798512
vt 0.763437 0.798512
vt 0.766607 0.799825
vt 0.769033 0.802252
vt 0.713610 0.806792
vt 0.722235 0.805076
vt 0.722235 0.808508
vt 0.720922 0.801906
vt 0.718496 0.799480
vt 0.715325 0.798167
vt 0.711894 0.798167
vt 0.708724 0.799480
vt 0.706298 0.801906
vt 0.704985 0.805076
vt 0.704985 0.808508
vt 0.706298 0.811678
vt 0.708724 0.814104
vt 0.711894 0.815417
vt 0.715326 0.815417
vt 0.718496 0.814104
vt 0.720922 0.811678
vt 0.643278 0.464721
vt 0.581571 0.815868
s 1
usemtl cart
f 597/841/295 612/842/296 595/843/296
f 598/844/297 613/845/295 597/841/295
f 599/846/298 614/847/297 598/844/297
f 600/848/299 615/849/298 599/846/298
f 601/850/300 616/851/299 600/848/299
f 602/852/301 617/853/300 601/850/300
f 603/854/302 618/855/301 602/852/301
f 604/856/303 619/857/302 603/854/302
f 605/858/304 620/859/303 604/856/303
f 606/860/305 621/861/304 605/858/304
f 607/862/306 622/863/305 606/860/305
f 608/864/307 623/865/306 607/862/306
f 609/866/308 624/867/307 608/864/307
f 610/868/309 625/869/308 609/866/308
f 596/870/310 626/871/309 610/868/309
f 595/843/296 611/872/310 596/873/310
f 594/874/311 595/875/311 596/876/311
f 594/874/311 597/877/311 595/875/311
f 594/874/311 598/878/311 597/877/311
f 594/874/311 599/879/311 598/878/311
f 594/874/311 600/880/311 599/879/311
f 594/874/311 601/881/311 600/880/311
f 594/874/311 602/882/311 601/881/311
f 594/874/311 603/883/311 602/882/311
f 594/874/311 604/884/311 603/883/311
f 594/874/311 605/885/311 604/884/311
f 594/874/311 606/886/311 605/885/311
f 594/874/311 607/887/311 606/886/311
f 594/874/311 608/888/311 607/887/311
f 594/874/311 609/889/311 608/888/311
f 594/874/311 610/890/311 609/889/311
f 594/874/311 596/876/311 610/890/311
f 593/891/312 611/892/312 612/893/312
f 593/891/312 612/893/312 613/894/312
f 593/891/312 613/894/312 614/895/312
f 593/891/312 614/895/312 615/896/312
f 593/891/312 615/896/312 616/897/312
f 593/891/312 616/897/312 617/898/312
f 593/891/312 617/898/312 618/899/312
f 593/891/312 618/899/312 619/900/312
f 593/891/312 619/900/312 620/901/312
f 593/891/312 620/901/312 621/902/312
f 593/891/312 621/902/312 622/903/312
f 593/891/312 622/903/312 623/904/312
f 593/891/312 623/904/312 624/905/312
f 593/891/312 624/905/312 625/906/312
f 593/891/312 625/906/312 626/907/312
f 593/891/312 626/907/312 611/892/312
f 646/908/309 631/909/308 629/910/309
f 647/911/308 632/912/307 631/909/308
f 648/913/307 633/914/306 632/912/307
f 649/915/306 634/916/305 633/914/306
f 650/917/305 635/918/304 634/916/305
f 651/919/304 636/920/303 635/918/304
f 652/921/303 637/922/302 636/920/303
f 653/923/302 638/924/301 637/922/302
f 654/925/301 639/926/300 638/924/301
f 655/927/300 640/928/299 639/926/300
f 656/929/299 641/930/298 640/928/299
f 657/931/298 642/932/297 641/930/298
f 658/933/297 643/934/295 642/932/297
f 659/935/295 644/936/296 643/934/295
f 660/937/296 630/938/310 644/936/296
f 645/939/310 629/910/309 630/940/310
f 628/941/311 630/942/311 629/943/311
f 628/941/311 629/943/311 631/944/311
f 628/941/311 631/944/311 632/945/311
f 628/941/311 632/945/311 633/946/311
f 628/941/311 633/946/311 634/947/311
f 628/941/311 634/947/311 635/948/311
f 628/941/311 635/948/311 636/949/311
f 628/941/311 636/949/311 637/950/311
f 628/941/311 637/950/311 638/951/311
f 628/941/311 638/951/311 639/952/311
f 628/941/311 639/952/311 640/953/311
f 628/941/311 640/953/311 641/954/311
f 628/941/311 641/954/311 642/955/311
f 628/941/311 642/955/311 643/956/311
f 628/941/311 643/956/311 644/957/311
f 628/941/311 644/957/311 630/942/311
f 627/958/312 646/959/312 645/960/312
f 627/958/312 647/961/312 646/959/312
f 627/958/312 648/962/312 647/961/312
f 627/958/312 649/963/312 648/962/312
f 627/958/312 650/964/312 649/963/312
f 627/958/312 651/965/312 650/964/312
f 627/958/312 652/966/312 651/965/312
f 627/958/312 653/967/312 652/966/312
f 627/958/312 654/968/312 653/967/312
f 627/958/312 655/969/312 654/968/312
f 627/958/312 656/970/312 655/969/312
f 627/958/312 657/971/312 656/970/312
f 627/958/312 658/972/312 657/971/312
f 627/958/312 659/973/312 658/972/312
f 627/958/312 660/974/312 659/973/312
f 627/958/312 645/960/312 660/974/312
f 597/841/295 613/845/295 612/842/296
f 598/844/297 614/847/297 613/845/295
f 599/846/298 615/849/298 614/847/297
f 600/848/299 616/851/299 615/849/298
f 601/850/300 617/853/300 616/851/299
f 602/852/301 618/855/301 617/853/300
f 603/854/302 619/857/302 618/855/301
f 604/856/303 620/859/303 619/857/302
f 605/858/304 621/861/304 620/859/303
f 606/860/305 622/863/305 621/861/304
f 607/862/306 623/865/306 622/863/305
f 608/864/307 624/867/307 623/865/306
f 609/866/308 625/869/308 624/867/307
f 610/868/309 626/871/309 625/869/308
f 596/870/310 611/975/310 626/871/309
f 595/843/296 612/842/296 611/872/310
f 646/908/309 647/911/308 631/909/308
f 647/911/308 648/913/307 632/912/307
f 648/913/307 649/915/306 633/914/306
f 649/915/306 650/917/305 634/916/305
f 650/917/305 651/919/304 635/918/304
f 651/919/304 652/921/303 636/920/303
f 652/921/303 653/923/302 637/922/302
f 653/923/302 654/925/301 638/924/301
f 654/925/301 655/927/300 639/926/300
f 655/927/300 656/929/299 640/928/299
f 656/929/299 657/931/298 641/930/298
f 657/931/298 658/933/297 642/932/297
f 658/933/297 659/935/295 643/934/295
f 659/935/295 660/937/296 644/936/296
f 660/937/296 645/976/310 630/938/310
f 645/939/310 646/908/309 629/910/309
o wood_below_low
v -0.276058 0.467006 0.597244
v -0.276058 0.576877 0.597244
v -0.276058 0.467006 -0.597244
v -0.276058 0.576877 -0.597244
v -0.166187 0.467006 0.597244
v -0.166187 0.576877 0.597244
v -0.166187 0.467006 -0.597244
v -0.166187 0.576877 -0.597244
v 1.176575 0.467006 0.597244
v 1.176575 0.576877 0.597244
v 1.176575 0.467006 -0.597244
v 1.176575 0.576877 -0.597244
v 1.066704 0.467006 0.597244
v 1.066704 0.576877 0.597244
v 1.066704 0.467006 -0.597244
v 1.066704 0.576877 -0.597244
vn -1.0000 -0.0000 -0.0000
vn -0.0000 -0.0000 -1.0000
vn 1.0000 -0.0000 -0.0000
vn -0.0000 -0.0000 1.0000
vn -0.0000 -1.0000 -0.0000
vt 0.515697 0.922711
vt 0.274400 0.900516
vt 0.515697 0.900516
vt 0.975070 0.495776
vt 0.997264 0.517971
vt 0.975070 0.517971
vt 0.922346 0.250056
vt 0.900151 0.491354
vt 0.900151 0.250056
vt 0.975070 0.488971
vt 0.997264 0.466776
vt 0.997264 0.488971
vt 0.243249 0.950812
vt 0.001953 0.928617
vt 0.243249 0.928617
vt 0.939792 0.739455
vt 0.917597 0.498159
vt 0.939792 0.498159
vt 0.997264 0.546971
vt 0.975070 0.524776
vt 0.997264 0.524776
vt 0.763799 0.914156
vt 0.522503 0.936351
vt 0.522503 0.914156
vt 0.975070 0.459970
vt 0.997264 0.437775
vt 0.997264 0.459970
vt 0.922346 0.243251
vt 0.900151 0.001953
vt 0.922346 0.001953
vt 0.274400 0.922711
vt 0.997264 0.495776
vt 0.922346 0.491354
vt 0.975070 0.466776
vt 0.001953 0.950812
vt 0.917597 0.739455
vt 0.975070 0.546971
vt 0.763800 0.936351
vt 0.975070 0.437775
vt 0.900151 0.243251
s 1
usemtl cart
f 662/977/313 663/978/313 661/979/313
f 664/980/314 667/981/314 663/982/314
f 668/983/315 665/984/315 667/985/315
f 666/986/316 661/987/316 665/988/316
f 667/989/317 661/990/317 663/991/317
f 671/992/315 670/993/315 669/994/315
f 675/995/314 672/996/314 671/997/314
f 673/998/313 676/999/313 675/1000/313
f 669/1001/316 674/1002/316 673/1003/316
f 669/1004/317 675/1005/317 671/1006/317
f 662/977/313 664/1007/313 663/978/313
f 664/980/314 668/1008/314 667/981/314
f 668/983/315 666/1009/315 665/984/315
f 666/986/316 662/1010/316 661/987/316
f 667/989/317 665/1011/317 661/990/317
f 671/992/315 672/1012/315 670/993/315
f 675/995/314 676/1013/314 672/996/314
f 673/998/313 674/1014/313 676/999/313
f 669/1001/316 670/1015/316 674/1002/316
f 669/1004/317 673/1016/317 675/1005/317
o tire_low.001
v 1.120477 0.791650 0.698300
v 1.120477 0.791650 0.822887
v 1.173472 0.786430 0.698300
v 1.173472 0.786430 0.822887
v 1.250186 0.765849 0.685106
v 1.250186 0.765849 0.836080
v 1.308785 0.734527 0.685106
v 1.308785 0.734527 0.836080
v 1.360148 0.692375 0.685106
v 1.360148 0.692375 0.836080
v 1.402300 0.641013 0.685106
v 1.402300 0.641013 0.836080
v 1.433622 0.582413 0.685106
v 1.433622 0.582413 0.836080
v 1.454203 0.505699 0.698300
v 1.454203 0.505699 0.822887
v 1.459423 0.452705 0.698300
v 1.459423 0.452705 0.822887
v 1.454203 0.399710 0.698300
v 1.454203 0.399710 0.822887
v 1.433622 0.322996 0.685106
v 1.433622 0.322996 0.836080
v 1.402300 0.264397 0.685106
v 1.402300 0.264397 0.836080
v 1.360148 0.213034 0.685106
v 1.360148 0.213034 0.836080
v 1.308785 0.170882 0.685106
v 1.308785 0.170882 0.836080
v 1.250186 0.139560 0.685106
v 1.250186 0.139560 0.836080
v 1.173472 0.118979 0.698300
v 1.173472 0.118979 0.822887
v 1.120477 0.113759 0.698300
v 1.120477 0.113759 0.822887
v 1.067483 0.118979 0.698300
v 1.067483 0.118979 0.822887
v 0.990768 0.139560 0.685106
v 0.990768 0.139560 0.836080
v 0.932169 0.170882 0.685106
v 0.932169 0.170882 0.836080
v 0.880807 0.213034 0.685106
v 0.880807 0.213034 0.836080
v 0.838654 0.264397 0.685106
v 0.838654 0.264397 0.836080
v 0.807333 0.322996 0.685106
v 0.807333 0.322996 0.836080
v 0.786751 0.399710 0.698300
v 0.786751 0.399710 0.822887
v 0.781532 0.452705 0.698300
v 0.781532 0.452705 0.822887
v 0.786751 0.505699 0.698300
v 0.786751 0.505699 0.822887
v 0.807333 0.582413 0.685106
v 0.807333 0.582413 0.836080
v 0.838655 0.641013 0.685106
v 0.838655 0.641013 0.836080
v 0.880807 0.692375 0.685106
v 0.880807 0.692375 0.836080
v 0.932169 0.734527 0.685106
v 0.932169 0.734527 0.836080
v 0.990769 0.765849 0.685106
v 0.990769 0.765849 0.836080
v 1.067483 0.786430 0.698300
v 1.067483 0.786430 0.822887
v 1.120477 0.896931 0.674170
v 1.207142 0.888396 0.674170
v 1.207142 0.888396 0.847017
v 1.120477 0.896931 0.847017
v 1.290476 0.863117 0.674170
v 1.290476 0.863117 0.847017
v 1.367277 0.822066 0.674170
v 1.367277 0.822066 0.847017
v 1.434593 0.766820 0.674170
v 1.434593 0.766820 0.847017
v 1.489838 0.699504 0.674170
v 1.489838 0.699504 0.847017
v 1.530889 0.622703 0.674170
v 1.530889 0.622703 0.847017
v 1.556168 0.539369 0.674170
v 1.556168 0.539369 0.847017
v 1.564704 0.452705 0.674170
v 1.564704 0.452704 0.847017
v 1.556168 0.366040 0.674170
v 1.556168 0.366040 0.847017
v 1.530889 0.282706 0.674170
v 1.530889 0.282706 0.847017
v 1.489838 0.205905 0.674170
v 1.489838 0.205905 0.847017
v 1.434593 0.138589 0.674170
v 1.434593 0.138589 0.847017
v 1.367276 0.083344 0.674170
v 1.367276 0.083344 0.847017
v 1.290475 0.042293 0.674170
v 1.290475 0.042293 0.847017
v 1.207142 0.017013 0.674170
v 1.207142 0.017013 0.847017
v 1.120477 0.008478 0.674170
v 1.120477 0.008478 0.847017
v 1.033813 0.017014 0.674170
v 1.033813 0.017014 0.847017
v 0.950479 0.042293 0.674170
v 0.950479 0.042293 0.847017
v 0.873678 0.083344 0.674170
v 0.873678 0.083344 0.847017
v 0.806362 0.138589 0.674170
v 0.806362 0.138589 0.847017
v 0.751116 0.205905 0.674170
v 0.751116 0.205905 0.847017
v 0.710065 0.282706 0.674170
v 0.710065 0.282706 0.847017
v 0.684786 0.366040 0.674170
v 0.684786 0.366040 0.847017
v 0.676251 0.452705 0.674170
v 0.676251 0.452705 0.847017
v 0.684786 0.539369 0.674170
v 0.684786 0.539369 0.847017
v 0.710065 0.622703 0.674170
v 0.710065 0.622703 0.847017
v 0.751116 0.699504 0.674170
v 0.751116 0.699504 0.847017
v 0.806362 0.766820 0.674170
v 0.806362 0.766820 0.847017
v 0.873678 0.822066 0.674170
v 0.873678 0.822066 0.847017
v 0.950479 0.863117 0.674170
v 0.950479 0.863117 0.847017
v 1.033813 0.888396 0.674170
v 1.033813 0.888396 0.847017
v 1.120477 0.791650 0.685106
v 1.186602 0.785137 0.685106
v 1.186602 0.785137 0.836080
v 1.120477 0.791650 0.836080
v 1.452910 0.518829 0.685106
v 1.459423 0.452705 0.685106
v 1.459423 0.452705 0.836080
v 1.452910 0.518829 0.836080
v 1.452910 0.386580 0.685106
v 1.452910 0.386580 0.836080
v 1.186602 0.120272 0.685106
v 1.120477 0.113759 0.685106
v 1.120477 0.113759 0.836080
v 1.186602 0.120272 0.836080
v 1.054352 0.120272 0.685106
v 1.054352 0.120272 0.836080
v 0.788045 0.386580 0.685106
v 0.781532 0.452705 0.685106
v 0.781532 0.452705 0.836080
v 0.788045 0.386580 0.836080
v 0.788045 0.518830 0.685106
v 0.788045 0.518830 0.836080
v 1.054352 0.785137 0.685106
v 1.054352 0.785137 0.836080
v 1.067483 0.452705 0.707589
v 1.067483 0.452705 0.813598
v 1.173472 0.452705 0.813598
v 1.173472 0.452705 0.707589
v 1.067483 0.496410 0.707589
v 1.067483 0.496410 0.813598
v 1.120477 0.505699 0.812711
v 1.173472 0.496410 0.813598
v 1.173472 0.496410 0.707589
v 1.120477 0.505699 0.708476
v 1.120477 0.399710 0.708476
v 1.067483 0.408999 0.707589
v 1.067483 0.408999 0.813598
v 1.120477 0.399710 0.812711
v 1.173472 0.408999 0.813598
v 1.173472 0.408999 0.707589
v 1.076140 0.399710 0.708476
v 1.067483 0.452705 0.698300
v 1.076140 0.399710 0.812711
v 1.067483 0.452705 0.822887
v 1.164815 0.399710 0.812711
v 1.173472 0.452705 0.822887
v 1.164815 0.399710 0.708476
v 1.173472 0.452705 0.698300
v 1.076140 0.505699 0.708476
v 1.076140 0.505699 0.812711
v 1.164815 0.505699 0.812711
v 1.164815 0.505699 0.708476
v 1.129648 0.407882 0.706906
v 1.120477 0.407048 0.707067
v 1.138131 0.410455 0.706412
v 1.145948 0.414634 0.705610
v 1.158424 0.427110 0.703214
v 1.152800 0.420257 0.704530
v 1.165998 0.452705 0.698300
v 1.165176 0.443410 0.700085
v 1.162603 0.434927 0.701713
v 1.076478 0.443410 0.700085
v 1.083229 0.427110 0.703214
v 1.079051 0.434927 0.701713
v 1.095705 0.414634 0.705610
v 1.112005 0.407882 0.706906
v 1.103523 0.410455 0.706412
v 1.088853 0.420257 0.704530
v 1.075655 0.452705 0.698300
v 1.103523 0.410455 0.814774
v 1.095705 0.414634 0.815576
v 1.112005 0.407882 0.814280
v 1.120477 0.407048 0.814120
v 1.075655 0.452705 0.822887
v 1.076478 0.443410 0.821102
v 1.088853 0.420257 0.816656
v 1.083229 0.427110 0.817972
v 1.079051 0.434927 0.819473
v 1.129648 0.407882 0.814280
v 1.145948 0.414634 0.815576
v 1.138131 0.410455 0.814774
v 1.162603 0.434927 0.819473
v 1.158424 0.427110 0.817972
v 1.165176 0.443410 0.821102
v 1.152800 0.420257 0.816656
v 1.165998 0.452705 0.822887
v 1.120477 0.497415 0.706885
v 1.129648 0.496580 0.706725
v 1.145948 0.489829 0.705428
v 1.138131 0.494007 0.706231
v 1.158424 0.477353 0.703033
v 1.165176 0.461053 0.699903
v 1.162603 0.469535 0.701532
v 1.152801 0.484205 0.704348
v 1.076478 0.461053 0.699903
v 1.088853 0.484205 0.704348
v 1.079051 0.469535 0.701532
v 1.083229 0.477353 0.703033
v 1.095705 0.489829 0.705428
v 1.103523 0.494007 0.706231
v 1.112005 0.496580 0.706725
v 1.076478 0.461053 0.821284
v 1.112005 0.496580 0.814462
v 1.120477 0.497415 0.814301
v 1.079051 0.469535 0.819655
v 1.083229 0.477353 0.818154
v 1.088853 0.484205 0.816838
v 1.103523 0.494007 0.814956
v 1.095705 0.489829 0.815758
v 1.152801 0.484205 0.816838
v 1.162603 0.469535 0.819655
v 1.165176 0.461053 0.821284
v 1.158424 0.477353 0.818154
v 1.129648 0.496580 0.814462
v 1.145948 0.489828 0.815758
v 1.138131 0.494007 0.814956
v 1.120477 0.791650 -0.698300
v 1.120477 0.791650 -0.822887
v 1.173472 0.786430 -0.698300
v 1.173472 0.786430 -0.822887
v 1.250186 0.765849 -0.685106
v 1.250186 0.765849 -0.836080
v 1.308785 0.734527 -0.685106
v 1.308785 0.734527 -0.836080
v 1.360148 0.692375 -0.685106
v 1.360148 0.692375 -0.836080
v 1.402300 0.641013 -0.685106
v 1.402300 0.641013 -0.836080
v 1.433622 0.582413 -0.685106
v 1.433622 0.582413 -0.836080
v 1.454203 0.505699 -0.698300
v 1.454203 0.505699 -0.822887
v 1.459423 0.452705 -0.698300
v 1.459423 0.452704 -0.822887
v 1.454203 0.399710 -0.698300
v 1.454203 0.399710 -0.822887
v 1.433622 0.322996 -0.685106
v 1.433622 0.322996 -0.836080
v 1.402300 0.264397 -0.685106
v 1.402300 0.264397 -0.836080
v 1.360148 0.213034 -0.685106
v 1.360148 0.213034 -0.836080
v 1.308785 0.170882 -0.685106
v 1.308785 0.170882 -0.836080
v 1.250186 0.139560 -0.685106
v 1.250186 0.139560 -0.836080
v 1.173472 0.118979 -0.698300
v 1.173472 0.118979 -0.822887
v 1.120477 0.113759 -0.698300
v 1.120477 0.113759 -0.822887
v 1.067483 0.118979 -0.698300
v 1.067483 0.118979 -0.822887
v 0.990768 0.139560 -0.685106
v 0.990768 0.139560 -0.836080
v 0.932169 0.170882 -0.685106
v 0.932169 0.170882 -0.836080
v 0.880807 0.213034 -0.685106
v 0.880807 0.213034 -0.836080
v 0.838654 0.264397 -0.685106
v 0.838654 0.264397 -0.836080
v 0.807333 0.322996 -0.685106
v 0.807333 0.322996 -0.836080
v 0.786751 0.399710 -0.698300
v 0.786751 0.399710 -0.822887
v 0.781532 0.452705 -0.698300
v 0.781532 0.452705 -0.822887
v 0.786751 0.505699 -0.698300
v 0.786751 0.505699 -0.822887
v 0.807333 0.582413 -0.685106
v 0.807333 0.582413 -0.836080
v 0.838655 0.641013 -0.685106
v 0.838655 0.641013 -0.836080
v 0.880807 0.692375 -0.685106
v 0.880807 0.692375 -0.836080
v 0.932169 0.734527 -0.685106
v 0.932169 0.734527 -0.836080
v 0.990769 0.765849 -0.685106
v 0.990769 0.765849 -0.836080
v 1.067483 0.786430 -0.698300
v 1.067483 0.786430 -0.822887
v 1.120477 0.896931 -0.674170
v 1.207142 0.888396 -0.674170
v 1.207142 0.888396 -0.847017
v 1.120477 0.896931 -0.847017
v 1.290476 0.863117 -0.674170
v 1.290476 0.863117 -0.847017
v 1.367277 0.822066 -0.674170
v 1.367277 0.822066 -0.847017
v 1.434593 0.766820 -0.674170
v 1.434593 0.766820 -0.847017
v 1.489838 0.699504 -0.674170
v 1.489838 0.699504 -0.847017
v 1.530889 0.622703 -0.674170
v 1.530889 0.622703 -0.847017
v 1.556168 0.539369 -0.674170
v 1.556168 0.539369 -0.847017
v 1.564704 0.452704 -0.674170
v 1.564704 0.452704 -0.847017
v 1.556168 0.366040 -0.674170
v 1.556168 0.366040 -0.847017
v 1.530889 0.282706 -0.674170
v 1.530889 0.282706 -0.847017
v 1.489838 0.205905 -0.674170
v 1.489838 0.205905 -0.847017
v 1.434593 0.138589 -0.674170
v 1.434593 0.138589 -0.847017
v 1.367276 0.083344 -0.674170
v 1.367276 0.083344 -0.847017
v 1.290475 0.042293 -0.674170
v 1.290475 0.042293 -0.847017
v 1.207142 0.017013 -0.674170
v 1.207142 0.017013 -0.847017
v 1.120477 0.008478 -0.674170
v 1.120477 0.008478 -0.847017
v 1.033813 0.017014 -0.674170
v 1.033813 0.017014 -0.847017
v 0.950479 0.042293 -0.674170
v 0.950479 0.042293 -0.847017
v 0.873678 0.083344 -0.674170
v 0.873678 0.083344 -0.847017
v 0.806362 0.138589 -0.674170
v 0.806362 0.138589 -0.847017
v 0.751116 0.205905 -0.674170
v 0.751116 0.205905 -0.847017
v 0.710065 0.282706 -0.674170
v 0.710065 0.282706 -0.847017
v 0.684786 0.366040 -0.674170
v 0.684786 0.366040 -0.847017
v 0.676251 0.452705 -0.674170
v 0.676251 0.452705 -0.847017
v 0.684786 0.539369 -0.674170
v 0.684786 0.539369 -0.847017
v 0.710065 0.622703 -0.674170
v 0.710065 0.622703 -0.847017
v 0.751116 0.699504 -0.674170
v 0.751116 0.699504 -0.847017
v 0.806362 0.766820 -0.674170
v 0.806362 0.766820 -0.847017
v 0.873678 0.822066 -0.674170
v 0.873678 0.822066 -0.847017
v 0.950479 0.863117 -0.674170
v 0.950479 0.863117 -0.847017
v 1.033813 0.888396 -0.674170
v 1.033813 0.888396 -0.847017
v 1.120477 0.791650 -0.685106
v 1.186602 0.785137 -0.685106
v 1.186602 0.785137 -0.836080
v 1.120477 0.791650 -0.836080
v 1.452910 0.518829 -0.685106
v 1.459423 0.452705 -0.685106
v 1.459423 0.452704 -0.836080
v 1.452910 0.518829 -0.836080
v 1.452910 0.386580 -0.685106
v 1.452910 0.386580 -0.836080
v 1.186602 0.120272 -0.685106
v 1.120477 0.113759 -0.685106
v 1.120477 0.113759 -0.836080
v 1.186602 0.120272 -0.836080
v 1.054352 0.120272 -0.685106
v 1.054352 0.120272 -0.836080
v 0.788045 0.386580 -0.685106
v 0.781532 0.452705 -0.685106
v 0.781532 0.452705 -0.836080
v 0.788045 0.386580 -0.836080
v 0.788045 0.518830 -0.685106
v 0.788045 0.518830 -0.836080
v 1.054352 0.785137 -0.685106
v 1.054352 0.785137 -0.836080
v 1.067483 0.452705 -0.707589
v 1.067483 0.452705 -0.813598
v 1.173472 0.452705 -0.813598
v 1.173472 0.452705 -0.707589
v 1.067483 0.496410 -0.707589
v 1.067483 0.496410 -0.813598
v 1.120477 0.505699 -0.812711
v 1.173472 0.496410 -0.813598
v 1.173472 0.496410 -0.707589
v 1.120477 0.505699 -0.708476
v 1.120477 0.399710 -0.708476
v 1.067483 0.408999 -0.707589
v 1.067483 0.408999 -0.813598
v 1.120477 0.399710 -0.812711
v 1.173472 0.408999 -0.813598
v 1.173472 0.408999 -0.707589
v 1.076140 0.399710 -0.708476
v 1.067483 0.452705 -0.698300
v 1.076140 0.399710 -0.812711
v 1.067483 0.452705 -0.822887
v 1.164815 0.399710 -0.812711
v 1.173472 0.452705 -0.822887
v 1.164815 0.399710 -0.708476
v 1.173472 0.452705 -0.698300
v 1.076140 0.505699 -0.708476
v 1.076140 0.505699 -0.812711
v 1.164815 0.505699 -0.812711
v 1.164815 0.505699 -0.708476
v 1.129648 0.407882 -0.706906
v 1.120477 0.407048 -0.707067
v 1.138131 0.410455 -0.706412
v 1.145948 0.414634 -0.705610
v 1.158424 0.427110 -0.703214
v 1.152800 0.420257 -0.704530
v 1.165998 0.452705 -0.698300
v 1.165176 0.443410 -0.700085
v 1.162603 0.434927 -0.701713
v 1.076478 0.443410 -0.700085
v 1.083229 0.427110 -0.703214
v 1.079051 0.434927 -0.701713
v 1.095705 0.414634 -0.705610
v 1.112005 0.407882 -0.706906
v 1.103523 0.410455 -0.706412
v 1.088853 0.420257 -0.704530
v 1.075655 0.452705 -0.698300
v 1.103523 0.410455 -0.814774
v 1.095705 0.414634 -0.815576
v 1.112005 0.407882 -0.814280
v 1.120477 0.407048 -0.814120
v 1.075655 0.452705 -0.822887
v 1.076478 0.443410 -0.821102
v 1.088853 0.420257 -0.816656
v 1.083229 0.427110 -0.817972
v 1.079051 0.434927 -0.819473
v 1.129648 0.407882 -0.814280
v 1.145948 0.414634 -0.815576
v 1.138131 0.410455 -0.814774
v 1.162603 0.434927 -0.819473
v 1.158424 0.427110 -0.817972
v 1.165176 0.443410 -0.821102
v 1.152800 0.420257 -0.816656
v 1.165998 0.452705 -0.822887
v 1.120477 0.497415 -0.706885
v 1.129648 0.496580 -0.706725
v 1.145948 0.489828 -0.705428
v 1.138131 0.494007 -0.706231
v 1.158424 0.477353 -0.703033
v 1.165176 0.461053 -0.699903
v 1.162603 0.469535 -0.701532
v 1.152801 0.484205 -0.704349
v 1.076478 0.461053 -0.699903
v 1.088853 0.484205 -0.704349
v 1.079051 0.469535 -0.701532
v 1.083229 0.477353 -0.703033
v 1.095705 0.489829 -0.705428
v 1.103523 0.494007 -0.706231
v 1.112005 0.496580 -0.706725
v 1.076478 0.461053 -0.821284
v 1.112005 0.496580 -0.814462
v 1.120477 0.497415 -0.814301
v 1.079051 0.469535 -0.819655
v 1.083229 0.477353 -0.818154
v 1.088853 0.484205 -0.816838
v 1.103523 0.494007 -0.814956
v 1.095705 0.489829 -0.815758
v 1.152801 0.484205 -0.816838
v 1.162603 0.469535 -0.819655
v 1.165176 0.461053 -0.821284
v 1.158424 0.477353 -0.818154
v 1.129648 0.496580 -0.814462
v 1.145948 0.489828 -0.815758
v 1.138131 0.494007 -0.814956
vn -0.0000 1.0000 -0.0000
vn 0.1951 0.9808 -0.0000
vn 0.3827 0.9239 -0.0000
vn 0.5556 0.8315 -0.0000
vn 0.7071 0.7071 -0.0000
vn 0.8315 0.5556 -0.0000
vn 0.9239 0.3827 -0.0000
vn 0.9808 0.1951 -0.0000
vn 1.0000 -0.0000 -0.0000
vn 0.9808 -0.1951 -0.0000
vn 0.9239 -0.3827 -0.0000
vn 0.8315 -0.5556 -0.0000
vn 0.7071 -0.7071 -0.0000
vn 0.5556 -0.8315 -0.0000
vn 0.3827 -0.9239 -0.0000
vn 0.1951 -0.9808 -0.0000
vn -0.0000 -1.0000 -0.0000
vn -0.1951 -0.9808 -0.0000
vn -0.3827 -0.9239 -0.0000
vn -0.5556 -0.8315 -0.0000
vn -0.7071 -0.7071 -0.0000
vn -0.8315 -0.5556 -0.0000
vn -0.9239 -0.3827 -0.0000
vn -0.9808 -0.1951 -0.0000
vn -1.0000 -0.0000 -0.0000
vn -0.9808 0.1951 -0.0000
vn -0.9239 0.3827 -0.0000
vn -0.8315 0.5556 -0.0000
vn -0.7071 0.7071 -0.0000
vn -0.5556 0.8315 -0.0000
vn -0.3827 0.9239 -0.0000
vn -0.1951 0.9808 -0.0000
vn -0.0000 0.0771 0.9970
vn -0.0019 -0.0359 0.9994
vn -0.0000 -0.0356 0.9994
vn -0.0000 -0.1033 -0.9946
vn -0.0202 -0.1013 -0.9946
vn -0.0202 -0.1013 0.9946
vn -0.0000 -0.1033 0.9946
vn -0.0395 -0.0955 -0.9946
vn -0.0395 -0.0955 0.9946
vn -0.0574 -0.0859 -0.9946
vn -0.0574 -0.0859 0.9946
vn -0.0731 -0.0731 -0.9946
vn -0.0731 -0.0731 0.9946
vn -0.0859 -0.0574 -0.9946
vn -0.0859 -0.0574 0.9946
vn -0.0955 -0.0395 -0.9946
vn -0.0955 -0.0395 0.9946
vn -0.1013 -0.0202 -0.9946
vn -0.1013 -0.0202 0.9946
vn -0.1033 -0.0000 -0.9946
vn -0.1033 -0.0000 0.9946
vn -0.1013 0.0202 -0.9946
vn -0.1013 0.0202 0.9946
vn -0.0955 0.0395 -0.9946
vn -0.0955 0.0395 0.9946
vn -0.0859 0.0574 -0.9946
vn -0.0859 0.0574 0.9946
vn -0.0731 0.0731 -0.9946
vn -0.0731 0.0731 0.9946
vn -0.0574 0.0859 -0.9946
vn -0.0574 0.0859 0.9946
vn -0.0395 0.0955 -0.9946
vn -0.0395 0.0955 0.9946
vn -0.0202 0.1013 -0.9946
vn -0.0202 0.1013 0.9946
vn -0.0000 0.1033 -0.9946
vn -0.0000 0.1033 0.9946
vn 0.0202 0.1013 -0.9946
vn 0.0202 0.1013 0.9946
vn 0.0395 0.0955 -0.9946
vn 0.0395 0.0955 0.9946
vn 0.0574 0.0859 -0.9946
vn 0.0574 0.0859 0.9946
vn 0.0731 0.0731 -0.9946
vn 0.0731 0.0731 0.9946
vn 0.0859 0.0574 -0.9946
vn 0.0859 0.0574 0.9946
vn 0.0955 0.0395 -0.9946
vn 0.0955 0.0395 0.9946
vn 0.1013 0.0202 -0.9946
vn 0.1013 0.0202 0.9946
vn 0.1033 -0.0000 -0.9946
vn 0.1033 -0.0000 0.9946
vn 0.1013 -0.0202 -0.9946
vn 0.1013 -0.0202 0.9946
vn 0.0955 -0.0395 -0.9946
vn 0.0955 -0.0395 0.9946
vn 0.0859 -0.0574 -0.9946
vn 0.0859 -0.0574 0.9946
vn 0.0731 -0.0731 -0.9946
vn 0.0731 -0.0731 0.9946
vn 0.0574 -0.0859 -0.9946
vn 0.0574 -0.0859 0.9946
vn 0.0395 -0.0955 -0.9946
vn 0.0395 -0.0955 0.9946
vn 0.0202 -0.1013 -0.9946
vn 0.0202 -0.1013 0.9946
vn 0.0331 0.9995 -0.0000
vn 0.0330 -0.0000 0.9995
vn 0.0327 -0.0019 0.9995
vn 0.0325 -0.0000 0.9995
vn 0.0019 -0.0359 0.9994
vn 0.0009 0.0812 0.9967
vn -0.9995 -0.0308 -0.0000
vn -0.0331 -0.9995 -0.0000
vn -0.0327 -0.0000 0.9995
vn -0.0327 0.0018 0.9995
vn -0.0325 -0.0000 0.9995
vn -0.0000 0.0771 -0.9970
vn 0.0019 -0.0359 -0.9994
vn -0.0000 -0.0356 -0.9994
vn -0.0980 -0.9952 -0.0000
vn -0.9952 -0.0980 -0.0000
vn -0.9952 0.0980 -0.0000
vn -0.0980 0.9952 -0.0000
vn 0.0980 0.9952 -0.0000
vn 0.9952 0.0980 -0.0000
vn 0.9952 -0.0980 -0.0000
vn 0.0980 -0.9952 -0.0000
vn 0.9995 -0.0308 -0.0000
vn -0.0019 -0.0359 -0.9994
vn -0.0011 0.0812 -0.9967
vn -0.0009 -0.0812 -0.9967
vn -0.0000 -0.1886 -0.9821
vn -0.0327 -0.0019 0.9995
vn -0.0327 -0.0017 0.9995
vn 0.0009 -0.0812 -0.9967
vn 0.0327 0.0019 0.9995
vn 0.0328 0.0017 0.9995
vn 0.0009 -0.0812 0.9967
vn -0.0000 -0.1886 0.9821
vn -0.0009 -0.0812 0.9967
vn -0.0000 0.1886 -0.9821
vn -0.0331 0.9995 -0.0000
vn 0.0009 0.0812 -0.9967
vn 0.0331 -0.9995 -0.0000
vn -0.0000 0.1886 0.9821
vn -0.0009 0.0812 0.9967
vn -0.0019 0.0359 0.9994
vn -0.0000 -0.0767 0.9971
vn -0.0000 0.0356 0.9994
vn 0.0019 0.0359 0.9994
vn -0.9995 0.0308 -0.0000
vn 0.0019 0.0359 -0.9994
vn -0.0000 -0.0767 -0.9971
vn -0.0000 0.0356 -0.9994
vn 0.9995 0.0308 -0.0000
vn -0.0019 0.0359 -0.9994
vn -0.7608 -0.1349 -0.6348
vn -0.7678 -0.0000 -0.6407
vn -0.7609 -0.1350 -0.6347
vn -0.7608 -0.1349 0.6348
vn -0.7678 -0.0000 0.6407
vn 0.7608 -0.1349 0.6348
vn 0.7678 -0.0000 0.6407
vn 0.7609 -0.1350 0.6347
vn 0.7608 -0.1349 -0.6348
vn 0.7678 -0.0000 -0.6407
vn -0.7608 0.1349 -0.6348
vn -0.7608 0.1349 0.6348
vn -0.7609 0.1350 0.6347
vn 0.7608 0.1349 0.6348
vn 0.7608 0.1349 -0.6348
vn 0.7609 0.1350 -0.6347
vn 0.7315 0.6818 -0.0000
vn -0.7315 0.6818 -0.0000
vn -0.7315 -0.6818 -0.0000
vn 0.7315 -0.6818 -0.0000
vn 0.0327 -0.0000 -0.9995
vn 0.0327 -0.0018 -0.9995
vn 0.0327 -0.0017 -0.9995
vn 0.0327 0.0018 -0.9995
vn 0.0325 -0.0000 -0.9995
vn -0.0327 -0.0000 -0.9995
vn -0.0327 0.0018 -0.9995
vn -0.0327 0.0017 -0.9995
vn -0.0327 -0.0018 -0.9995
vn -0.0328 -0.0000 -0.9995
vn 0.0038 -1.0000 -0.0000
vn -0.1937 -0.9811 -0.0000
vn -0.3869 -0.9221 -0.0000
vn -0.5610 -0.8278 -0.0000
vn -0.7130 -0.7012 -0.0000
vn -0.8369 -0.5474 -0.0000
vn -0.9280 -0.3726 -0.0000
vn -0.9830 -0.1837 -0.0000
vn -1.0000 -0.0050 -0.0000
vn -0.9840 0.1782 -0.0000
vn -0.9280 0.3726 -0.0000
vn -0.8369 0.5474 -0.0000
vn -0.7130 0.7012 -0.0000
vn -0.5610 0.8278 -0.0000
vn -0.3869 0.9221 -0.0000
vn -0.1937 0.9811 -0.0000
vn 0.0038 1.0000 -0.0000
vn 0.1974 0.9803 -0.0000
vn 0.3869 0.9221 -0.0000
vn 0.5610 0.8278 -0.0000
vn 0.7130 0.7012 -0.0000
vn 0.8369 0.5474 -0.0000
vn 0.9280 0.3726 -0.0000
vn 0.9840 0.1782 -0.0000
vn 1.0000 -0.0050 -0.0000
vn 0.9830 -0.1837 -0.0000
vn 0.9280 -0.3726 -0.0000
vn 0.8369 -0.5474 -0.0000
vn 0.7130 -0.7012 -0.0000
vn 0.5610 -0.8278 -0.0000
vn 0.3869 -0.9221 -0.0000
vn 0.1974 -0.9803 -0.0000
vn -0.0000 -0.0000 1.0000
vn -0.0000 0.0006 1.0000
vn -0.0000 0.0006 -1.0000
vn -0.0000 -0.0000 -1.0000
vn 0.0327 -0.0017 0.9995
vn -0.0327 0.0017 0.9995
vn -0.7609 -0.1350 0.6347
vn 0.7609 -0.1350 -0.6347
vn -0.7609 0.1350 -0.6347
vn 0.7609 0.1350 0.6347
vn 0.0327 0.0017 -0.9995
vn -0.0327 -0.0017 -0.9995
vn -0.0017 -0.0359 -0.9994
vn 0.0330 -0.0000 -0.9995
vn 0.0327 -0.0019 -0.9995
vn 0.0017 -0.0359 -0.9994
vn -0.0325 -0.0000 -0.9995
vn 0.0018 -0.0359 0.9994
vn -0.0011 0.0812 0.9967
vn -0.0018 -0.0359 0.9994
vn -0.0327 -0.0019 -0.9995
vn 0.0328 0.0016 -0.9995
vn 0.0327 0.0019 -0.9995
vn 0.0008 0.0812 0.9967
vn -0.0009 0.0812 -0.9967
vn -0.0017 0.0359 -0.9994
vn 0.0017 0.0359 -0.9994
vn 0.0018 0.0359 0.9994
vn -0.0018 0.0359 0.9994
vn -0.7609 -0.1349 -0.6347
vn 0.7609 -0.1349 0.6347
vn -0.7609 0.1349 0.6347
vn 0.7609 0.1349 -0.6347
vn 0.0327 -0.0000 0.9995
vn 0.0327 -0.0018 0.9995
vn 0.0327 0.0018 0.9995
vn -0.0328 0.0017 0.9995
vn -0.0329 -0.0000 0.9995
vn -0.0327 -0.0018 0.9995
vn -0.0000 -0.1885 -0.9821
vn -0.0000 0.1885 0.9821
vn -0.0000 -0.1885 0.9821
vn -0.0328 0.0017 -0.9995
vt 0.001953 0.283420
vt 0.036870 0.265828
vt 0.036870 0.283420
vt 0.001953 0.265828
vt 0.036870 0.248237
vt 0.001953 0.248237
vt 0.036870 0.230645
vt 0.001953 0.230645
vt 0.036870 0.213053
vt 0.001953 0.213053
vt 0.036870 0.195462
vt 0.001953 0.195462
vt 0.036870 0.177870
vt 0.001953 0.177870
vt 0.036870 0.160278
vt 0.001953 0.160278
vt 0.036870 0.142687
vt 0.001953 0.142687
vt 0.036870 0.125095
vt 0.001953 0.125095
vt 0.036870 0.107503
vt 0.001953 0.107503
vt 0.036870 0.089912
vt 0.001953 0.089912
vt 0.036870 0.072320
vt 0.001953 0.072320
vt 0.036870 0.054728
vt 0.001953 0.054728
vt 0.036870 0.037137
vt 0.001953 0.037137
vt 0.036870 0.019545
vt 0.001953 0.019545
vt 0.036870 0.001953
vt 0.001953 0.564887
vt 0.036870 0.547295
vt 0.036870 0.564887
vt 0.001953 0.547295
vt 0.036870 0.529704
vt 0.001953 0.529704
vt 0.036870 0.512112
vt 0.001953 0.512112
vt 0.036870 0.494521
vt 0.001953 0.494521
vt 0.036870 0.476929
vt 0.001953 0.476929
vt 0.036870 0.459337
vt 0.001953 0.459337
vt 0.036870 0.441745
vt 0.001953 0.424154
vt 0.036870 0.424154
vt 0.001953 0.406562
vt 0.036870 0.406562
vt 0.036870 0.388970
vt 0.001953 0.388970
vt 0.036870 0.371379
vt 0.001953 0.371379
vt 0.036870 0.353787
vt 0.001953 0.353787
vt 0.036870 0.336195
vt 0.001953 0.336195
vt 0.036870 0.318603
vt 0.574766 0.706326
vt 0.544268 0.692903
vt 0.574766 0.692903
vt 0.001953 0.318603
vt 0.036870 0.301012
vt 0.001953 0.301012
vt 0.827914 0.924973
vt 0.770605 0.935685
vt 0.770605 0.924973
vt 0.065006 0.249476
vt 0.043675 0.234005
vt 0.065006 0.234005
vt 0.093143 0.264944
vt 0.071811 0.249474
vt 0.093143 0.249474
vt 0.043675 0.218535
vt 0.065006 0.218535
vt 0.093143 0.280414
vt 0.071811 0.264944
vt 0.043675 0.203065
vt 0.065006 0.203065
vt 0.071811 0.295884
vt 0.071811 0.280414
vt 0.043675 0.187595
vt 0.065006 0.187595
vt 0.093143 0.311354
vt 0.093143 0.295884
vt 0.065006 0.172125
vt 0.043675 0.172125
vt 0.093143 0.326824
vt 0.071811 0.311354
vt 0.043675 0.156655
vt 0.065006 0.156655
vt 0.093143 0.342294
vt 0.071811 0.326824
vt 0.043675 0.141185
vt 0.065006 0.141185
vt 0.071811 0.357764
vt 0.071811 0.342294
vt 0.043675 0.125714
vt 0.065006 0.125714
vt 0.093143 0.357764
vt 0.071811 0.373234
vt 0.043675 0.110244
vt 0.065006 0.110244
vt 0.093143 0.373234
vt 0.071811 0.388704
vt 0.043675 0.094774
vt 0.065006 0.094774
vt 0.093143 0.404174
vt 0.093143 0.388704
vt 0.065006 0.079304
vt 0.043675 0.079304
vt 0.093143 0.419644
vt 0.071811 0.404174
vt 0.043675 0.063834
vt 0.065006 0.063834
vt 0.071811 0.435114
vt 0.071811 0.419644
vt 0.043675 0.048363
vt 0.065006 0.048363
vt 0.093143 0.450584
vt 0.093143 0.435114
vt 0.065006 0.032894
vt 0.043675 0.032894
vt 0.093143 0.466054
vt 0.071811 0.450584
vt 0.043675 0.017423
vt 0.065006 0.017423
vt 0.093143 0.481525
vt 0.071811 0.466054
vt 0.043675 0.001953
vt 0.065006 0.001953
vt 0.071811 0.496995
vt 0.071811 0.481525
vt 0.065006 0.481528
vt 0.043675 0.496998
vt 0.043675 0.481528
vt 0.093143 0.017423
vt 0.071811 0.001953
vt 0.093143 0.001953
vt 0.065006 0.466058
vt 0.043675 0.466058
vt 0.093143 0.032893
vt 0.071811 0.017423
vt 0.043675 0.450588
vt 0.065006 0.450588
vt 0.071811 0.048363
vt 0.071811 0.032893
vt 0.065006 0.435117
vt 0.043675 0.435117
vt 0.093143 0.063833
vt 0.093143 0.048363
vt 0.065006 0.419647
vt 0.043675 0.419647
vt 0.093143 0.079303
vt 0.071811 0.063833
vt 0.043675 0.404177
vt 0.065006 0.404177
vt 0.093143 0.094773
vt 0.071811 0.079303
vt 0.043675 0.388707
vt 0.065006 0.388707
vt 0.093143 0.110243
vt 0.071811 0.094773
vt 0.065006 0.373237
vt 0.043675 0.373237
vt 0.093143 0.125713
vt 0.071811 0.110243
vt 0.043675 0.357767
vt 0.065006 0.357767
vt 0.093143 0.141184
vt 0.071811 0.125713
vt 0.043675 0.342297
vt 0.065006 0.342297
vt 0.093143 0.156654
vt 0.071811 0.141184
vt 0.065006 0.326826
vt 0.043675 0.326826
vt 0.071811 0.172123
vt 0.071811 0.156654
vt 0.065006 0.311356
vt 0.043675 0.311356
vt 0.093143 0.187594
vt 0.093143 0.172123
vt 0.065006 0.295886
vt 0.043675 0.295886
vt 0.071811 0.203064
vt 0.071811 0.187594
vt 0.065006 0.280416
vt 0.043675 0.280416
vt 0.093143 0.218534
vt 0.093143 0.203064
vt 0.043675 0.264946
vt 0.065006 0.264946
vt 0.093143 0.234004
vt 0.071811 0.218534
vt 0.043675 0.249476
vt 0.071811 0.234004
vt 0.574766 0.719748
vt 0.544268 0.706326
vt 0.574766 0.733170
vt 0.544268 0.719748
vt 0.574766 0.746593
vt 0.544268 0.733170
vt 0.574766 0.760015
vt 0.544268 0.746593
vt 0.574766 0.773438
vt 0.544268 0.760015
vt 0.722969 0.996530
vt 0.666213 0.973246
vt 0.722969 0.973246
vt 0.307642 0.883360
vt 0.364783 0.873562
vt 0.364783 0.883360
vt 0.574766 0.813705
vt 0.544268 0.800283
vt 0.574766 0.800283
vt 0.574766 0.827128
vt 0.544268 0.813705
vt 0.574766 0.840550
vt 0.544268 0.827128
vt 0.574766 0.853973
vt 0.544268 0.840550
vt 0.574766 0.867395
vt 0.544268 0.853973
vt 0.574766 0.880818
vt 0.544268 0.867395
vt 0.770605 0.914261
vt 0.827914 0.916011
vt 0.850092 0.997426
vt 0.793336 0.974321
vt 0.850092 0.974321
vt 0.574766 0.491566
vt 0.544268 0.478143
vt 0.574766 0.478143
vt 0.574766 0.504989
vt 0.544268 0.491566
vt 0.574766 0.518411
vt 0.544268 0.504989
vt 0.574766 0.531833
vt 0.544268 0.518411
vt 0.574766 0.545256
vt 0.544268 0.531833
vt 0.544268 0.558678
vt 0.544268 0.545256
vt 0.666213 0.943156
vt 0.722970 0.966440
vt 0.666213 0.966440
vt 0.970735 0.279390
vt 0.980533 0.336530
vt 0.970735 0.336530
vt 0.574766 0.585523
vt 0.544268 0.598946
vt 0.544268 0.585523
vt 0.574766 0.612368
vt 0.574766 0.598946
vt 0.574766 0.625791
vt 0.544268 0.612368
vt 0.544268 0.639213
vt 0.544268 0.625791
vt 0.574766 0.652636
vt 0.574766 0.639213
vt 0.574766 0.666058
vt 0.544268 0.652636
vt 0.761854 0.781820
vt 0.705027 0.790895
vt 0.705150 0.781110
vt 0.546933 0.668723
vt 0.544268 0.679480
vt 0.544268 0.666058
vt 0.572100 0.668723
vt 0.574766 0.679480
vt 0.572100 0.679480
vt 0.546933 0.582858
vt 0.544268 0.572101
vt 0.546933 0.572101
vt 0.572100 0.582858
vt 0.574766 0.572101
vt 0.546933 0.561343
vt 0.572100 0.561343
vt 0.572100 0.572101
vt 0.546933 0.475478
vt 0.544268 0.464721
vt 0.546933 0.464721
vt 0.572100 0.475478
vt 0.574766 0.464721
vt 0.546933 0.883483
vt 0.544268 0.894240
vt 0.544268 0.880817
vt 0.572100 0.883483
vt 0.574766 0.894240
vt 0.572100 0.894240
vt 0.546933 0.797617
vt 0.544268 0.786860
vt 0.546933 0.786860
vt 0.572100 0.797617
vt 0.574766 0.786860
vt 0.546933 0.776103
vt 0.544268 0.773438
vt 0.572100 0.776103
vt 0.572100 0.786860
vt 0.546933 0.690238
vt 0.546933 0.679480
vt 0.572100 0.690238
vt 0.574766 0.558678
vt 0.463652 0.998047
vt 0.406897 0.974942
vt 0.463652 0.974942
vt 0.705273 0.771324
vt 0.761976 0.772034
vt 0.784427 0.771432
vt 0.779428 0.774668
vt 0.778040 0.773520
vt 0.960937 0.336530
vt 0.960937 0.279390
vt 0.784181 0.791016
vt 0.779267 0.787517
vt 0.780435 0.786155
vt 0.364783 0.893158
vt 0.307642 0.893158
vt 0.849516 0.914261
vt 0.845500 0.918581
vt 0.844090 0.917444
vt 0.849516 0.933933
vt 0.845500 0.931507
vt 0.846658 0.930122
vt 0.766344 0.774504
vt 0.765176 0.775866
vt 0.729775 0.974321
vt 0.786531 0.997606
vt 0.729775 0.997606
vt 0.761731 0.791606
vt 0.766183 0.787353
vt 0.767571 0.788500
vt 0.968081 0.996273
vt 0.911324 0.972989
vt 0.968081 0.972989
vt 0.832338 0.918581
vt 0.831181 0.919966
vt 0.827914 0.933936
vt 0.832338 0.931507
vt 0.833749 0.932644
vt 0.906512 0.933934
vt 0.849516 0.924097
vt 0.906512 0.924097
vt 0.906512 0.914261
vt 0.527213 0.998047
vt 0.470458 0.974942
vt 0.527213 0.974942
vt 0.840921 0.791728
vt 0.784304 0.781224
vt 0.841044 0.781935
vt 0.343336 0.974942
vt 0.400092 0.998047
vt 0.343336 0.998047
vt 0.841167 0.772144
vt 0.493858 0.693429
vt 0.491933 0.702486
vt 0.492490 0.691174
vt 0.489520 0.603884
vt 0.491445 0.612942
vt 0.489520 0.612942
vt 0.491929 0.651847
vt 0.493854 0.642789
vt 0.493298 0.654102
vt 0.489520 0.664189
vt 0.491445 0.673247
vt 0.489520 0.673247
vt 0.493858 0.711543
vt 0.493858 0.702486
vt 0.489520 0.622000
vt 0.490889 0.624255
vt 0.491929 0.633732
vt 0.491929 0.642789
vt 0.489520 0.682304
vt 0.490889 0.684559
vt 0.489520 0.749154
vt 0.492085 0.770389
vt 0.489520 0.770568
vt 0.494494 0.742511
vt 0.491929 0.721276
vt 0.494494 0.721096
vt 0.109318 0.496198
vt 0.111883 0.474963
vt 0.111883 0.496019
vt 0.102513 0.474783
vt 0.099948 0.496019
vt 0.099948 0.474963
vt 0.336530 0.967786
vt 0.279390 0.957988
vt 0.336530 0.957988
vt 0.279390 0.977584
vt 0.279390 0.967786
vt 0.970735 0.400476
vt 0.980533 0.343336
vt 0.980533 0.400476
vt 0.960937 0.343336
vt 0.970735 0.343336
vt 0.913318 0.942528
vt 0.936159 0.940677
vt 0.936159 0.942528
vt 0.913318 0.938892
vt 0.913318 0.940677
vt 0.913318 0.937102
vt 0.936159 0.938892
vt 0.913318 0.935306
vt 0.936159 0.937102
vt 0.913318 0.933505
vt 0.936159 0.935306
vt 0.913318 0.931697
vt 0.936159 0.933505
vt 0.913318 0.929885
vt 0.936159 0.931697
vt 0.936159 0.928168
vt 0.913318 0.928168
vt 0.936159 0.926258
vt 0.913318 0.924446
vt 0.913318 0.926258
vt 0.936159 0.922638
vt 0.913318 0.922638
vt 0.936159 0.920836
vt 0.913318 0.920836
vt 0.936159 0.919041
vt 0.913318 0.919041
vt 0.936159 0.917252
vt 0.913318 0.917252
vt 0.936159 0.915466
vt 0.913318 0.915466
vt 0.936159 0.913615
vt 0.913318 0.913615
vt 0.936159 0.911903
vt 0.913318 0.911903
vt 0.936159 0.910118
vt 0.913318 0.910118
vt 0.936159 0.908328
vt 0.913318 0.908328
vt 0.936159 0.906533
vt 0.913318 0.904731
vt 0.936159 0.904731
vt 0.936159 0.902923
vt 0.913318 0.902923
vt 0.936159 0.901111
vt 0.913318 0.899202
vt 0.913318 0.901111
vt 0.936159 0.897484
vt 0.936159 0.899202
vt 0.913318 0.897484
vt 0.936159 0.895672
vt 0.913318 0.893865
vt 0.913318 0.895672
vt 0.913318 0.892063
vt 0.936159 0.893865
vt 0.913318 0.890267
vt 0.936159 0.892063
vt 0.913318 0.888478
vt 0.936159 0.890267
vt 0.913318 0.886693
vt 0.936159 0.888478
vt 0.936159 0.884981
vt 0.936159 0.886693
vt 0.829791 0.923261
vt 0.829620 0.924973
vt 0.838822 0.914261
vt 0.835358 0.916600
vt 0.838822 0.915913
vt 0.837104 0.916080
vt 0.830321 0.921546
vt 0.833749 0.917444
vt 0.837104 0.934008
vt 0.838822 0.934174
vt 0.838822 0.935685
vt 0.830321 0.928542
vt 0.829791 0.926827
vt 0.835358 0.933488
vt 0.831181 0.930122
vt 0.840735 0.916080
vt 0.842481 0.916600
vt 0.847518 0.921546
vt 0.848219 0.924973
vt 0.848048 0.923261
vt 0.846658 0.919966
vt 0.848047 0.926827
vt 0.842481 0.933488
vt 0.840735 0.934008
vt 0.847518 0.928542
vt 0.844090 0.932644
vt 0.772595 0.790086
vt 0.772574 0.791728
vt 0.770889 0.789899
vt 0.769160 0.789360
vt 0.764215 0.784380
vt 0.763560 0.780964
vt 0.763709 0.782669
vt 0.765050 0.785962
vt 0.763754 0.779124
vt 0.772841 0.770431
vt 0.769370 0.772572
vt 0.772822 0.771933
vt 0.771112 0.772076
vt 0.764302 0.777426
vt 0.767760 0.773391
vt 0.774722 0.772122
vt 0.781397 0.777640
vt 0.782049 0.781196
vt 0.781902 0.779351
vt 0.776451 0.772660
vt 0.780561 0.776059
vt 0.781857 0.782897
vt 0.781310 0.784594
vt 0.776241 0.789449
vt 0.774499 0.789944
vt 0.777851 0.788629
vt 0.001953 0.001953
vt 0.001953 0.441745
vt 0.093143 0.496995
vt 0.065006 0.496998
vt 0.666213 0.996530
vt 0.307642 0.873562
vt 0.793336 0.997426
vt 0.722970 0.943156
vt 0.980533 0.279390
vt 0.572100 0.464721
vt 0.546933 0.894240
vt 0.406897 0.998047
vt 0.786531 0.974321
vt 0.911324 0.996273
vt 0.470458 0.998047
vt 0.400092 0.974942
vt 0.490889 0.601629
vt 0.490889 0.661935
vt 0.492490 0.713797
vt 0.493298 0.631477
vt 0.492085 0.749333
vt 0.491929 0.742332
vt 0.109318 0.474784
vt 0.102513 0.496199
vt 0.336530 0.977584
vt 0.960937 0.400476
vt 0.936159 0.929885
vt 0.936159 0.924446
vt 0.913318 0.906533
vt 0.913318 0.884981
s 1
usemtl cart
f 744/1017/318 742/1018/319 741/1019/318
f 743/1020/319 745/1021/320 742/1018/319
f 746/1022/320 747/1023/321 745/1021/320
f 748/1024/321 749/1025/322 747/1023/321
f 750/1026/322 751/1027/323 749/1025/322
f 752/1028/323 753/1029/324 751/1027/323
f 754/1030/324 755/1031/325 753/1029/324
f 756/1032/325 757/1033/326 755/1031/325
f 758/1034/326 759/1035/327 757/1033/326
f 760/1036/327 761/1037/328 759/1035/327
f 762/1038/328 763/1039/329 761/1037/328
f 764/1040/329 765/1041/330 763/1039/329
f 766/1042/330 767/1043/331 765/1041/330
f 768/1044/331 769/1045/332 767/1043/331
f 770/1046/332 771/1047/333 769/1045/332
f 772/1048/333 773/1049/334 771/1047/333
f 774/1050/334 775/1051/335 773/1052/334
f 776/1053/335 777/1054/336 775/1051/335
f 778/1055/336 779/1056/337 777/1054/336
f 780/1057/337 781/1058/338 779/1056/337
f 782/1059/338 783/1060/339 781/1058/338
f 784/1061/339 785/1062/340 783/1060/339
f 786/1063/340 787/1064/341 785/1062/340
f 787/1064/341 790/1065/342 789/1066/342
f 789/1066/342 792/1067/343 791/1068/343
f 792/1067/343 793/1069/344 791/1068/343
f 794/1070/344 795/1071/345 793/1069/344
f 796/1072/345 797/1073/346 795/1071/345
f 798/1074/346 799/1075/347 797/1073/346
f 800/1076/347 801/1077/348 799/1075/347
f 738/1078/332 827/1079/333 828/1080/333
f 802/1081/348 803/1082/349 801/1077/348
f 804/1083/349 741/1019/318 803/1082/349
f 835/1084/350 680/1085/351 678/1086/352
f 805/1087/353 742/1088/354 806/1089/354
f 807/1090/355 744/1091/356 808/1092/356
f 806/1089/354 745/1093/357 681/1094/357
f 682/1095/358 743/1096/355 807/1090/355
f 681/1094/357 747/1097/359 683/1098/359
f 682/1095/358 748/1099/360 746/1100/358
f 683/1098/359 749/1101/361 685/1102/361
f 686/1103/362 748/1099/360 684/1104/360
f 687/1105/363 749/1101/361 751/1106/363
f 688/1107/364 750/1108/362 686/1103/362
f 687/1105/363 753/1109/365 689/1110/365
f 690/1111/366 752/1112/364 688/1107/364
f 689/1110/365 755/1113/367 809/1114/367
f 690/1111/366 756/1115/368 754/1116/366
f 809/1114/367 757/1117/369 810/1118/369
f 812/1119/368 758/1120/370 756/1115/368
f 810/1118/369 759/1121/371 813/1122/371
f 811/1123/370 760/1124/372 758/1120/370
f 813/1122/371 761/1125/373 697/1126/373
f 698/1127/374 760/1124/372 814/1128/372
f 699/1129/375 761/1125/373 763/1130/375
f 700/1131/376 762/1132/374 698/1127/374
f 699/1129/375 765/1133/377 701/1134/377
f 700/1131/376 766/1135/378 764/1136/376
f 701/1134/377 767/1137/379 703/1138/379
f 704/1139/380 766/1135/378 702/1140/378
f 705/1141/381 767/1137/379 769/1142/381
f 706/1143/382 768/1144/380 704/1139/380
f 705/1141/381 771/1145/383 815/1146/383
f 818/1147/384 770/1148/382 706/1143/382
f 815/1146/383 773/1149/385 816/1150/385
f 818/1147/384 774/1151/386 772/1152/384
f 819/1153/387 773/1154/385 775/1155/387
f 820/1156/388 774/1157/386 817/1158/386
f 713/1159/389 775/1155/387 777/1160/389
f 714/1161/390 776/1162/388 820/1156/388
f 713/1159/389 779/1163/391 715/1164/391
f 714/1161/390 780/1165/392 778/1166/390
f 717/1167/393 779/1163/391 781/1168/393
f 718/1169/394 780/1165/392 716/1170/392
f 719/1171/395 781/1168/393 783/1172/395
f 720/1173/396 782/1174/394 718/1169/394
f 719/1171/395 785/1175/397 721/1176/397
f 722/1177/398 784/1178/396 720/1173/396
f 721/1176/397 787/1179/399 821/1180/399
f 824/1181/400 786/1182/398 722/1177/398
f 822/1183/401 787/1179/399 789/1184/401
f 823/1185/402 788/1186/400 824/1181/400
f 822/1183/401 791/1187/403 825/1188/403
f 826/1189/404 790/1190/402 823/1185/402
f 825/1188/403 793/1191/405 729/1192/405
f 730/1193/406 792/1194/404 826/1189/404
f 731/1195/407 793/1191/405 795/1196/407
f 730/1193/406 796/1197/408 794/1198/406
f 733/1199/409 795/1196/407 797/1200/409
f 734/1201/410 796/1197/408 732/1202/408
f 735/1203/411 797/1200/409 799/1204/411
f 734/1201/410 800/1205/412 798/1206/410
f 737/1207/413 799/1204/411 801/1208/413
f 738/1209/414 800/1205/412 736/1210/412
f 737/1207/413 803/1211/415 827/1212/415
f 828/1213/416 802/1214/414 738/1209/414
f 827/1212/415 741/1215/353 805/1087/353
f 828/1213/416 744/1091/356 804/1216/416
f 736/1217/331 737/1218/332 738/1078/332
f 734/1219/330 735/1220/331 736/1217/331
f 732/1221/329 733/1222/330 734/1219/330
f 730/1223/328 731/1224/329 732/1221/329
f 826/1225/327 729/1226/328 730/1223/328
f 833/1227/417 728/1228/417 834/1229/417
f 830/1230/418 728/1231/419 726/1232/420
f 722/1233/324 821/1234/325 824/1235/325
f 720/1236/323 721/1237/324 722/1233/324
f 718/1238/322 719/1239/323 720/1236/323
f 716/1240/321 717/1241/322 718/1238/322
f 714/1242/320 715/1243/321 716/1240/321
f 820/1244/319 713/1245/320 714/1242/320
f 835/1084/350 740/1246/421 854/1247/422
f 854/1248/423 739/1249/423 853/1250/423
f 706/1251/348 815/1252/349 818/1253/349
f 704/1254/347 705/1255/348 706/1251/348
f 702/1256/346 703/1257/347 704/1254/347
f 700/1258/345 701/1259/346 702/1256/346
f 698/1260/344 699/1261/345 700/1258/345
f 698/1260/344 813/1262/343 697/1263/344
f 844/1264/424 696/1265/424 843/1266/424
f 831/1267/425 696/1268/426 694/1269/427
f 812/1270/341 689/1271/340 809/1272/341
f 688/1273/339 689/1271/340 690/1274/340
f 686/1275/338 687/1276/339 688/1273/339
f 686/1275/338 683/1277/337 685/1278/338
f 682/1279/336 683/1277/337 684/1280/337
f 807/1281/335 681/1282/336 682/1279/336
f 838/1283/428 739/1284/429 677/1285/430
f 679/1286/431 805/1287/334 806/1288/335
f 680/1289/431 808/1290/334 678/1291/334
f 691/1292/432 810/1293/342 693/1294/342
f 692/1295/432 811/1296/342 812/1270/341
f 695/1297/433 810/1293/342 813/1262/343
f 696/1298/433 811/1296/342 694/1299/342
f 707/1300/434 816/1301/318 709/1302/318
f 708/1303/434 817/1304/318 818/1253/349
f 711/1305/435 816/1306/318 819/1307/319
f 712/1308/435 817/1309/318 710/1310/318
f 723/1311/436 822/1312/326 725/1313/326
f 724/1314/436 823/1315/326 824/1235/325
f 727/1316/437 822/1312/326 825/1317/327
f 728/1318/437 823/1315/326 726/1319/326
f 739/1320/438 805/1287/334 677/1321/334
f 740/1322/438 808/1290/334 828/1080/333
f 740/1322/438 827/1079/333 739/1320/438
f 727/1316/437 826/1225/327 728/1318/437
f 724/1314/436 821/1234/325 723/1311/436
f 711/1305/435 820/1244/319 712/1308/435
f 708/1303/434 815/1252/349 707/1300/434
f 695/1297/433 814/1323/343 696/1298/433
f 692/1295/432 809/1272/341 691/1292/432
f 679/1286/431 807/1281/335 680/1289/431
f 856/1324/439 680/1325/439 855/1326/439
f 838/1283/428 679/1327/440 856/1328/441
f 851/1329/442 862/1330/443 861/1331/443
f 831/1267/425 692/1332/444 836/1333/445
f 845/1334/446 872/1335/443 869/1336/443
f 830/1230/418 724/1337/447 841/1338/448
f 847/1339/449 880/1340/450 881/1341/450
f 849/1342/451 889/1343/450 884/1344/450
f 856/1328/441 898/1345/452 893/1346/452
f 836/1347/453 691/1348/453 837/1349/453
f 853/1350/454 900/1351/452 902/1352/452
f 841/1353/455 723/1354/455 840/1355/455
f 854/1247/422 911/1356/456 913/1357/456
f 855/1358/457 914/1359/456 917/1360/456
f 708/1361/458 842/1362/459 710/1363/460
f 712/1364/461 842/1362/459 847/1339/449
f 712/1365/462 845/1366/462 711/1367/462
f 711/1368/463 839/1369/464 709/1370/465
f 707/1371/466 849/1372/466 708/1373/466
f 707/1374/467 839/1369/464 851/1329/442
f 840/1375/468 846/1376/469 845/1377/470
f 841/1378/471 848/1379/472 830/1380/472
f 843/1381/473 850/1382/474 849/1383/475
f 844/1384/476 852/1385/477 832/1386/477
f 833/1387/478 846/1376/469 829/1388/469
f 834/1389/479 848/1379/472 854/1390/480
f 836/1391/481 850/1382/474 831/1392/474
f 837/1393/482 852/1385/477 856/1394/483
f 837/1395/484 855/1396/484 836/1397/484
f 834/1398/485 853/1399/485 833/1400/485
f 841/1401/486 845/1402/486 847/1403/486
f 844/1404/487 849/1405/487 851/1406/487
f 829/1407/488 727/1408/489 833/1409/490
f 829/1407/488 723/1410/491 725/1411/492
f 832/1412/493 695/1413/494 844/1414/495
f 832/1412/493 691/1415/496 693/1416/497
f 891/1417/498 918/1418/499 908/1419/498
f 894/1420/500 918/1418/499 892/1421/499
f 893/1422/501 920/1423/500 894/1420/500
f 898/1424/502 919/1425/501 893/1422/501
f 895/1426/503 914/1427/502 898/1424/502
f 897/1428/504 917/1429/503 895/1426/503
f 896/1430/505 915/1431/504 897/1428/504
f 890/1432/506 896/1430/505 863/1433/506
f 863/1433/506 888/1434/507 890/1432/506
f 865/1435/508 888/1434/507 864/1436/507
f 887/1437/509 865/1435/508 861/1438/509
f 889/1439/510 861/1438/509 862/1440/510
f 862/1440/510 884/1441/511 889/1439/510
f 860/1442/511 885/1443/512 884/1441/511
f 859/1444/512 883/1445/513 885/1443/512
f 857/1446/513 877/1447/514 883/1445/513
f 858/1448/514 876/1449/515 877/1447/514
f 870/1450/515 874/1451/516 876/1449/515
f 871/1452/516 875/1453/517 874/1451/516
f 869/1454/517 880/1455/518 875/1453/517
f 880/1455/518 867/1456/519 881/1457/519
f 867/1456/519 882/1458/520 881/1457/519
f 868/1459/520 879/1460/521 882/1458/520
f 873/1461/522 879/1460/521 866/1462/521
f 873/1461/522 906/1463/523 878/1464/522
f 899/1465/523 909/1466/524 906/1463/523
f 902/1467/525 909/1466/524 901/1468/524
f 900/1469/526 910/1470/525 902/1467/525
f 903/1471/527 911/1472/526 900/1469/526
f 904/1473/528 913/1474/527 903/1471/527
f 905/1475/529 912/1476/528 904/1473/528
f 905/1475/529 908/1477/498 907/1478/529
f 907/1479/456 908/1480/456 835/1084/350
f 854/1247/422 848/1481/530 909/1482/456
f 848/1481/530 878/1483/531 906/1484/456
f 848/1481/530 906/1484/456 909/1482/456
f 907/1479/456 835/1084/350 912/1485/456
f 835/1084/350 854/1247/422 912/1485/456
f 854/1247/422 909/1482/456 910/1486/456
f 913/1357/456 912/1485/456 854/1247/422
f 854/1247/422 910/1486/456 911/1356/456
f 916/1487/456 890/1488/531 850/1489/530
f 855/1358/457 835/1084/350 920/1490/456
f 835/1084/350 908/1480/456 918/1491/456
f 835/1084/350 918/1491/456 920/1490/456
f 916/1487/456 850/1489/530 915/1492/456
f 850/1489/530 855/1358/457 915/1492/456
f 855/1358/457 920/1490/456 919/1493/456
f 917/1360/456 915/1492/456 855/1358/457
f 855/1358/457 919/1493/456 914/1359/456
f 878/1483/531 848/1481/530 879/1494/450
f 848/1481/530 847/1339/449 882/1495/450
f 879/1494/450 848/1481/530 882/1495/450
f 847/1339/449 842/1362/459 874/1496/450
f 842/1362/459 877/1497/450 876/1498/450
f 842/1362/459 876/1498/450 874/1496/450
f 847/1339/449 874/1496/450 875/1499/450
f 881/1341/450 882/1495/450 847/1339/449
f 847/1339/449 875/1499/450 880/1340/450
f 883/1500/450 877/1497/450 842/1362/459
f 849/1342/451 850/1489/530 886/1501/450
f 850/1489/530 890/1488/531 888/1502/450
f 850/1489/530 888/1502/450 886/1501/450
f 883/1500/450 842/1362/459 885/1503/450
f 842/1362/459 849/1342/451 885/1503/450
f 849/1342/451 886/1501/450 887/1504/450
f 884/1344/450 885/1503/450 849/1342/451
f 849/1342/451 887/1504/450 889/1343/450
f 873/1505/532 846/1506/533 899/1507/452
f 846/1506/533 853/1350/454 901/1508/452
f 899/1507/452 846/1506/533 901/1508/452
f 853/1350/454 838/1283/428 904/1509/452
f 838/1283/428 891/1510/452 905/1511/452
f 838/1283/428 905/1511/452 904/1509/452
f 853/1350/454 904/1509/452 903/1512/452
f 902/1352/452 901/1508/452 853/1350/454
f 853/1350/454 903/1512/452 900/1351/452
f 892/1513/452 891/1510/452 838/1283/428
f 856/1328/441 852/1514/533 897/1515/452
f 852/1514/533 863/1516/532 896/1517/452
f 852/1514/533 896/1517/452 897/1515/452
f 892/1513/452 838/1283/428 894/1518/452
f 838/1283/428 856/1328/441 894/1518/452
f 856/1328/441 897/1515/452 895/1519/452
f 893/1346/452 894/1518/452 856/1328/441
f 856/1328/441 895/1519/452 898/1345/452
f 864/1520/443 863/1516/532 852/1514/533
f 851/1329/442 839/1369/464 859/1521/443
f 839/1369/464 858/1522/443 857/1523/443
f 839/1369/464 857/1523/443 859/1521/443
f 864/1520/443 852/1514/533 865/1524/443
f 852/1514/533 851/1329/442 865/1524/443
f 851/1329/442 859/1521/443 860/1525/443
f 861/1331/443 865/1524/443 851/1329/442
f 851/1329/442 860/1525/443 862/1330/443
f 858/1522/443 839/1369/464 870/1526/443
f 839/1369/464 845/1334/446 871/1527/443
f 870/1526/443 839/1369/464 871/1527/443
f 845/1334/446 846/1506/533 868/1528/443
f 846/1506/533 873/1505/532 866/1529/443
f 846/1506/533 866/1529/443 868/1528/443
f 845/1334/446 868/1528/443 867/1530/443
f 869/1336/443 871/1527/443 845/1334/446
f 845/1334/446 867/1530/443 872/1335/443
f 744/1017/318 743/1020/319 742/1018/319
f 743/1020/319 746/1022/320 745/1021/320
f 746/1022/320 748/1024/321 747/1023/321
f 748/1024/321 750/1026/322 749/1025/322
f 750/1026/322 752/1028/323 751/1027/323
f 752/1028/323 754/1030/324 753/1029/324
f 754/1030/324 756/1032/325 755/1031/325
f 756/1032/325 758/1034/326 757/1033/326
f 758/1034/326 760/1036/327 759/1035/327
f 760/1036/327 762/1038/328 761/1037/328
f 762/1038/328 764/1040/329 763/1039/329
f 764/1040/329 766/1042/330 765/1041/330
f 766/1042/330 768/1044/331 767/1043/331
f 768/1044/331 770/1046/332 769/1045/332
f 770/1046/332 772/1048/333 771/1047/333
f 772/1048/333 774/1531/334 773/1049/334
f 774/1050/334 776/1053/335 775/1051/335
f 776/1053/335 778/1055/336 777/1054/336
f 778/1055/336 780/1057/337 779/1056/337
f 780/1057/337 782/1059/338 781/1058/338
f 782/1059/338 784/1061/339 783/1060/339
f 784/1061/339 786/1063/340 785/1062/340
f 786/1063/340 788/1532/341 787/1064/341
f 787/1064/341 788/1532/341 790/1065/342
f 789/1066/342 790/1065/342 792/1067/343
f 792/1067/343 794/1070/344 793/1069/344
f 794/1070/344 796/1072/345 795/1071/345
f 796/1072/345 798/1074/346 797/1073/346
f 798/1074/346 800/1076/347 799/1075/347
f 800/1076/347 802/1081/348 801/1077/348
f 738/1078/332 737/1218/332 827/1079/333
f 802/1081/348 804/1083/349 803/1082/349
f 804/1083/349 744/1017/318 741/1019/318
f 835/1084/350 855/1358/457 680/1085/351
f 805/1087/353 741/1215/353 742/1088/354
f 807/1090/355 743/1096/355 744/1091/356
f 806/1089/354 742/1088/354 745/1093/357
f 682/1095/358 746/1100/358 743/1096/355
f 681/1094/357 745/1093/357 747/1097/359
f 682/1095/358 684/1104/360 748/1099/360
f 683/1098/359 747/1097/359 749/1101/361
f 686/1103/362 750/1108/362 748/1099/360
f 687/1105/363 685/1102/361 749/1101/361
f 688/1107/364 752/1112/364 750/1108/362
f 687/1105/363 751/1106/363 753/1109/365
f 690/1111/366 754/1116/366 752/1112/364
f 689/1110/365 753/1109/365 755/1113/367
f 690/1111/366 812/1119/368 756/1115/368
f 809/1114/367 755/1113/367 757/1117/369
f 812/1119/368 811/1123/370 758/1120/370
f 810/1118/369 757/1117/369 759/1121/371
f 811/1123/370 814/1128/372 760/1124/372
f 813/1122/371 759/1121/371 761/1125/373
f 698/1127/374 762/1132/374 760/1124/372
f 699/1129/375 697/1126/373 761/1125/373
f 700/1131/376 764/1136/376 762/1132/374
f 699/1129/375 763/1130/375 765/1133/377
f 700/1131/376 702/1140/378 766/1135/378
f 701/1134/377 765/1133/377 767/1137/379
f 704/1139/380 768/1144/380 766/1135/378
f 705/1141/381 703/1138/379 767/1137/379
f 706/1143/382 770/1148/382 768/1144/380
f 705/1141/381 769/1142/381 771/1145/383
f 818/1147/384 772/1152/384 770/1148/382
f 815/1146/383 771/1145/383 773/1149/385
f 818/1147/384 817/1533/386 774/1151/386
f 819/1153/387 816/1534/385 773/1154/385
f 820/1156/388 776/1162/388 774/1157/386
f 713/1159/389 819/1153/387 775/1155/387
f 714/1161/390 778/1166/390 776/1162/388
f 713/1159/389 777/1160/389 779/1163/391
f 714/1161/390 716/1170/392 780/1165/392
f 717/1167/393 715/1164/391 779/1163/391
f 718/1169/394 782/1174/394 780/1165/392
f 719/1171/395 717/1167/393 781/1168/393
f 720/1173/396 784/1178/396 782/1174/394
f 719/1171/395 783/1172/395 785/1175/397
f 722/1177/398 786/1182/398 784/1178/396
f 721/1176/397 785/1175/397 787/1179/399
f 824/1181/400 788/1186/400 786/1182/398
f 822/1183/401 821/1180/399 787/1179/399
f 823/1185/402 790/1190/402 788/1186/400
f 822/1183/401 789/1184/401 791/1187/403
f 826/1189/404 792/1194/404 790/1190/402
f 825/1188/403 791/1187/403 793/1191/405
f 730/1193/406 794/1198/406 792/1194/404
f 731/1195/407 729/1192/405 793/1191/405
f 730/1193/406 732/1202/408 796/1197/408
f 733/1199/409 731/1195/407 795/1196/407
f 734/1201/410 798/1206/410 796/1197/408
f 735/1203/411 733/1199/409 797/1200/409
f 734/1201/410 736/1210/412 800/1205/412
f 737/1207/413 735/1203/411 799/1204/411
f 738/1209/414 802/1214/414 800/1205/412
f 737/1207/413 801/1208/413 803/1211/415
f 828/1213/416 804/1216/416 802/1214/414
f 827/1212/415 803/1211/415 741/1215/353
f 828/1213/416 808/1092/356 744/1091/356
f 736/1217/331 735/1220/331 737/1218/332
f 734/1219/330 733/1222/330 735/1220/331
f 732/1221/329 731/1224/329 733/1222/330
f 730/1223/328 729/1226/328 731/1224/329
f 826/1225/327 825/1317/327 729/1226/328
f 833/1227/417 727/1535/417 728/1228/417
f 830/1230/418 834/1536/534 728/1231/419
f 722/1233/324 721/1237/324 821/1234/325
f 720/1236/323 719/1239/323 721/1237/324
f 718/1238/322 717/1241/322 719/1239/323
f 716/1240/321 715/1243/321 717/1241/322
f 714/1242/320 713/1245/320 715/1243/321
f 820/1244/319 819/1307/319 713/1245/320
f 835/1084/350 678/1086/352 740/1246/421
f 854/1248/423 740/1537/423 739/1249/423
f 706/1251/348 705/1255/348 815/1252/349
f 704/1254/347 703/1257/347 705/1255/348
f 702/1256/346 701/1259/346 703/1257/347
f 700/1258/345 699/1261/345 701/1259/346
f 698/1260/344 697/1263/344 699/1261/345
f 698/1260/344 814/1323/343 813/1262/343
f 844/1264/424 695/1538/424 696/1265/424
f 831/1267/425 843/1539/535 696/1268/426
f 812/1270/341 690/1274/340 689/1271/340
f 688/1273/339 687/1276/339 689/1271/340
f 686/1275/338 685/1278/338 687/1276/339
f 686/1275/338 684/1280/337 683/1277/337
f 682/1279/336 681/1282/336 683/1277/337
f 807/1281/335 806/1288/335 681/1282/336
f 838/1283/428 853/1350/454 739/1284/429
f 679/1286/431 677/1321/334 805/1287/334
f 680/1289/431 807/1281/335 808/1290/334
f 691/1292/432 809/1272/341 810/1293/342
f 692/1295/432 694/1299/342 811/1296/342
f 695/1297/433 693/1294/342 810/1293/342
f 696/1298/433 814/1323/343 811/1296/342
f 707/1300/434 815/1252/349 816/1301/318
f 708/1303/434 710/1540/318 817/1304/318
f 711/1305/435 709/1541/318 816/1306/318
f 712/1308/435 820/1244/319 817/1309/318
f 723/1311/436 821/1234/325 822/1312/326
f 724/1314/436 726/1319/326 823/1315/326
f 727/1316/437 725/1313/326 822/1312/326
f 728/1318/437 826/1225/327 823/1315/326
f 739/1320/438 827/1079/333 805/1287/334
f 740/1322/438 678/1291/334 808/1290/334
f 740/1322/438 828/1080/333 827/1079/333
f 727/1316/437 825/1317/327 826/1225/327
f 724/1314/436 824/1235/325 821/1234/325
f 711/1305/435 819/1307/319 820/1244/319
f 708/1303/434 818/1253/349 815/1252/349
f 695/1297/433 813/1262/343 814/1323/343
f 692/1295/432 812/1270/341 809/1272/341
f 679/1286/431 806/1288/335 807/1281/335
f 856/1324/439 679/1542/439 680/1325/439
f 838/1283/428 677/1285/430 679/1327/440
f 831/1267/425 694/1269/427 692/1332/444
f 830/1230/418 726/1232/420 724/1337/447
f 836/1347/453 692/1543/453 691/1348/453
f 841/1353/455 724/1544/455 723/1354/455
f 708/1361/458 849/1342/451 842/1362/459
f 712/1364/461 710/1363/460 842/1362/459
f 712/1365/462 847/1545/462 845/1366/462
f 711/1368/463 845/1334/446 839/1369/464
f 707/1371/466 851/1546/466 849/1372/466
f 707/1374/467 709/1370/465 839/1369/464
f 840/1375/468 829/1388/469 846/1376/469
f 841/1378/471 847/1547/536 848/1379/472
f 843/1381/473 831/1392/474 850/1382/474
f 844/1384/476 851/1548/537 852/1385/477
f 833/1387/478 853/1549/538 846/1376/469
f 834/1389/479 830/1380/472 848/1379/472
f 836/1391/481 855/1550/539 850/1382/474
f 837/1393/482 832/1386/477 852/1385/477
f 837/1395/484 856/1551/484 855/1396/484
f 834/1398/485 854/1552/485 853/1399/485
f 841/1401/486 840/1553/486 845/1402/486
f 844/1404/487 843/1554/487 849/1405/487
f 829/1407/488 725/1411/492 727/1408/489
f 829/1407/488 840/1555/540 723/1410/491
f 832/1412/493 693/1416/497 695/1413/494
f 832/1412/493 837/1556/541 691/1415/496
f 891/1417/498 892/1421/499 918/1418/499
f 894/1420/500 920/1423/500 918/1418/499
f 893/1422/501 919/1425/501 920/1423/500
f 898/1424/502 914/1427/502 919/1425/501
f 895/1426/503 917/1429/503 914/1427/502
f 897/1428/504 915/1431/504 917/1429/503
f 896/1430/505 916/1557/505 915/1431/504
f 890/1432/506 916/1557/505 896/1430/505
f 863/1433/506 864/1436/507 888/1434/507
f 865/1435/508 886/1558/508 888/1434/507
f 887/1437/509 886/1558/508 865/1435/508
f 889/1439/510 887/1437/509 861/1438/509
f 862/1440/510 860/1442/511 884/1441/511
f 860/1442/511 859/1444/512 885/1443/512
f 859/1444/512 857/1446/513 883/1445/513
f 857/1446/513 858/1448/514 877/1447/514
f 858/1448/514 870/1450/515 876/1449/515
f 870/1450/515 871/1452/516 874/1451/516
f 871/1452/516 869/1454/517 875/1453/517
f 869/1454/517 872/1559/518 880/1455/518
f 880/1455/518 872/1559/518 867/1456/519
f 867/1456/519 868/1459/520 882/1458/520
f 868/1459/520 866/1462/521 879/1460/521
f 873/1461/522 878/1464/522 879/1460/521
f 873/1461/522 899/1465/523 906/1463/523
f 899/1465/523 901/1468/524 909/1466/524
f 902/1467/525 910/1470/525 909/1466/524
f 900/1469/526 911/1472/526 910/1470/525
f 903/1471/527 913/1474/527 911/1472/526
f 904/1473/528 912/1476/528 913/1474/527
f 905/1475/529 907/1478/529 912/1476/528
f 905/1475/529 891/1560/498 908/1477/498
f 988/1017/318 985/1019/318 986/1018/319
f 987/1020/319 986/1018/319 989/1021/320
f 990/1022/320 989/1021/320 991/1023/321
f 992/1024/321 991/1023/321 993/1025/322
f 994/1026/322 993/1025/322 995/1027/323
f 996/1028/323 995/1027/323 997/1029/324
f 998/1030/324 997/1029/324 999/1031/325
f 1000/1032/325 999/1031/325 1001/1033/326
f 1002/1034/326 1001/1033/326 1003/1035/327
f 1004/1036/327 1003/1035/327 1005/1037/328
f 1006/1038/328 1005/1037/328 1007/1039/329
f 1008/1040/329 1007/1039/329 1009/1041/330
f 1010/1042/330 1009/1041/330 1011/1043/331
f 1012/1044/331 1011/1043/331 1013/1045/332
f 1014/1046/332 1013/1045/332 1015/1047/333
f 1016/1048/333 1015/1047/333 1017/1049/334
f 1018/1050/334 1017/1052/334 1019/1051/335
f 1020/1053/335 1019/1051/335 1021/1054/336
f 1022/1055/336 1021/1054/336 1023/1056/337
f 1024/1057/337 1023/1056/337 1025/1058/338
f 1026/1059/338 1025/1058/338 1027/1060/339
f 1028/1061/339 1027/1060/339 1029/1062/340
f 1030/1063/340 1029/1062/340 1031/1064/341
f 1031/1064/341 1033/1066/342 1034/1065/342
f 1033/1066/342 1035/1068/343 1036/1067/343
f 1036/1067/343 1035/1068/343 1037/1069/344
f 1038/1070/344 1037/1069/344 1039/1071/345
f 1040/1072/345 1039/1071/345 1041/1073/346
f 1042/1074/346 1041/1073/346 1043/1075/347
f 1044/1076/347 1043/1075/347 1045/1077/348
f 982/1078/332 1072/1080/333 1071/1079/333
f 1046/1081/348 1045/1077/348 1047/1082/349
f 1048/1083/349 1047/1082/349 985/1019/318
f 1079/1084/428 922/1086/430 924/1085/542
f 1049/1087/356 1050/1089/355 986/1088/355
f 1051/1090/354 1052/1092/353 988/1091/353
f 1050/1089/355 925/1094/358 989/1093/358
f 926/1095/357 1051/1090/354 987/1096/354
f 925/1094/358 927/1098/360 991/1097/360
f 926/1095/357 990/1100/357 992/1099/359
f 927/1098/360 929/1102/362 993/1101/362
f 930/1103/361 928/1104/359 992/1099/359
f 931/1105/364 995/1106/364 993/1101/362
f 932/1107/363 930/1103/361 994/1108/361
f 931/1105/364 933/1110/366 997/1109/366
f 934/1111/365 932/1107/363 996/1112/363
f 933/1110/366 1053/1114/368 999/1113/368
f 934/1111/365 998/1116/365 1000/1115/367
f 1053/1114/368 1054/1118/370 1001/1117/370
f 1056/1119/367 1000/1115/367 1002/1120/369
f 1054/1118/370 1057/1122/372 1003/1121/372
f 1055/1123/369 1002/1120/369 1004/1124/371
f 1057/1122/372 941/1126/374 1005/1125/374
f 942/1127/373 1058/1128/371 1004/1124/371
f 943/1129/376 1007/1130/376 1005/1125/374
f 944/1131/375 942/1127/373 1006/1132/373
f 943/1129/376 945/1134/378 1009/1133/378
f 944/1131/375 1008/1136/375 1010/1135/377
f 945/1134/378 947/1138/380 1011/1137/380
f 948/1139/379 946/1140/377 1010/1135/377
f 949/1141/382 1013/1142/382 1011/1137/380
f 950/1143/381 948/1139/379 1012/1144/379
f 949/1141/382 1059/1146/384 1015/1145/384
f 1062/1147/383 950/1143/381 1014/1148/381
f 1059/1146/384 1060/1150/386 1017/1149/386
f 1062/1147/383 1016/1152/383 1018/1151/385
f 1063/1153/388 1019/1155/388 1017/1154/386
f 1064/1156/387 1061/1158/385 1018/1157/385
f 957/1159/390 1021/1160/390 1019/1155/388
f 958/1161/389 1064/1156/387 1020/1162/387
f 957/1159/390 959/1164/392 1023/1163/392
f 958/1161/389 1022/1166/389 1024/1165/391
f 961/1167/394 1025/1168/394 1023/1163/392
f 962/1169/393 960/1170/391 1024/1165/391
f 963/1171/396 1027/1172/396 1025/1168/394
f 964/1173/395 962/1169/393 1026/1174/393
f 963/1171/396 965/1176/398 1029/1175/398
f 966/1177/397 964/1173/395 1028/1178/395
f 965/1176/398 1065/1180/400 1031/1179/400
f 1068/1181/399 966/1177/397 1030/1182/397
f 1066/1183/402 1033/1184/402 1031/1179/400
f 1067/1185/401 1068/1181/399 1032/1186/399
f 1066/1183/402 1069/1188/404 1035/1187/404
f 1070/1189/403 1067/1185/401 1034/1190/401
f 1069/1188/404 973/1192/406 1037/1191/406
f 974/1193/405 1070/1189/403 1036/1194/403
f 975/1195/408 1039/1196/408 1037/1191/406
f 974/1193/405 1038/1198/405 1040/1197/407
f 977/1199/410 1041/1200/410 1039/1196/408
f 978/1201/409 976/1202/407 1040/1197/407
f 979/1203/412 1043/1204/412 1041/1200/410
f 978/1201/409 1042/1206/409 1044/1205/411
f 981/1207/414 1045/1208/414 1043/1204/412
f 982/1209/413 980/1210/411 1044/1205/411
f 981/1207/414 1071/1212/416 1047/1211/416
f 1072/1213/415 982/1209/413 1046/1214/413
f 1071/1212/416 1049/1087/356 985/1215/356
f 1072/1213/415 1048/1216/415 988/1091/353
f 980/1217/331 982/1078/332 981/1218/332
f 978/1219/330 980/1217/331 979/1220/331
f 976/1221/329 978/1219/330 977/1222/330
f 974/1223/328 976/1221/329 975/1224/329
f 1070/1225/327 974/1223/328 973/1226/328
f 1077/1227/417 1078/1229/417 972/1228/417
f 1074/1230/543 970/1232/492 972/1231/544
f 966/1233/324 1068/1235/325 1065/1234/325
f 964/1236/323 966/1233/324 965/1237/324
f 962/1238/322 964/1236/323 963/1239/323
f 960/1240/321 962/1238/322 961/1241/322
f 958/1242/320 960/1240/321 959/1243/321
f 1064/1244/319 958/1242/320 957/1245/320
f 1079/1084/428 1098/1247/454 984/1246/545
f 1098/1248/423 1097/1250/423 983/1249/423
f 950/1251/348 1062/1253/349 1059/1252/349
f 948/1254/347 950/1251/348 949/1255/348
f 946/1256/346 948/1254/347 947/1257/347
f 944/1258/345 946/1256/346 945/1259/346
f 942/1260/344 944/1258/345 943/1261/345
f 942/1260/344 941/1263/344 1057/1262/343
f 1088/1264/424 1087/1266/424 940/1265/424
f 1075/1267/493 938/1269/546 940/1268/494
f 1056/1270/341 1053/1272/341 933/1271/340
f 932/1273/339 934/1274/340 933/1271/340
f 930/1275/338 932/1273/339 931/1276/339
f 930/1275/338 929/1278/338 927/1277/337
f 926/1279/336 928/1280/337 927/1277/337
f 1051/1281/335 926/1279/336 925/1282/336
f 1082/1283/350 921/1285/352 983/1284/547
f 923/1286/431 1050/1288/335 1049/1287/334
f 924/1289/431 922/1291/334 1052/1290/334
f 935/1292/432 937/1294/342 1054/1293/342
f 936/1295/432 1056/1270/341 1055/1296/342
f 939/1297/433 1057/1262/343 1054/1293/342
f 940/1298/433 938/1299/342 1055/1296/342
f 951/1300/434 953/1302/318 1060/1301/318
f 952/1303/434 1062/1253/349 1061/1304/318
f 955/1305/435 1063/1307/319 1060/1306/318
f 956/1308/435 954/1310/318 1061/1309/318
f 967/1311/436 969/1313/326 1066/1312/326
f 968/1314/436 1068/1235/325 1067/1315/326
f 971/1316/437 1069/1317/327 1066/1312/326
f 972/1318/437 970/1319/326 1067/1315/326
f 983/1320/438 921/1321/334 1049/1287/334
f 984/1322/438 1072/1080/333 1052/1290/334
f 984/1322/438 983/1320/438 1071/1079/333
f 971/1316/437 972/1318/437 1070/1225/327
f 968/1314/436 967/1311/436 1065/1234/325
f 955/1305/435 956/1308/435 1064/1244/319
f 952/1303/434 951/1300/434 1059/1252/349
f 939/1297/433 940/1298/433 1058/1323/343
f 936/1295/432 935/1292/432 1053/1272/341
f 923/1286/431 924/1289/431 1051/1281/335
f 1100/1324/439 1099/1326/439 924/1325/439
f 1082/1283/350 1100/1328/548 923/1327/549
f 1095/1329/451 1105/1331/450 1106/1330/450
f 1075/1267/493 1080/1333/541 936/1332/550
f 1089/1334/449 1113/1336/450 1116/1335/450
f 1074/1230/543 1085/1338/551 968/1337/552
f 1091/1339/446 1125/1341/443 1124/1340/443
f 1093/1342/442 1128/1344/443 1133/1343/443
f 1100/1328/548 1137/1346/456 1142/1345/456
f 1080/1347/453 1081/1349/453 935/1348/453
f 1097/1350/553 1146/1352/456 1144/1351/456
f 1085/1353/455 1084/1355/455 967/1354/455
f 1098/1247/454 1157/1357/452 1155/1356/452
f 1099/1358/554 1161/1360/452 1158/1359/452
f 952/1361/555 954/1363/465 1086/1362/464
f 956/1364/556 1091/1339/446 1086/1362/464
f 956/1365/462 955/1367/462 1089/1366/462
f 955/1368/557 953/1370/460 1083/1369/459
f 951/1371/466 952/1373/466 1093/1372/466
f 951/1374/558 1095/1329/451 1083/1369/459
f 1084/1375/536 1089/1377/536 1090/1376/472
f 1085/1378/559 1074/1380/469 1092/1379/469
f 1087/1381/537 1093/1383/537 1094/1382/477
f 1088/1384/560 1076/1386/474 1096/1385/474
f 1077/1387/561 1073/1388/472 1090/1376/472
f 1078/1389/538 1098/1390/538 1092/1379/469
f 1080/1391/562 1075/1392/477 1094/1382/477
f 1081/1393/539 1100/1394/539 1096/1385/474
f 1081/1395/484 1080/1397/484 1099/1396/484
f 1078/1398/485 1077/1400/485 1097/1399/485
f 1085/1401/486 1091/1403/486 1089/1402/486
f 1088/1404/487 1095/1406/487 1093/1405/487
f 1073/1407/563 1077/1409/534 971/1408/564
f 1073/1407/563 969/1411/420 967/1410/565
f 1076/1412/425 1088/1414/566 939/1413/426
f 1076/1412/425 937/1416/567 935/1415/568
f 1135/1417/498 1152/1419/498 1162/1418/499
f 1138/1420/500 1136/1421/499 1162/1418/499
f 1137/1422/501 1138/1420/500 1164/1423/500
f 1142/1424/502 1137/1422/501 1163/1425/501
f 1139/1426/503 1142/1424/502 1158/1427/502
f 1141/1428/504 1139/1426/503 1161/1429/503
f 1140/1430/505 1141/1428/504 1159/1431/504
f 1134/1432/506 1107/1433/506 1140/1430/505
f 1107/1433/506 1134/1432/506 1132/1434/507
f 1109/1435/508 1108/1436/507 1132/1434/507
f 1131/1437/509 1105/1438/509 1109/1435/508
f 1133/1439/510 1106/1440/510 1105/1438/509
f 1106/1440/510 1133/1439/510 1128/1441/511
f 1104/1442/511 1128/1441/511 1129/1443/512
f 1103/1444/512 1129/1443/512 1127/1445/513
f 1101/1446/513 1127/1445/513 1121/1447/514
f 1102/1448/514 1121/1447/514 1120/1449/515
f 1114/1450/515 1120/1449/515 1118/1451/516
f 1115/1452/516 1118/1451/516 1119/1453/517
f 1113/1454/517 1119/1453/517 1124/1455/518
f 1124/1455/518 1125/1457/519 1111/1456/519
f 1111/1456/519 1125/1457/519 1126/1458/520
f 1112/1459/520 1126/1458/520 1123/1460/521
f 1117/1461/522 1110/1462/521 1123/1460/521
f 1117/1461/522 1122/1464/522 1150/1463/523
f 1143/1465/523 1150/1463/523 1153/1466/524
f 1146/1467/525 1145/1468/524 1153/1466/524
f 1144/1469/526 1146/1467/525 1154/1470/525
f 1147/1471/527 1144/1469/526 1155/1472/526
f 1148/1473/528 1147/1471/527 1157/1474/527
f 1149/1475/529 1148/1473/528 1156/1476/528
f 1149/1475/529 1151/1478/529 1152/1477/498
f 1151/1479/452 1079/1084/428 1152/1480/452
f 1098/1247/454 1153/1482/452 1092/1481/533
f 1092/1481/533 1150/1484/452 1122/1483/532
f 1092/1481/533 1153/1482/452 1150/1484/452
f 1151/1479/452 1156/1485/452 1079/1084/428
f 1079/1084/428 1156/1485/452 1098/1247/454
f 1098/1247/454 1154/1486/452 1153/1482/452
f 1157/1357/452 1098/1247/454 1156/1485/452
f 1098/1247/454 1155/1356/452 1154/1486/452
f 1160/1487/452 1094/1489/533 1134/1488/532
f 1099/1358/554 1164/1490/452 1079/1084/428
f 1079/1084/428 1162/1491/452 1152/1480/452
f 1079/1084/428 1164/1490/452 1162/1491/452
f 1160/1487/452 1159/1492/452 1094/1489/533
f 1094/1489/533 1159/1492/452 1099/1358/554
f 1099/1358/554 1163/1493/452 1164/1490/452
f 1161/1360/452 1099/1358/554 1159/1492/452
f 1099/1358/554 1158/1359/452 1163/1493/452
f 1122/1483/532 1123/1494/443 1092/1481/533
f 1092/1481/533 1126/1495/443 1091/1339/446
f 1123/1494/443 1126/1495/443 1092/1481/533
f 1091/1339/446 1118/1496/443 1086/1362/464
f 1086/1362/464 1120/1498/443 1121/1497/443
f 1086/1362/464 1118/1496/443 1120/1498/443
f 1091/1339/446 1119/1499/443 1118/1496/443
f 1125/1341/443 1091/1339/446 1126/1495/443
f 1091/1339/446 1124/1340/443 1119/1499/443
f 1127/1500/443 1086/1362/464 1121/1497/443
f 1093/1342/442 1130/1501/443 1094/1489/533
f 1094/1489/533 1132/1502/569 1134/1488/532
f 1094/1489/533 1130/1501/443 1132/1502/569
f 1127/1500/443 1129/1503/443 1086/1362/464
f 1086/1362/464 1129/1503/443 1093/1342/442
f 1093/1342/442 1131/1504/443 1130/1501/443
f 1128/1344/443 1093/1342/442 1129/1503/443
f 1093/1342/442 1133/1343/443 1131/1504/443
f 1117/1505/531 1143/1507/456 1090/1506/530
f 1090/1506/530 1145/1508/456 1097/1350/553
f 1143/1507/456 1145/1508/456 1090/1506/530
f 1097/1350/553 1148/1509/456 1082/1283/350
f 1082/1283/350 1149/1511/456 1135/1510/456
f 1082/1283/350 1148/1509/456 1149/1511/456
f 1097/1350/553 1147/1512/456 1148/1509/456
f 1146/1352/456 1097/1350/553 1145/1508/456
f 1097/1350/553 1144/1351/456 1147/1512/456
f 1136/1513/570 1082/1283/350 1135/1510/456
f 1100/1328/548 1141/1515/456 1096/1514/530
f 1096/1514/530 1140/1517/456 1107/1516/531
f 1096/1514/530 1141/1515/456 1140/1517/456
f 1136/1513/570 1138/1518/456 1082/1283/350
f 1082/1283/350 1138/1518/456 1100/1328/548
f 1100/1328/548 1139/1519/456 1141/1515/456
f 1137/1346/456 1100/1328/548 1138/1518/456
f 1100/1328/548 1142/1345/456 1139/1519/456
f 1108/1520/450 1096/1514/530 1107/1516/531
f 1095/1329/451 1103/1521/450 1083/1369/459
f 1083/1369/459 1101/1523/450 1102/1522/450
f 1083/1369/459 1103/1521/450 1101/1523/450
f 1108/1520/450 1109/1524/450 1096/1514/530
f 1096/1514/530 1109/1524/450 1095/1329/451
f 1095/1329/451 1104/1525/450 1103/1521/450
f 1105/1331/450 1095/1329/451 1109/1524/450
f 1095/1329/451 1106/1330/450 1104/1525/450
f 1102/1522/450 1114/1526/571 1083/1369/459
f 1083/1369/459 1115/1527/450 1089/1334/449
f 1114/1526/571 1115/1527/450 1083/1369/459
f 1089/1334/449 1112/1528/450 1090/1506/530
f 1090/1506/530 1110/1529/450 1117/1505/531
f 1090/1506/530 1112/1528/450 1110/1529/450
f 1089/1334/449 1111/1530/450 1112/1528/450
f 1113/1336/450 1089/1334/449 1115/1527/450
f 1089/1334/449 1116/1335/450 1111/1530/450
f 988/1017/318 986/1018/319 987/1020/319
f 987/1020/319 989/1021/320 990/1022/320
f 990/1022/320 991/1023/321 992/1024/321
f 992/1024/321 993/1025/322 994/1026/322
f 994/1026/322 995/1027/323 996/1028/323
f 996/1028/323 997/1029/324 998/1030/324
f 998/1030/324 999/1031/325 1000/1032/325
f 1000/1032/325 1001/1033/326 1002/1034/326
f 1002/1034/326 1003/1035/327 1004/1036/327
f 1004/1036/327 1005/1037/328 1006/1038/328
f 1006/1038/328 1007/1039/329 1008/1040/329
f 1008/1040/329 1009/1041/330 1010/1042/330
f 1010/1042/330 1011/1043/331 1012/1044/331
f 1012/1044/331 1013/1045/332 1014/1046/332
f 1014/1046/332 1015/1047/333 1016/1048/333
f 1016/1048/333 1017/1049/334 1018/1531/334
f 1018/1050/334 1019/1051/335 1020/1053/335
f 1020/1053/335 1021/1054/336 1022/1055/336
f 1022/1055/336 1023/1056/337 1024/1057/337
f 1024/1057/337 1025/1058/338 1026/1059/338
f 1026/1059/338 1027/1060/339 1028/1061/339
f 1028/1061/339 1029/1062/340 1030/1063/340
f 1030/1063/340 1031/1064/341 1032/1532/341
f 1031/1064/341 1034/1065/342 1032/1532/341
f 1033/1066/342 1036/1067/343 1034/1065/342
f 1036/1067/343 1037/1069/344 1038/1070/344
f 1038/1070/344 1039/1071/345 1040/1072/345
f 1040/1072/345 1041/1073/346 1042/1074/346
f 1042/1074/346 1043/1075/347 1044/1076/347
f 1044/1076/347 1045/1077/348 1046/1081/348
f 982/1078/332 1071/1079/333 981/1218/332
f 1046/1081/348 1047/1082/349 1048/1083/349
f 1048/1083/349 985/1019/318 988/1017/318
f 1079/1084/428 924/1085/542 1099/1358/554
f 1049/1087/356 986/1088/355 985/1215/356
f 1051/1090/354 988/1091/353 987/1096/354
f 1050/1089/355 989/1093/358 986/1088/355
f 926/1095/357 987/1096/354 990/1100/357
f 925/1094/358 991/1097/360 989/1093/358
f 926/1095/357 992/1099/359 928/1104/359
f 927/1098/360 993/1101/362 991/1097/360
f 930/1103/361 992/1099/359 994/1108/361
f 931/1105/364 993/1101/362 929/1102/362
f 932/1107/363 994/1108/361 996/1112/363
f 931/1105/364 997/1109/366 995/1106/364
f 934/1111/365 996/1112/363 998/1116/365
f 933/1110/366 999/1113/368 997/1109/366
f 934/1111/365 1000/1115/367 1056/1119/367
f 1053/1114/368 1001/1117/370 999/1113/368
f 1056/1119/367 1002/1120/369 1055/1123/369
f 1054/1118/370 1003/1121/372 1001/1117/370
f 1055/1123/369 1004/1124/371 1058/1128/371
f 1057/1122/372 1005/1125/374 1003/1121/372
f 942/1127/373 1004/1124/371 1006/1132/373
f 943/1129/376 1005/1125/374 941/1126/374
f 944/1131/375 1006/1132/373 1008/1136/375
f 943/1129/376 1009/1133/378 1007/1130/376
f 944/1131/375 1010/1135/377 946/1140/377
f 945/1134/378 1011/1137/380 1009/1133/378
f 948/1139/379 1010/1135/377 1012/1144/379
f 949/1141/382 1011/1137/380 947/1138/380
f 950/1143/381 1012/1144/379 1014/1148/381
f 949/1141/382 1015/1145/384 1013/1142/382
f 1062/1147/383 1014/1148/381 1016/1152/383
f 1059/1146/384 1017/1149/386 1015/1145/384
f 1062/1147/383 1018/1151/385 1061/1533/385
f 1063/1153/388 1017/1154/386 1060/1534/386
f 1064/1156/387 1018/1157/385 1020/1162/387
f 957/1159/390 1019/1155/388 1063/1153/388
f 958/1161/389 1020/1162/387 1022/1166/389
f 957/1159/390 1023/1163/392 1021/1160/390
f 958/1161/389 1024/1165/391 960/1170/391
f 961/1167/394 1023/1163/392 959/1164/392
f 962/1169/393 1024/1165/391 1026/1174/393
f 963/1171/396 1025/1168/394 961/1167/394
f 964/1173/395 1026/1174/393 1028/1178/395
f 963/1171/396 1029/1175/398 1027/1172/396
f 966/1177/397 1028/1178/395 1030/1182/397
f 965/1176/398 1031/1179/400 1029/1175/398
f 1068/1181/399 1030/1182/397 1032/1186/399
f 1066/1183/402 1031/1179/400 1065/1180/400
f 1067/1185/401 1032/1186/399 1034/1190/401
f 1066/1183/402 1035/1187/404 1033/1184/402
f 1070/1189/403 1034/1190/401 1036/1194/403
f 1069/1188/404 1037/1191/406 1035/1187/404
f 974/1193/405 1036/1194/403 1038/1198/405
f 975/1195/408 1037/1191/406 973/1192/406
f 974/1193/405 1040/1197/407 976/1202/407
f 977/1199/410 1039/1196/408 975/1195/408
f 978/1201/409 1040/1197/407 1042/1206/409
f 979/1203/412 1041/1200/410 977/1199/410
f 978/1201/409 1044/1205/411 980/1210/411
f 981/1207/414 1043/1204/412 979/1203/412
f 982/1209/413 1044/1205/411 1046/1214/413
f 981/1207/414 1047/1211/416 1045/1208/414
f 1072/1213/415 1046/1214/413 1048/1216/415
f 1071/1212/416 985/1215/356 1047/1211/416
f 1072/1213/415 988/1091/353 1052/1092/353
f 980/1217/331 981/1218/332 979/1220/331
f 978/1219/330 979/1220/331 977/1222/330
f 976/1221/329 977/1222/330 975/1224/329
f 974/1223/328 975/1224/329 973/1226/328
f 1070/1225/327 973/1226/328 1069/1317/327
f 1077/1227/417 972/1228/417 971/1535/417
f 1074/1230/543 972/1231/544 1078/1536/490
f 966/1233/324 1065/1234/325 965/1237/324
f 964/1236/323 965/1237/324 963/1239/323
f 962/1238/322 963/1239/323 961/1241/322
f 960/1240/321 961/1241/322 959/1243/321
f 958/1242/320 959/1243/321 957/1245/320
f 1064/1244/319 957/1245/320 1063/1307/319
f 1079/1084/428 984/1246/545 922/1086/430
f 1098/1248/423 983/1249/423 984/1537/423
f 950/1251/348 1059/1252/349 949/1255/348
f 948/1254/347 949/1255/348 947/1257/347
f 946/1256/346 947/1257/347 945/1259/346
f 944/1258/345 945/1259/346 943/1261/345
f 942/1260/344 943/1261/345 941/1263/344
f 942/1260/344 1057/1262/343 1058/1323/343
f 1088/1264/424 940/1265/424 939/1538/424
f 1075/1267/493 940/1268/494 1087/1539/572
f 1056/1270/341 933/1271/340 934/1274/340
f 932/1273/339 933/1271/340 931/1276/339
f 930/1275/338 931/1276/339 929/1278/338
f 930/1275/338 927/1277/337 928/1280/337
f 926/1279/336 927/1277/337 925/1282/336
f 1051/1281/335 925/1282/336 1050/1288/335
f 1082/1283/350 983/1284/547 1097/1350/553
f 923/1286/431 1049/1287/334 921/1321/334
f 924/1289/431 1052/1290/334 1051/1281/335
f 935/1292/432 1054/1293/342 1053/1272/341
f 936/1295/432 1055/1296/342 938/1299/342
f 939/1297/433 1054/1293/342 937/1294/342
f 940/1298/433 1055/1296/342 1058/1323/343
f 951/1300/434 1060/1301/318 1059/1252/349
f 952/1303/434 1061/1304/318 954/1540/318
f 955/1305/435 1060/1306/318 953/1541/318
f 956/1308/435 1061/1309/318 1064/1244/319
f 967/1311/436 1066/1312/326 1065/1234/325
f 968/1314/436 1067/1315/326 970/1319/326
f 971/1316/437 1066/1312/326 969/1313/326
f 972/1318/437 1067/1315/326 1070/1225/327
f 983/1320/438 1049/1287/334 1071/1079/333
f 984/1322/438 1052/1290/334 922/1291/334
f 984/1322/438 1071/1079/333 1072/1080/333
f 971/1316/437 1070/1225/327 1069/1317/327
f 968/1314/436 1065/1234/325 1068/1235/325
f 955/1305/435 1064/1244/319 1063/1307/319
f 952/1303/434 1059/1252/349 1062/1253/349
f 939/1297/433 1058/1323/343 1057/1262/343
f 936/1295/432 1053/1272/341 1056/1270/341
f 923/1286/431 1051/1281/335 1050/1288/335
f 1100/1324/439 924/1325/439 923/1542/439
f 1082/1283/350 923/1327/549 921/1285/352
f 1075/1267/493 936/1332/550 938/1269/546
f 1074/1230/543 968/1337/552 970/1232/492
f 1080/1347/453 935/1348/453 936/1543/453
f 1085/1353/455 967/1354/455 968/1544/455
f 952/1361/555 1086/1362/464 1093/1342/442
f 956/1364/556 1086/1362/464 954/1363/465
f 956/1365/462 1089/1366/462 1091/1545/462
f 955/1368/557 1083/1369/459 1089/1334/449
f 951/1371/466 1093/1372/466 1095/1546/466
f 951/1374/558 1083/1369/459 953/1370/460
f 1084/1375/536 1090/1376/472 1073/1388/472
f 1085/1378/559 1092/1379/469 1091/1547/470
f 1087/1381/537 1094/1382/477 1075/1392/477
f 1088/1384/560 1096/1385/474 1095/1548/560
f 1077/1387/561 1090/1376/472 1097/1549/561
f 1078/1389/538 1092/1379/469 1074/1380/469
f 1080/1391/562 1094/1382/477 1099/1550/483
f 1081/1393/539 1096/1385/474 1076/1386/474
f 1081/1395/484 1099/1396/484 1100/1551/484
f 1078/1398/485 1097/1399/485 1098/1552/485
f 1085/1401/486 1089/1402/486 1084/1553/486
f 1088/1404/487 1093/1405/487 1087/1554/487
f 1073/1407/563 971/1408/564 969/1411/420
f 1073/1407/563 967/1410/565 1084/1555/448
f 1076/1412/425 939/1413/426 937/1416/567
f 1076/1412/425 935/1415/568 1081/1556/445
f 1135/1417/498 1162/1418/499 1136/1421/499
f 1138/1420/500 1162/1418/499 1164/1423/500
f 1137/1422/501 1164/1423/500 1163/1425/501
f 1142/1424/502 1163/1425/501 1158/1427/502
f 1139/1426/503 1158/1427/502 1161/1429/503
f 1141/1428/504 1161/1429/503 1159/1431/504
f 1140/1430/505 1159/1431/504 1160/1557/505
f 1134/1432/506 1140/1430/505 1160/1557/505
f 1107/1433/506 1132/1434/507 1108/1436/507
f 1109/1435/508 1132/1434/507 1130/1558/508
f 1131/1437/509 1109/1435/508 1130/1558/508
f 1133/1439/510 1105/1438/509 1131/1437/509
f 1106/1440/510 1128/1441/511 1104/1442/511
f 1104/1442/511 1129/1443/512 1103/1444/512
f 1103/1444/512 1127/1445/513 1101/1446/513
f 1101/1446/513 1121/1447/514 1102/1448/514
f 1102/1448/514 1120/1449/515 1114/1450/515
f 1114/1450/515 1118/1451/516 1115/1452/516
f 1115/1452/516 1119/1453/517 1113/1454/517
f 1113/1454/517 1124/1455/518 1116/1559/518
f 1124/1455/518 1111/1456/519 1116/1559/518
f 1111/1456/519 1126/1458/520 1112/1459/520
f 1112/1459/520 1123/1460/521 1110/1462/521
f 1117/1461/522 1123/1460/521 1122/1464/522
f 1117/1461/522 1150/1463/523 1143/1465/523
f 1143/1465/523 1153/1466/524 1145/1468/524
f 1146/1467/525 1153/1466/524 1154/1470/525
f 1144/1469/526 1154/1470/525 1155/1472/526
f 1147/1471/527 1155/1472/526 1157/1474/527
f 1148/1473/528 1157/1474/527 1156/1476/528
f 1149/1475/529 1156/1476/528 1151/1478/529
f 1149/1475/529 1152/1477/498 1135/1560/498
