# Blender 4.1.1
# www.blender.org
mtllib stylized_cart.mtl
o side_wood_low
v -0.726884 1.038961 0.651939
v -0.726884 1.196726 0.651939
v -0.726884 1.038961 0.562864
v -0.726884 1.196726 0.562864
v 1.578838 1.038961 0.651939
v 1.578838 1.196726 0.651939
v 1.578838 1.038961 0.562864
v 1.578838 1.196726 0.562864
v -0.726884 1.038961 -0.651939
v -0.726884 1.196726 -0.651939
v -0.726884 1.038961 -0.562864
v -0.726884 1.196726 -0.562864
v 1.578838 1.038961 -0.651939
v 1.578838 1.196726 -0.651939
v 1.578838 1.038961 -0.562864
v 1.578838 1.196726 -0.562864
vn -1.0000 -0.0000 -0.0000
vn -0.0000 -0.0000 -1.0000
vn 1.0000 -0.0000 -0.0000
vn -0.0000 -0.0000 1.0000
vn -0.0000 -1.0000 -0.0000
vn -0.0000 1.0000 -0.0000
vt 0.866009 0.795990
vt 0.848015 0.764120
vt 0.866009 0.764120
vt 0.262619 0.467730
vt 0.294488 0.001953
vt 0.294488 0.467730
vt 0.881064 0.873201
vt 0.899058 0.905071
vt 0.881064 0.905071
vt 0.181416 0.001953
vt 0.149546 0.467730
vt 0.149546 0.001953
vt 0.099948 0.001953
vt 0.117942 0.467732
vt 0.099948 0.467732
vt 0.206215 0.467730
vt 0.188221 0.001953
vt 0.206215 0.001953
vt 0.521390 0.890965
vt 0.489520 0.872971
vt 0.521390 0.872971
vt 0.435313 0.467729
vt 0.403443 0.001953
vt 0.435313 0.001953
vt 0.403458 0.891556
vt 0.371588 0.873562
vt 0.403458 0.873562
vt 0.505592 0.001953
vt 0.537463 0.467727
vt 0.505592 0.467727
vt 0.213020 0.467730
vt 0.231014 0.001953
vt 0.231014 0.467730
vt 0.255813 0.001953
vt 0.237819 0.467730
vt 0.237819 0.001953
vt 0.848015 0.795990
vt 0.262619 0.001953
vt 0.899058 0.873201
vt 0.181416 0.467730
vt 0.117942 0.001953
vt 0.188221 0.467730
vt 0.489520 0.890965
vt 0.403443 0.467729
vt 0.371588 0.891556
vt 0.537462 0.001953
vt 0.213020 0.001953
vt 0.255813 0.467730
s 1
usemtl cart
f 2/1/1 3/2/1 1/3/1
f 4/4/2 7/5/2 3/6/2
f 8/7/3 5/8/3 7/9/3
f 6/10/4 1/11/4 5/12/4
f 7/13/5 1/14/5 3/15/5
f 4/16/6 6/17/6 8/18/6
f 11/19/1 10/20/1 9/21/1
f 15/22/4 12/23/4 11/24/4
f 13/25/3 16/26/3 15/27/3
f 9/28/2 14/29/2 13/30/2
f 9/31/5 15/32/5 11/33/5
f 14/34/6 12/35/6 16/36/6
f 2/1/1 4/37/1 3/2/1
f 4/4/2 8/38/2 7/5/2
f 8/7/3 6/39/3 5/8/3
f 6/10/4 2/40/4 1/11/4
f 7/13/5 5/41/5 1/14/5
f 4/16/6 2/42/6 6/17/6
f 11/19/1 12/43/1 10/20/1
f 15/22/4 16/44/4 12/23/4
f 13/25/3 14/45/3 16/26/3
f 9/28/2 10/46/2 14/29/2
f 9/31/5 13/47/5 15/32/5
f 14/34/6 10/48/6 12/35/6
o back_wood_low
v -0.591269 1.137382 0.731821
v -0.591269 1.254648 0.731821
v -0.680345 1.137382 0.731821
v -0.680345 1.254648 0.731821
v -0.591269 1.137382 -0.716606
v -0.591269 1.254648 -0.716606
v -0.680345 1.137382 -0.716606
v -0.680345 1.254648 -0.716606
v -0.591269 0.845132 0.731821
v -0.591269 0.727865 0.731821
v -0.680345 0.845132 0.731821
v -0.680345 0.727865 0.731821
v -0.591269 0.845132 -0.716606
v -0.591269 0.727865 -0.716606
v -0.680345 0.845132 -0.716606
v -0.680345 0.727865 -0.716606
vn -0.0000 -0.0000 1.0000
vn -1.0000 -0.0000 -0.0000
vn -0.0000 -0.0000 -1.0000
vn 1.0000 -0.0000 -0.0000
vn -0.0000 -1.0000 -0.0000
vn -0.0000 1.0000 -0.0000
vt 0.747769 0.966845
vt 0.729775 0.943156
vt 0.747770 0.943156
vt 0.581571 0.883661
vt 0.874164 0.907350
vt 0.581571 0.907350
vt 0.899691 0.998010
vt 0.881697 0.974321
vt 0.899691 0.974321
vt 0.874166 0.846362
vt 0.581571 0.822673
vt 0.874166 0.822673
vt 0.482715 0.893711
vt 0.464721 0.601115
vt 0.482715 0.601115
vt 0.850552 0.001953
vt 0.868546 0.294548
vt 0.850552 0.294548
vt 0.993064 0.407281
vt 0.975070 0.430970
vt 0.975070 0.407281
vt 0.892038 0.593948
vt 0.868349 0.301353
vt 0.892038 0.301353
vt 0.874892 0.974321
vt 0.856898 0.998010
vt 0.856898 0.974321
vt 0.874166 0.853167
vt 0.581571 0.876856
vt 0.581571 0.853167
vt 0.861396 0.464719
vt 0.843402 0.757315
vt 0.843402 0.464719
vt 0.875352 0.294548
vt 0.893346 0.001953
vt 0.893346 0.294548
vt 0.729775 0.966845
vt 0.874164 0.883661
vt 0.881697 0.998010
vt 0.581571 0.846362
vt 0.464721 0.893711
vt 0.868546 0.001953
vt 0.993064 0.430970
vt 0.868349 0.593948
vt 0.874892 0.998010
vt 0.874166 0.876856
vt 0.861396 0.757315
vt 0.875352 0.001953
s 1
usemtl cart
f 18/49/7 19/50/7 17/51/7
f 20/52/8 23/53/8 19/54/8
f 24/55/9 21/56/9 23/57/9
f 22/58/10 17/59/10 21/60/10
f 23/61/11 17/62/11 19/63/11
f 20/64/12 22/65/12 24/66/12
f 27/67/7 26/68/7 25/69/7
f 31/70/8 28/71/8 27/72/8
f 29/73/9 32/74/9 31/75/9
f 25/76/10 30/77/10 29/78/10
f 25/79/12 31/80/12 27/81/12
f 30/82/11 28/83/11 32/84/11
f 18/49/7 20/85/7 19/50/7
f 20/52/8 24/86/8 23/53/8
f 24/55/9 22/87/9 21/56/9
f 22/58/10 18/88/10 17/59/10
f 23/61/11 21/89/11 17/62/11
f 20/64/12 18/90/12 22/65/12
f 27/67/7 28/91/7 26/68/7
f 31/70/8 32/92/8 28/71/8
f 29/73/9 30/93/9 32/74/9
f 25/76/10 26/94/10 30/77/10
f 25/79/12 29/95/12 31/80/12
f 30/82/11 26/96/11 28/83/11
o tire_low
v -0.220310 0.792123 0.697891
v -0.220310 0.792123 0.822477
v -0.167315 0.786904 0.697891
v -0.167315 0.786904 0.822477
v -0.090601 0.766323 0.684697
v -0.090601 0.766323 0.835671
v -0.032002 0.735001 0.684697
v -0.032002 0.735001 0.835671
v 0.019361 0.692849 0.684697
v 0.019361 0.692849 0.835671
v 0.061513 0.641486 0.684697
v 0.061513 0.641486 0.835671
v 0.092835 0.582887 0.684697
v 0.092835 0.582887 0.835671
v 0.113416 0.506173 0.697891
v 0.113416 0.506173 0.822477
v 0.118635 0.453178 0.697891
v 0.118635 0.453178 0.822477
v 0.113416 0.400183 0.697891
v 0.113416 0.400183 0.822477
v 0.092835 0.323469 0.684697
v 0.092835 0.323469 0.835671
v 0.061513 0.264870 0.684697
v 0.061513 0.264870 0.835671
v 0.019361 0.213507 0.684697
v 0.019361 0.213507 0.835671
v -0.032002 0.171355 0.684697
v -0.032002 0.171355 0.835671
v -0.090601 0.140033 0.684697
v -0.090601 0.140033 0.835671
v -0.167315 0.119452 0.697891
v -0.167315 0.119452 0.822477
v -0.220310 0.114232 0.697891
v -0.220310 0.114232 0.822477
v -0.273305 0.119452 0.697891
v -0.273305 0.119452 0.822477
v -0.350019 0.140033 0.684697
v -0.350019 0.140033 0.835671
v -0.408618 0.171355 0.684697
v -0.408618 0.171355 0.835671
v -0.459981 0.213507 0.684697
v -0.459981 0.213507 0.835671
v -0.502133 0.264870 0.684697
v -0.502133 0.264870 0.835671
v -0.533455 0.323469 0.684697
v -0.533455 0.323469 0.835671
v -0.554036 0.400183 0.697891
v -0.554036 0.400183 0.822477
v -0.559255 0.453178 0.697891
v -0.559255 0.453178 0.822477
v -0.554036 0.506173 0.697891
v -0.554036 0.506173 0.822477
v -0.533455 0.582887 0.684697
v -0.533455 0.582887 0.835671
v -0.502133 0.641486 0.684697
v -0.502133 0.641486 0.835671
v -0.459981 0.692849 0.684697
v -0.459981 0.692849 0.835671
v -0.408618 0.735001 0.684697
v -0.408618 0.735001 0.835671
v -0.350019 0.766323 0.684697
v -0.350019 0.766323 0.835671
v -0.273305 0.786904 0.697891
v -0.273305 0.786904 0.822477
v -0.220310 0.897405 0.673760
v -0.133646 0.888869 0.673760
v -0.133646 0.888869 0.846607
v -0.220310 0.897405 0.846607
v -0.050312 0.863590 0.673760
v -0.050312 0.863590 0.846607
v 0.026489 0.822539 0.673760
v 0.026489 0.822539 0.846607
v 0.093806 0.767294 0.673760
v 0.093806 0.767294 0.846607
v 0.149051 0.699977 0.673760
v 0.149051 0.699977 0.846607
v 0.190102 0.623176 0.673760
v 0.190102 0.623176 0.846607
v 0.215381 0.539842 0.673760
v 0.215381 0.539842 0.846607
v 0.223917 0.453178 0.673760
v 0.223917 0.453178 0.846607
v 0.215381 0.366514 0.673760
v 0.215381 0.366514 0.846607
v 0.190102 0.283180 0.673760
v 0.190102 0.283180 0.846607
v 0.149051 0.206379 0.673760
v 0.149051 0.206379 0.846607
v 0.093806 0.139062 0.673760
v 0.093806 0.139062 0.846607
v 0.026489 0.083817 0.673760
v 0.026489 0.083817 0.846607
v -0.050312 0.042766 0.673760
v -0.050312 0.042766 0.846607
v -0.133646 0.017487 0.673760
v -0.133646 0.017487 0.846607
v -0.220310 0.008951 0.673760
v -0.220310 0.008951 0.846607
v -0.306974 0.017487 0.673760
v -0.306974 0.017487 0.846607
v -0.390308 0.042766 0.673760
v -0.390308 0.042766 0.846607
v -0.467109 0.083817 0.673760
v -0.467109 0.083817 0.846607
v -0.534426 0.139062 0.673760
v -0.534426 0.139062 0.846607
v -0.589671 0.206379 0.673760
v -0.589671 0.206379 0.846607
v -0.630722 0.283180 0.673760
v -0.630722 0.283180 0.846607
v -0.656001 0.366514 0.673760
v -0.656001 0.366514 0.846607
v -0.664537 0.453178 0.673760
v -0.664537 0.453178 0.846607
v -0.656001 0.539842 0.673760
v -0.656001 0.539842 0.846607
v -0.630722 0.623176 0.673760
v -0.630722 0.623176 0.846607
v -0.589671 0.699977 0.673760
v -0.589671 0.699977 0.846607
v -0.534426 0.767294 0.673760
v -0.534426 0.767294 0.846607
v -0.467109 0.822539 0.673760
v -0.467109 0.822539 0.846607
v -0.390308 0.863590 0.673760
v -0.390308 0.863590 0.846607
v -0.306974 0.888869 0.673760
v -0.306974 0.888869 0.846607
v -0.220310 0.792123 0.684697
v -0.154185 0.785611 0.684697
v -0.154185 0.785611 0.835671
v -0.220310 0.792123 0.835671
v 0.112123 0.519303 0.684697
v 0.118635 0.453178 0.684697
v 0.118635 0.453178 0.835671
v 0.112123 0.519303 0.835671
v 0.112123 0.387053 0.684697
v 0.112123 0.387053 0.835671
v -0.154185 0.120745 0.684697
v -0.220310 0.114232 0.684697
v -0.220310 0.114232 0.835671
v -0.154185 0.120745 0.835671
v -0.286435 0.120745 0.684697
v -0.286435 0.120745 0.835671
v -0.552743 0.387053 0.684697
v -0.559255 0.453178 0.684697
v -0.559255 0.453178 0.835671
v -0.552743 0.387053 0.835671
v -0.552743 0.519303 0.684697
v -0.552743 0.519303 0.835671
v -0.286435 0.785611 0.684697
v -0.286435 0.785611 0.835671
v -0.273305 0.453178 0.707179
v -0.273305 0.453178 0.813189
v -0.167315 0.453178 0.813189
v -0.167315 0.453178 0.707179
v -0.273305 0.496884 0.707179
v -0.273305 0.496884 0.813189
v -0.220310 0.506173 0.812301
v -0.167315 0.496884 0.813189
v -0.167315 0.496884 0.707179
v -0.220310 0.506173 0.708067
v -0.220310 0.400183 0.708067
v -0.273305 0.409472 0.707179
v -0.273305 0.409472 0.813189
v -0.220310 0.400183 0.812301
v -0.167315 0.409472 0.813189
v -0.167315 0.409472 0.707179
v -0.264648 0.400183 0.708067
v -0.273305 0.453178 0.697891
v -0.264648 0.400183 0.812301
v -0.273305 0.453178 0.822477
v -0.175972 0.400183 0.812301
v -0.167315 0.453178 0.822477
v -0.175972 0.400183 0.708067
v -0.167315 0.453178 0.697891
v -0.264648 0.506173 0.708067
v -0.264648 0.506173 0.812301
v -0.175972 0.506173 0.812301
v -0.175972 0.506173 0.708067
v -0.211139 0.408356 0.706497
v -0.220310 0.407521 0.706658
v -0.202657 0.410929 0.706003
v -0.194839 0.415107 0.705201
v -0.182363 0.427583 0.702805
v -0.187987 0.420731 0.704121
v -0.174789 0.453178 0.697891
v -0.175612 0.443883 0.699675
v -0.178185 0.435400 0.701304
v -0.264310 0.443883 0.699675
v -0.257558 0.427583 0.702805
v -0.261737 0.435400 0.701304
v -0.245082 0.415107 0.705201
v -0.228782 0.408356 0.706497
v -0.237265 0.410929 0.706003
v -0.251934 0.420731 0.704121
v -0.265132 0.453178 0.697891
v -0.237265 0.410929 0.814365
v -0.245082 0.415107 0.815167
v -0.228782 0.408356 0.813871
v -0.220310 0.407521 0.813710
v -0.265132 0.453178 0.822477
v -0.264310 0.443883 0.820693
v -0.251934 0.420731 0.816247
v -0.257558 0.427583 0.817563
v -0.261737 0.435400 0.819064
v -0.211139 0.408356 0.813871
v -0.194839 0.415107 0.815167
v -0.202657 0.410929 0.814365
v -0.178185 0.435400 0.819064
v -0.182363 0.427583 0.817563
v -0.175612 0.443883 0.820693
v -0.187987 0.420731 0.816247
v -0.174789 0.453178 0.822477
v -0.220310 0.497888 0.706476
v -0.211139 0.497054 0.706316
v -0.194839 0.490302 0.705019
v -0.202657 0.494480 0.705821
v -0.182363 0.477826 0.702624
v -0.175612 0.461526 0.699494
v -0.178185 0.470009 0.701122
v -0.187987 0.484678 0.703939
v -0.264310 0.461526 0.699494
v -0.251934 0.484678 0.703939
v -0.261737 0.470009 0.701122
v -0.257558 0.477826 0.702624
v -0.245082 0.490302 0.705019
v -0.237265 0.494480 0.705821
v -0.228782 0.497054 0.706316
v -0.264310 0.461526 0.820874
v -0.228782 0.497054 0.814052
v -0.220310 0.497888 0.813892
v -0.261737 0.470009 0.819246
v -0.257558 0.477826 0.817744
v -0.251934 0.484678 0.816429
v -0.237265 0.494480 0.814546
v -0.245082 0.490302 0.815349
v -0.187987 0.484678 0.816429
v -0.178185 0.470009 0.819246
v -0.175612 0.461526 0.820874
v -0.182363 0.477826 0.817744
v -0.211139 0.497054 0.814052
v -0.194839 0.490302 0.815349
v -0.202657 0.494480 0.814546
v -0.220310 0.792123 -0.697891
v -0.220310 0.792123 -0.822477
v -0.167315 0.786904 -0.697891
v -0.167315 0.786904 -0.822477
v -0.090601 0.766323 -0.684697
v -0.090601 0.766323 -0.835671
v -0.032002 0.735001 -0.684697
v -0.032002 0.735001 -0.835671
v 0.019361 0.692849 -0.684697
v 0.019361 0.692849 -0.835671
v 0.061513 0.641486 -0.684697
v 0.061513 0.641486 -0.835671
v 0.092835 0.582887 -0.684697
v 0.092835 0.582887 -0.835671
v 0.113416 0.506173 -0.697891
v 0.113416 0.506173 -0.822477
v 0.118635 0.453178 -0.697891
v 0.118635 0.453178 -0.822477
v 0.113416 0.400183 -0.697891
v 0.113416 0.400183 -0.822477
v 0.092835 0.323469 -0.684697
v 0.092835 0.323469 -0.835671
v 0.061513 0.264870 -0.684697
v 0.061513 0.264870 -0.835671
v 0.019361 0.213507 -0.684697
v 0.019361 0.213507 -0.835671
v -0.032002 0.171355 -0.684697
v -0.032002 0.171355 -0.835671
v -0.090601 0.140033 -0.684697
v -0.090601 0.140033 -0.835671
v -0.167315 0.119452 -0.697891
v -0.167315 0.119452 -0.822477
v -0.220310 0.114232 -0.697891
v -0.220310 0.114232 -0.822477
v -0.273305 0.119452 -0.697891
v -0.273305 0.119452 -0.822477
v -0.350019 0.140033 -0.684697
v -0.350019 0.140033 -0.835671
v -0.408618 0.171355 -0.684697
v -0.408618 0.171355 -0.835671
v -0.459981 0.213507 -0.684697
v -0.459981 0.213507 -0.835671
v -0.502133 0.264870 -0.684697
v -0.502133 0.264870 -0.835671
v -0.533455 0.323469 -0.684697
v -0.533455 0.323469 -0.835671
v -0.554036 0.400183 -0.697891
v -0.554036 0.400183 -0.822477
v -0.559255 0.453178 -0.697891
v -0.559255 0.453178 -0.822477
v -0.554036 0.506173 -0.697891
v -0.554036 0.506173 -0.822477
v -0.533455 0.582887 -0.684697
v -0.533455 0.582887 -0.835671
v -0.502133 0.641486 -0.684697
v -0.502133 0.641486 -0.835671
v -0.459981 0.692849 -0.684697
v -0.459981 0.692849 -0.835671
v -0.408618 0.735001 -0.684697
v -0.408618 0.735001 -0.835671
v -0.350019 0.766323 -0.684697
v -0.350019 0.766323 -0.835671
v -0.273305 0.786904 -0.697891
v -0.273305 0.786904 -0.822477
v -0.220310 0.897405 -0.673760
v -0.133646 0.888869 -0.673760
v -0.133646 0.888869 -0.846607
v -0.220310 0.897405 -0.846607
v -0.050312 0.863590 -0.673760
v -0.050312 0.863590 -0.846607
v 0.026489 0.822539 -0.673760
v 0.026489 0.822539 -0.846607
v 0.093806 0.767294 -0.673760
v 0.093806 0.767294 -0.846607
v 0.149051 0.699977 -0.673760
v 0.149051 0.699977 -0.846607
v 0.190102 0.623176 -0.673760
v 0.190102 0.623176 -0.846607
v 0.215381 0.539842 -0.673760
v 0.215381 0.539842 -0.846607
v 0.223917 0.453178 -0.673760
v 0.223917 0.453178 -0.846607
v 0.215381 0.366514 -0.673760
v 0.215381 0.366514 -0.846607
v 0.190102 0.283180 -0.673760
v 0.190102 0.283180 -0.846607
v 0.149051 0.206379 -0.673760
v 0.149051 0.206379 -0.846607
v 0.093806 0.139062 -0.673760
v 0.093806 0.139062 -0.846607
v 0.026489 0.083817 -0.673760
v 0.026489 0.083817 -0.846607
v -0.050312 0.042766 -0.673760
v -0.050312 0.042766 -0.846607
v -0.133646 0.017487 -0.673760
v -0.133646 0.017487 -0.846607
v -0.220310 0.008951 -0.673760
v -0.220310 0.008951 -0.846607
v -0.306974 0.017487 -0.673760
v -0.306974 0.017487 -0.846607
v -0.390308 0.042766 -0.673760
v -0.390308 0.042766 -0.846607
v -0.467109 0.083817 -0.673760
v -0.467109 0.083817 -0.846607
v -0.534426 0.139062 -0.673760
v -0.534426 0.139062 -0.846607
v -0.589671 0.206379 -0.673760
v -0.589671 0.206379 -0.846607
v -0.630722 0.283180 -0.673760
v -0.630722 0.283180 -0.846607
v -0.656001 0.366514 -0.673760
v -0.656001 0.366514 -0.846607
v -0.664537 0.453178 -0.673760
v -0.664537 0.453178 -0.846607
v -0.656001 0.539842 -0.673760
v -0.656001 0.539842 -0.846607
v -0.630722 0.623176 -0.673760
v -0.630722 0.623176 -0.846607
v -0.589671 0.699977 -0.673760
v -0.589671 0.699977 -0.846607
v -0.534426 0.767294 -0.673760
v -0.534426 0.767294 -0.846607
v -0.467109 0.822539 -0.673760
v -0.467109 0.822539 -0.846607
v -0.390308 0.863590 -0.673760
v -0.390308 0.863590 -0.846607
v -0.306974 0.888869 -0.673760
v -0.306974 0.888869 -0.846607
v -0.220310 0.792123 -0.684697
v -0.154185 0.785611 -0.684697
v -0.154185 0.785611 -0.835671
v -0.220310 0.792123 -0.835671
v 0.112123 0.519303 -0.684697
v 0.118635 0.453178 -0.684697
v 0.118635 0.453178 -0.835671
v 0.112123 0.519303 -0.835671
v 0.112123 0.387053 -0.684697
v 0.112123 0.387053 -0.835671
v -0.154185 0.120745 -0.684697
v -0.220310 0.114232 -0.684697
v -0.220310 0.114232 -0.835671
v -0.154185 0.120745 -0.835671
v -0.286435 0.120745 -0.684697
v -0.286435 0.120745 -0.835671
v -0.552743 0.387053 -0.684697
v -0.559255 0.453178 -0.684697
v -0.559255 0.453178 -0.835671
v -0.552743 0.387053 -0.835671
v -0.552743 0.519303 -0.684697
v -0.552743 0.519303 -0.835671
v -0.286435 0.785611 -0.684697
v -0.286435 0.785611 -0.835671
v -0.273305 0.453178 -0.707179
v -0.273305 0.453178 -0.813189
v -0.167315 0.453178 -0.813189
v -0.167315 0.453178 -0.707179
v -0.273305 0.496884 -0.707179
v -0.273305 0.496884 -0.813189
v -0.220310 0.506173 -0.812301
v -0.167315 0.496884 -0.813189
v -0.167315 0.496884 -0.707179
v -0.220310 0.506173 -0.708067
v -0.220310 0.400183 -0.708067
v -0.273305 0.409472 -0.707179
v -0.273305 0.409472 -0.813189
v -0.220310 0.400183 -0.812301
v -0.167315 0.409472 -0.813189
v -0.167315 0.409472 -0.707179
v -0.264648 0.400183 -0.708067
v -0.273305 0.453178 -0.697891
v -0.264648 0.400183 -0.812301
v -0.273305 0.453178 -0.822477
v -0.175972 0.400183 -0.812301
v -0.167315 0.453178 -0.822477
v -0.175972 0.400183 -0.708067
v -0.167315 0.453178 -0.697891
v -0.264648 0.506173 -0.708067
v -0.264648 0.506173 -0.812301
v -0.175972 0.506173 -0.812301
v -0.175972 0.506173 -0.708067
v -0.211139 0.408356 -0.706497
v -0.220310 0.407521 -0.706658
v -0.202657 0.410929 -0.706003
v -0.194839 0.415107 -0.705201
v -0.182363 0.427583 -0.702805
v -0.187987 0.420731 -0.704121
v -0.174789 0.453178 -0.697891
v -0.175612 0.443883 -0.699675
v -0.178185 0.435400 -0.701304
v -0.264310 0.443883 -0.699675
v -0.257558 0.427583 -0.702805
v -0.261737 0.435400 -0.701304
v -0.245082 0.415107 -0.705201
v -0.228782 0.408356 -0.706497
v -0.237265 0.410929 -0.706003
v -0.251934 0.420731 -0.704121
v -0.265132 0.453178 -0.697891
v -0.237265 0.410929 -0.814365
v -0.245082 0.415107 -0.815167
v -0.228782 0.408356 -0.813871
v -0.220310 0.407521 -0.813710
v -0.265132 0.453178 -0.822477
v -0.264310 0.443883 -0.820693
v -0.251934 0.420731 -0.816247
v -0.257558 0.427583 -0.817563
v -0.261737 0.435400 -0.819064
v -0.211139 0.408356 -0.813871
v -0.194839 0.415107 -0.815167
v -0.202657 0.410929 -0.814365
v -0.178185 0.435400 -0.819064
v -0.182363 0.427583 -0.817563
v -0.175612 0.443883 -0.820693
v -0.187987 0.420731 -0.816247
v -0.174789 0.453178 -0.822477
v -0.220310 0.497888 -0.706476
v -0.211139 0.497054 -0.706316
v -0.194839 0.490302 -0.705019
v -0.202657 0.494480 -0.705822
v -0.182363 0.477826 -0.702623
v -0.175612 0.461526 -0.699494
v -0.178185 0.470009 -0.701122
v -0.187987 0.484678 -0.703939
v -0.264310 0.461526 -0.699494
v -0.251934 0.484678 -0.703939
v -0.261737 0.470009 -0.701122
v -0.257558 0.477826 -0.702623
v -0.245082 0.490302 -0.705019
v -0.237265 0.494480 -0.705822
v -0.228782 0.497054 -0.706316
v -0.264310 0.461526 -0.820874
v -0.228782 0.497054 -0.814052
v -0.220310 0.497888 -0.813892
v -0.261737 0.470009 -0.819246
v -0.257558 0.477826 -0.817744
v -0.251934 0.484678 -0.816429
v -0.237265 0.494480 -0.814546
v -0.245082 0.490302 -0.815349
v -0.187987 0.484678 -0.816429
v -0.178185 0.470009 -0.819246
v -0.175612 0.461526 -0.820874
v -0.182363 0.477826 -0.817744
v -0.211139 0.497054 -0.814052
v -0.194839 0.490302 -0.815349
v -0.202657 0.494480 -0.814546
vn -0.0000 1.0000 -0.0000
vn 0.1951 0.9808 -0.0000
vn 0.3827 0.9239 -0.0000
vn 0.5556 0.8315 -0.0000
vn 0.7071 0.7071 -0.0000
vn 0.8315 0.5556 -0.0000
vn 0.9239 0.3827 -0.0000
vn 0.9808 0.1951 -0.0000
vn 1.0000 -0.0000 -0.0000
vn 0.9808 -0.1951 -0.0000
vn 0.9239 -0.3827 -0.0000
vn 0.8315 -0.5556 -0.0000
vn 0.7071 -0.7071 -0.0000
vn 0.5556 -0.8315 -0.0000
vn 0.3827 -0.9239 -0.0000
vn 0.1951 -0.9808 -0.0000
vn -0.0000 -1.0000 -0.0000
vn -0.1951 -0.9808 -0.0000
vn -0.3827 -0.9239 -0.0000
vn -0.5556 -0.8315 -0.0000
vn -0.7071 -0.7071 -0.0000
vn -0.8315 -0.5556 -0.0000
vn -0.9239 -0.3827 -0.0000
vn -0.9808 -0.1951 -0.0000
vn -1.0000 -0.0000 -0.0000
vn -0.9808 0.1951 -0.0000
vn -0.9239 0.3827 -0.0000
vn -0.8315 0.5556 -0.0000
vn -0.7071 0.7071 -0.0000
vn -0.5556 0.8315 -0.0000
vn -0.3827 0.9239 -0.0000
vn -0.1951 0.9808 -0.0000
vn -0.0000 0.0771 0.9970
vn -0.0019 -0.0359 0.9994
vn -0.0000 -0.0356 0.9994
vn -0.0000 -0.1033 -0.9946
vn -0.0202 -0.1013 -0.9946
vn -0.0202 -0.1013 0.9946
vn -0.0000 -0.1033 0.9946
vn -0.0395 -0.0955 -0.9946
vn -0.0395 -0.0955 0.9946
vn -0.0574 -0.0859 -0.9946
vn -0.0574 -0.0859 0.9946
vn -0.0731 -0.0731 -0.9946
vn -0.0731 -0.0731 0.9946
vn -0.0859 -0.0574 -0.9946
vn -0.0859 -0.0574 0.9946
vn -0.0955 -0.0395 -0.9946
vn -0.0955 -0.0395 0.9946
vn -0.1013 -0.0202 -0.9946
vn -0.1013 -0.0202 0.9946
vn -0.1033 -0.0000 -0.9946
vn -0.1033 -0.0000 0.9946
vn -0.1013 0.0202 -0.9946
vn -0.1013 0.0202 0.9946
vn -0.0955 0.0395 -0.9946
vn -0.0955 0.0395 0.9946
vn -0.0859 0.0574 -0.9946
vn -0.0859 0.0574 0.9946
vn -0.0731 0.0731 -0.9946
vn -0.0731 0.0731 0.9946
vn -0.0574 0.0859 -0.9946
vn -0.0574 0.0859 0.9946
vn -0.0395 0.0955 -0.9946
vn -0.0395 0.0955 0.9946
vn -0.0202 0.1013 -0.9946
vn -0.0202 0.1013 0.9946
vn -0.0000 0.1033 -0.9946
vn -0.0000 0.1033 0.9946
vn 0.0202 0.1013 -0.9946
vn 0.0202 0.1013 0.9946
vn 0.0395 0.0955 -0.9946
vn 0.0395 0.0955 0.9946
vn 0.0574 0.0859 -0.9946
vn 0.0574 0.0859 0.9946
vn 0.0731 0.0731 -0.9946
vn 0.0731 0.0731 0.9946
vn 0.0859 0.0574 -0.9946
vn 0.0859 0.0574 0.9946
vn 0.0955 0.0395 -0.9946
vn 0.0955 0.0395 0.9946
vn 0.1013 0.0202 -0.9946
vn 0.1013 0.0202 0.9946
vn 0.1033 -0.0000 -0.9946
vn 0.1033 -0.0000 0.9946
vn 0.1013 -0.0202 -0.9946
vn 0.1013 -0.0202 0.9946
vn 0.0955 -0.0395 -0.9946
vn 0.0955 -0.0395 0.9946
vn 0.0859 -0.0574 -0.9946
vn 0.0859 -0.0574 0.9946
vn 0.0731 -0.0731 -0.9946
vn 0.0731 -0.0731 0.9946
vn 0.0574 -0.0859 -0.9946
vn 0.0574 -0.0859 0.9946
vn 0.0395 -0.0955 -0.9946
vn 0.0395 -0.0955 0.9946
vn 0.0202 -0.1013 -0.9946
vn 0.0202 -0.1013 0.9946
vn 0.0331 0.9995 -0.0000
vn 0.0330 -0.0000 0.9995
vn 0.0327 -0.0019 0.9995
vn 0.0325 -0.0000 0.9995
vn 0.0019 -0.0359 0.9994
vn 0.0009 0.0812 0.9967
vn -0.9995 -0.0308 -0.0000
vn -0.0331 -0.9995 -0.0000
vn -0.0327 -0.0000 0.9995
vn -0.0327 0.0018 0.9995
vn -0.0325 -0.0000 0.9995
vn -0.0000 0.0771 -0.9970
vn 0.0019 -0.0359 -0.9994
vn -0.0000 -0.0356 -0.9994
vn -0.0980 -0.9952 -0.0000
vn -0.9952 -0.0980 -0.0000
vn -0.9952 0.0980 -0.0000
vn -0.0980 0.9952 -0.0000
vn 0.0980 0.9952 -0.0000
vn 0.9952 0.0980 -0.0000
vn 0.9952 -0.0980 -0.0000
vn 0.0980 -0.9952 -0.0000
vn 0.9995 -0.0308 -0.0000
vn -0.0019 -0.0359 -0.9994
vn -0.0011 0.0812 -0.9967
vn -0.0009 -0.0812 -0.9967
vn -0.0000 -0.1886 -0.9821
vn -0.0327 -0.0019 0.9995
vn -0.0327 -0.0017 0.9995
vn 0.0009 -0.0812 -0.9967
vn 0.0327 0.0019 0.9995
vn 0.0328 0.0017 0.9995
vn 0.0009 -0.0812 0.9967
vn -0.0000 -0.1886 0.9821
vn -0.0009 -0.0812 0.9967
vn -0.0000 0.1886 -0.9821
vn -0.0331 0.9995 -0.0000
vn 0.0009 0.0812 -0.9967
vn 0.0331 -0.9995 -0.0000
vn -0.0000 0.1886 0.9821
vn -0.0009 0.0812 0.9967
vn -0.0019 0.0359 0.9994
vn -0.0000 -0.0767 0.9971
vn -0.0000 0.0356 0.9994
vn 0.0019 0.0359 0.9994
vn -0.9995 0.0308 -0.0000
vn 0.0019 0.0359 -0.9994
vn -0.0000 -0.0767 -0.9971
vn -0.0000 0.0356 -0.9994
vn 0.9995 0.0308 -0.0000
vn -0.0019 0.0359 -0.9994
vn -0.7608 -0.1349 -0.6348
vn -0.7678 -0.0000 -0.6407
vn -0.7609 -0.1350 -0.6347
vn -0.7608 -0.1349 0.6348
vn -0.7678 -0.0000 0.6407
vn 0.7608 -0.1349 0.6348
vn 0.7678 -0.0000 0.6407
vn 0.7609 -0.1350 0.6347
vn 0.7608 -0.1349 -0.6348
vn 0.7678 -0.0000 -0.6407
vn -0.7608 0.1349 -0.6348
vn -0.7608 0.1349 0.6348
vn -0.7609 0.1350 0.6347
vn 0.7608 0.1349 0.6348
vn 0.7608 0.1349 -0.6348
vn 0.7609 0.1350 -0.6347
vn 0.7315 0.6818 -0.0000
vn -0.7315 0.6818 -0.0000
vn -0.7315 -0.6818 -0.0000
vn 0.7315 -0.6818 -0.0000
vn 0.0327 -0.0000 -0.9995
vn 0.0327 -0.0018 -0.9995
vn 0.0327 -0.0017 -0.9995
vn 0.0327 0.0018 -0.9995
vn 0.0325 -0.0000 -0.9995
vn -0.0327 -0.0000 -0.9995
vn -0.0327 0.0018 -0.9995
vn -0.0327 0.0017 -0.9995
vn -0.0327 -0.0018 -0.9995
vn -0.0328 -0.0000 -0.9995
vn 0.0038 -1.0000 -0.0000
vn -0.1937 -0.9811 -0.0000
vn -0.3869 -0.9221 -0.0000
vn -0.5610 -0.8278 -0.0000
vn -0.7130 -0.7012 -0.0000
vn -0.8369 -0.5474 -0.0000
vn -0.9280 -0.3726 -0.0000
vn -0.9830 -0.1837 -0.0000
vn -1.0000 -0.0050 -0.0000
vn -0.9840 0.1782 -0.0000
vn -0.9280 0.3726 -0.0000
vn -0.8369 0.5474 -0.0000
vn -0.7130 0.7012 -0.0000
vn -0.5610 0.8278 -0.0000
vn -0.3869 0.9221 -0.0000
vn -0.1937 0.9811 -0.0000
vn 0.0038 1.0000 -0.0000
vn 0.1974 0.9803 -0.0000
vn 0.3869 0.9221 -0.0000
vn 0.5610 0.8278 -0.0000
vn 0.7130 0.7012 -0.0000
vn 0.8369 0.5474 -0.0000
vn 0.9280 0.3726 -0.0000
vn 0.9840 0.1782 -0.0000
vn 1.0000 -0.0050 -0.0000
vn 0.9830 -0.1837 -0.0000
vn 0.9280 -0.3726 -0.0000
vn 0.8369 -0.5474 -0.0000
vn 0.7130 -0.7012 -0.0000
vn 0.5610 -0.8278 -0.0000
vn 0.3869 -0.9221 -0.0000
vn 0.1974 -0.9803 -0.0000
vn -0.0000 -0.0000 1.0000
vn -0.0000 0.0006 1.0000
vn -0.0000 0.0006 -1.0000
vn -0.0000 -0.0000 -1.0000
vn 0.0327 -0.0017 0.9995
vn -0.0327 0.0017 0.9995
vn -0.7609 -0.1350 0.6347
vn 0.7609 -0.1350 -0.6347
vn -0.7609 0.1350 -0.6347
vn 0.7609 0.1350 0.6347
vn 0.0327 0.0017 -0.9995
vn -0.0327 -0.0017 -0.9995
vn -0.0000 0.0767 -0.9971
vn -0.0018 -0.0359 -0.9994
vn 0.0330 -0.0000 -0.9995
vn 0.0018 -0.0359 -0.9994
vn -0.0325 -0.0000 -0.9995
vn -0.0000 0.0772 0.9970
vn 0.0017 -0.0359 0.9994
vn -0.0012 0.0812 0.9967
vn -0.0017 -0.0359 0.9994
vn 0.0328 0.0016 -0.9995
vn 0.0327 0.0019 -0.9995
vn 0.0008 0.0812 0.9967
vn -0.0009 0.0812 -0.9967
vn -0.0017 0.0359 -0.9994
vn 0.0017 0.0359 -0.9994
vn 0.0017 0.0359 0.9994
vn -0.0017 0.0359 0.9994
vn -0.7609 -0.1349 -0.6347
vn 0.7609 -0.1349 0.6347
vn -0.7609 0.1349 0.6347
vn 0.7609 0.1349 -0.6347
vn 0.7316 0.6818 -0.0000
vn -0.7316 -0.6818 -0.0000
vn 0.7316 -0.6818 -0.0000
vn 0.0327 -0.0000 0.9995
vn 0.0327 -0.0018 0.9995
vn 0.0327 0.0018 0.9995
vn -0.0328 0.0017 0.9995
vn -0.0329 -0.0000 0.9995
vn -0.0327 -0.0018 0.9995
vn -0.0000 0.1885 -0.9821
vn -0.0000 -0.1885 -0.9821
vn -0.0000 -0.1885 0.9821
vn -0.0328 0.0017 -0.9995
vn -0.7316 0.6818 -0.0000
vt 0.001953 0.283420
vt 0.036870 0.265828
vt 0.036870 0.283420
vt 0.001953 0.265828
vt 0.036870 0.248237
vt 0.001953 0.248237
vt 0.036870 0.230645
vt 0.001953 0.230645
vt 0.036870 0.213053
vt 0.001953 0.213053
vt 0.036870 0.195462
vt 0.001953 0.195462
vt 0.036870 0.177870
vt 0.001953 0.177870
vt 0.036870 0.160278
vt 0.001953 0.160278
vt 0.036870 0.142687
vt 0.001953 0.142687
vt 0.036870 0.125095
vt 0.001953 0.125095
vt 0.036870 0.107503
vt 0.001953 0.107503
vt 0.036870 0.089912
vt 0.001953 0.089912
vt 0.036870 0.072320
vt 0.001953 0.072320
vt 0.036870 0.054728
vt 0.001953 0.054728
vt 0.036870 0.037137
vt 0.001953 0.037137
vt 0.036870 0.019545
vt 0.001953 0.019545
vt 0.036870 0.001953
vt 0.001953 0.564887
vt 0.036870 0.547295
vt 0.036870 0.564887
vt 0.001953 0.547295
vt 0.036870 0.529704
vt 0.001953 0.529704
vt 0.036870 0.512112
vt 0.001953 0.512112
vt 0.036870 0.494521
vt 0.001953 0.494521
vt 0.036870 0.476929
vt 0.001953 0.476929
vt 0.036870 0.459337
vt 0.001953 0.459337
vt 0.036870 0.441745
vt 0.001953 0.424154
vt 0.036870 0.424154
vt 0.001953 0.406562
vt 0.036870 0.406562
vt 0.036870 0.388970
vt 0.001953 0.388970
vt 0.036870 0.371379
vt 0.001953 0.371379
vt 0.036870 0.353787
vt 0.001953 0.353787
vt 0.036870 0.336195
vt 0.001953 0.336195
vt 0.036870 0.318603
vt 0.574766 0.706326
vt 0.544268 0.692903
vt 0.574766 0.692903
vt 0.001953 0.318603
vt 0.036870 0.301012
vt 0.001953 0.301012
vt 0.827914 0.924973
vt 0.770605 0.935685
vt 0.770605 0.924973
vt 0.065006 0.249476
vt 0.043675 0.234005
vt 0.065006 0.234005
vt 0.093143 0.264944
vt 0.071811 0.249474
vt 0.093143 0.249474
vt 0.043675 0.218535
vt 0.065006 0.218535
vt 0.093143 0.280414
vt 0.071811 0.264944
vt 0.043675 0.203065
vt 0.065006 0.203065
vt 0.071811 0.295884
vt 0.071811 0.280414
vt 0.043675 0.187595
vt 0.065006 0.187595
vt 0.093143 0.311354
vt 0.093143 0.295884
vt 0.065006 0.172125
vt 0.043675 0.172125
vt 0.093143 0.326824
vt 0.071811 0.311354
vt 0.043675 0.156655
vt 0.065006 0.156655
vt 0.093143 0.342294
vt 0.071811 0.326824
vt 0.043675 0.141185
vt 0.065006 0.141185
vt 0.071811 0.357764
vt 0.071811 0.342294
vt 0.043675 0.125714
vt 0.065006 0.125714
vt 0.093143 0.357764
vt 0.071811 0.373234
vt 0.043675 0.110244
vt 0.065006 0.110244
vt 0.093143 0.373234
vt 0.071811 0.388704
vt 0.043675 0.094774
vt 0.065006 0.094774
vt 0.093143 0.404174
vt 0.093143 0.388704
vt 0.065006 0.079304
vt 0.043675 0.079304
vt 0.093143 0.419644
vt 0.071811 0.404174
vt 0.043675 0.063834
vt 0.065006 0.063834
vt 0.071811 0.435114
vt 0.071811 0.419644
vt 0.043675 0.048363
vt 0.065006 0.048363
vt 0.093143 0.450584
vt 0.093143 0.435114
vt 0.065006 0.032894
vt 0.043675 0.032894
vt 0.093143 0.466054
vt 0.071811 0.450584
vt 0.043675 0.017423
vt 0.065006 0.017423
vt 0.093143 0.481525
vt 0.071811 0.466054
vt 0.043675 0.001953
vt 0.065006 0.001953
vt 0.071811 0.496995
vt 0.071811 0.481525
vt 0.065006 0.481528
vt 0.043675 0.496998
vt 0.043675 0.481528
vt 0.093143 0.017423
vt 0.071811 0.001953
vt 0.093143 0.001953
vt 0.065006 0.466058
vt 0.043675 0.466058
vt 0.093143 0.032893
vt 0.071811 0.017423
vt 0.043675 0.450588
vt 0.065006 0.450588
vt 0.071811 0.048363
vt 0.071811 0.032893
vt 0.065006 0.435117
vt 0.043675 0.435117
vt 0.093143 0.063833
vt 0.093143 0.048363
vt 0.065006 0.419647
vt 0.043675 0.419647
vt 0.093143 0.079303
vt 0.071811 0.063833
vt 0.043675 0.404177
vt 0.065006 0.404177
vt 0.093143 0.094773
vt 0.071811 0.079303
vt 0.043675 0.388707
vt 0.065006 0.388707
vt 0.093143 0.110243
vt 0.071811 0.094773
vt 0.065006 0.373237
vt 0.043675 0.373237
vt 0.093143 0.125713
vt 0.071811 0.110243
vt 0.043675 0.357767
vt 0.065006 0.357767
vt 0.093143 0.141184
vt 0.071811 0.125713
vt 0.043675 0.342297
vt 0.065006 0.342297
vt 0.093143 0.156654
vt 0.071811 0.141184
vt 0.065006 0.326826
vt 0.043675 0.326826
vt 0.071811 0.172123
vt 0.071811 0.156654
vt 0.065006 0.311356
vt 0.043675 0.311356
vt 0.093143 0.187594
vt 0.093143 0.172123
vt 0.065006 0.295886
vt 0.043675 0.295886
vt 0.071811 0.203064
vt 0.071811 0.187594
vt 0.065006 0.280416
vt 0.043675 0.280416
vt 0.093143 0.218534
vt 0.093143 0.203064
vt 0.043675 0.264946
vt 0.065006 0.264946
vt 0.093143 0.234004
vt 0.071811 0.218534
vt 0.043675 0.249476
vt 0.071811 0.234004
vt 0.574766 0.719748
vt 0.544268 0.706326
vt 0.574766 0.733170
vt 0.544268 0.719748
vt 0.574766 0.746593
vt 0.544268 0.733170
vt 0.574766 0.760015
vt 0.544268 0.746593
vt 0.574766 0.773438
vt 0.544268 0.760015
vt 0.722969 0.996530
vt 0.666213 0.973246
vt 0.722969 0.973246
vt 0.307642 0.883360
vt 0.364783 0.873562
vt 0.364783 0.883360
vt 0.574766 0.813705
vt 0.544268 0.800283
vt 0.574766 0.800283
vt 0.574766 0.827128
vt 0.544268 0.813705
vt 0.574766 0.840550
vt 0.544268 0.827128
vt 0.574766 0.853973
vt 0.544268 0.840550
vt 0.574766 0.867395
vt 0.544268 0.853973
vt 0.574766 0.880818
vt 0.544268 0.867395
vt 0.770605 0.914261
vt 0.827914 0.916011
vt 0.850092 0.997426
vt 0.793336 0.974321
vt 0.850092 0.974321
vt 0.574766 0.491566
vt 0.544268 0.478143
vt 0.574766 0.478143
vt 0.574766 0.504989
vt 0.544268 0.491566
vt 0.574766 0.518411
vt 0.544268 0.504989
vt 0.574766 0.531833
vt 0.544268 0.518411
vt 0.574766 0.545256
vt 0.544268 0.531833
vt 0.544268 0.558678
vt 0.544268 0.545256
vt 0.666213 0.943156
vt 0.722970 0.966440
vt 0.666213 0.966440
vt 0.970735 0.279390
vt 0.980533 0.336530
vt 0.970735 0.336530
vt 0.574766 0.585523
vt 0.544268 0.598946
vt 0.544268 0.585523
vt 0.574766 0.612368
vt 0.574766 0.598946
vt 0.574766 0.625791
vt 0.544268 0.612368
vt 0.544268 0.639213
vt 0.544268 0.625791
vt 0.574766 0.652636
vt 0.574766 0.639213
vt 0.574766 0.666058
vt 0.544268 0.652636
vt 0.761854 0.781820
vt 0.705027 0.790895
vt 0.705150 0.781110
vt 0.546933 0.668723
vt 0.544268 0.679480
vt 0.544268 0.666058
vt 0.572100 0.668723
vt 0.574766 0.679480
vt 0.572100 0.679480
vt 0.546933 0.582858
vt 0.544268 0.572101
vt 0.546933 0.572101
vt 0.572100 0.582858
vt 0.574766 0.572101
vt 0.546933 0.561343
vt 0.572100 0.561343
vt 0.572100 0.572101
vt 0.546933 0.475478
vt 0.544268 0.464721
vt 0.546933 0.464721
vt 0.572100 0.475478
vt 0.574766 0.464721
vt 0.546933 0.883483
vt 0.544268 0.894240
vt 0.544268 0.880817
vt 0.572100 0.883483
vt 0.574766 0.894240
vt 0.572100 0.894240
vt 0.546933 0.797617
vt 0.544268 0.786860
vt 0.546933 0.786860
vt 0.572100 0.797617
vt 0.574766 0.786860
vt 0.546933 0.776103
vt 0.544268 0.773438
vt 0.572100 0.776103
vt 0.572100 0.786860
vt 0.546933 0.690238
vt 0.546933 0.679480
vt 0.572100 0.690238
vt 0.574766 0.558678
vt 0.463652 0.998047
vt 0.406897 0.974942
vt 0.463652 0.974942
vt 0.705273 0.771324
vt 0.761976 0.772034
vt 0.784427 0.771432
vt 0.779428 0.774668
vt 0.778040 0.773520
vt 0.960937 0.336530
vt 0.960937 0.279390
vt 0.784181 0.791016
vt 0.779267 0.787517
vt 0.780435 0.786155
vt 0.364783 0.893158
vt 0.307642 0.893158
vt 0.849516 0.914261
vt 0.845500 0.918581
vt 0.844090 0.917444
vt 0.849516 0.933933
vt 0.845500 0.931507
vt 0.846658 0.930122
vt 0.766344 0.774504
vt 0.765176 0.775866
vt 0.729775 0.974321
vt 0.786531 0.997606
vt 0.729775 0.997606
vt 0.761731 0.791606
vt 0.766183 0.787353
vt 0.767571 0.788500
vt 0.968081 0.996273
vt 0.911324 0.972989
vt 0.968081 0.972989
vt 0.832338 0.918581
vt 0.831181 0.919966
vt 0.827914 0.933936
vt 0.832338 0.931507
vt 0.833749 0.932644
vt 0.906512 0.933934
vt 0.849516 0.924097
vt 0.906512 0.924097
vt 0.906512 0.914261
vt 0.527213 0.998047
vt 0.470458 0.974942
vt 0.527213 0.974942
vt 0.840921 0.791728
vt 0.784304 0.781224
vt 0.841044 0.781935
vt 0.343336 0.974942
vt 0.400092 0.998047
vt 0.343336 0.998047
vt 0.841167 0.772144
vt 0.493858 0.693429
vt 0.491933 0.702486
vt 0.492490 0.691174
vt 0.489520 0.603884
vt 0.491445 0.612942
vt 0.489520 0.612942
vt 0.491929 0.651847
vt 0.493854 0.642789
vt 0.493298 0.654102
vt 0.489520 0.664189
vt 0.491445 0.673247
vt 0.489520 0.673247
vt 0.493858 0.711543
vt 0.493858 0.702486
vt 0.489520 0.622000
vt 0.490889 0.624255
vt 0.491929 0.633732
vt 0.491929 0.642789
vt 0.489520 0.682304
vt 0.490889 0.684559
vt 0.489520 0.749154
vt 0.492085 0.770389
vt 0.489520 0.770568
vt 0.494494 0.742511
vt 0.491929 0.721276
vt 0.494494 0.721096
vt 0.109318 0.496198
vt 0.111883 0.474963
vt 0.111883 0.496019
vt 0.102513 0.474783
vt 0.099948 0.496019
vt 0.099948 0.474963
vt 0.336530 0.967786
vt 0.279390 0.957988
vt 0.336530 0.957988
vt 0.279390 0.977584
vt 0.279390 0.967786
vt 0.970735 0.400476
vt 0.980533 0.343336
vt 0.980533 0.400476
vt 0.960937 0.343336
vt 0.970735 0.343336
vt 0.913318 0.942528
vt 0.936159 0.940677
vt 0.936159 0.942528
vt 0.913318 0.938892
vt 0.913318 0.940677
vt 0.913318 0.937102
vt 0.936159 0.938892
vt 0.913318 0.935306
vt 0.936159 0.937102
vt 0.913318 0.933505
vt 0.936159 0.935306
vt 0.913318 0.931697
vt 0.936159 0.933505
vt 0.913318 0.929885
vt 0.936159 0.931697
vt 0.936159 0.928168
vt 0.913318 0.928168
vt 0.936159 0.926258
vt 0.913318 0.924446
vt 0.913318 0.926258
vt 0.936159 0.922638
vt 0.913318 0.922638
vt 0.936159 0.920836
vt 0.913318 0.920836
vt 0.936159 0.919041
vt 0.913318 0.919041
vt 0.936159 0.917252
vt 0.913318 0.917252
vt 0.936159 0.915466
vt 0.913318 0.915466
vt 0.936159 0.913615
vt 0.913318 0.913615
vt 0.936159 0.911903
vt 0.913318 0.911903
vt 0.936159 0.910118
vt 0.913318 0.910118
vt 0.936159 0.908328
vt 0.913318 0.908328
vt 0.936159 0.906533
vt 0.913318 0.904731
vt 0.936159 0.904731
vt 0.936159 0.902923
vt 0.913318 0.902923
vt 0.936159 0.901111
vt 0.913318 0.899202
vt 0.913318 0.901111
vt 0.936159 0.897484
vt 0.936159 0.899202
vt 0.913318 0.897484
vt 0.936159 0.895672
vt 0.913318 0.893865
vt 0.913318 0.895672
vt 0.913318 0.892063
vt 0.936159 0.893865
vt 0.913318 0.890267
vt 0.936159 0.892063
vt 0.913318 0.888478
vt 0.936159 0.890267
vt 0.913318 0.886693
vt 0.936159 0.888478
vt 0.936159 0.884981
vt 0.936159 0.886693
vt 0.829791 0.923261
vt 0.829620 0.924973
vt 0.838822 0.914261
vt 0.835358 0.916600
vt 0.838822 0.915913
vt 0.837104 0.916080
vt 0.830321 0.921546
vt 0.833749 0.917444
vt 0.837104 0.934008
vt 0.838822 0.934174
vt 0.838822 0.935685
vt 0.830321 0.928542
vt 0.829791 0.926827
vt 0.835358 0.933488
vt 0.831181 0.930122
vt 0.840735 0.916080
vt 0.842481 0.916600
vt 0.847518 0.921546
vt 0.848219 0.924973
vt 0.848048 0.923261
vt 0.846658 0.919966
vt 0.848047 0.926827
vt 0.842481 0.933488
vt 0.840735 0.934008
vt 0.847518 0.928542
vt 0.844090 0.932644
vt 0.772595 0.790086
vt 0.772574 0.791728
vt 0.770889 0.789899
vt 0.769160 0.789360
vt 0.764215 0.784380
vt 0.763560 0.780964
vt 0.763709 0.782669
vt 0.765050 0.785962
vt 0.763754 0.779124
vt 0.772841 0.770431
vt 0.769370 0.772572
vt 0.772822 0.771933
vt 0.771112 0.772076
vt 0.764302 0.777426
vt 0.767760 0.773391
vt 0.774722 0.772122
vt 0.781397 0.777640
vt 0.782049 0.781196
vt 0.781902 0.779351
vt 0.776451 0.772660
vt 0.780561 0.776059
vt 0.781857 0.782897
vt 0.781310 0.784594
vt 0.776241 0.789449
vt 0.774499 0.789944
vt 0.777851 0.788629
vt 0.001953 0.001953
vt 0.001953 0.441745
vt 0.093143 0.496995
vt 0.065006 0.496998
vt 0.666213 0.996530
vt 0.307642 0.873562
vt 0.793336 0.997426
vt 0.722970 0.943156
vt 0.980533 0.279390
vt 0.572100 0.464721
vt 0.546933 0.894240
vt 0.406897 0.998047
vt 0.786531 0.974321
vt 0.911324 0.996273
vt 0.470458 0.998047
vt 0.400092 0.974942
vt 0.490889 0.601629
vt 0.490889 0.661935
vt 0.492490 0.713797
vt 0.493298 0.631477
vt 0.492085 0.749333
vt 0.491929 0.742332
vt 0.109318 0.474784
vt 0.102513 0.496199
vt 0.336530 0.977584
vt 0.960937 0.400476
vt 0.936159 0.929885
vt 0.936159 0.924446
vt 0.913318 0.906533
vt 0.913318 0.884981
s 1
usemtl cart
f 100/97/13 98/98/14 97/99/13
f 99/100/14 101/101/15 98/98/14
f 102/102/15 103/103/16 101/101/15
f 104/104/16 105/105/17 103/103/16
f 106/106/17 107/107/18 105/105/17
f 108/108/18 109/109/19 107/107/18
f 110/110/19 111/111/20 109/109/19
f 112/112/20 113/113/21 111/111/20
f 114/114/21 115/115/22 113/113/21
f 116/116/22 117/117/23 115/115/22
f 118/118/23 119/119/24 117/117/23
f 120/120/24 121/121/25 119/119/24
f 122/122/25 123/123/26 121/121/25
f 124/124/26 125/125/27 123/123/26
f 126/126/27 127/127/28 125/125/27
f 128/128/28 129/129/29 127/127/28
f 130/130/29 131/131/30 129/132/29
f 132/133/30 133/134/31 131/131/30
f 134/135/31 135/136/32 133/134/31
f 136/137/32 137/138/33 135/136/32
f 138/139/33 139/140/34 137/138/33
f 140/141/34 141/142/35 139/140/34
f 142/143/35 143/144/36 141/142/35
f 143/144/36 146/145/37 145/146/37
f 145/146/37 148/147/38 147/148/38
f 148/147/38 149/149/39 147/148/38
f 150/150/39 151/151/40 149/149/39
f 152/152/40 153/153/41 151/151/40
f 154/154/41 155/155/42 153/153/41
f 156/156/42 157/157/43 155/155/42
f 94/158/27 183/159/28 184/160/28
f 158/161/43 159/162/44 157/157/43
f 160/163/44 97/99/13 159/162/44
f 191/164/45 36/165/46 34/166/47
f 161/167/48 98/168/49 162/169/49
f 163/170/50 100/171/51 164/172/51
f 162/169/49 101/173/52 37/174/52
f 38/175/53 99/176/50 163/170/50
f 37/174/52 103/177/54 39/178/54
f 38/175/53 104/179/55 102/180/53
f 39/178/54 105/181/56 41/182/56
f 42/183/57 104/179/55 40/184/55
f 43/185/58 105/181/56 107/186/58
f 44/187/59 106/188/57 42/183/57
f 43/185/58 109/189/60 45/190/60
f 46/191/61 108/192/59 44/187/59
f 45/190/60 111/193/62 165/194/62
f 46/191/61 112/195/63 110/196/61
f 165/194/62 113/197/64 166/198/64
f 168/199/63 114/200/65 112/195/63
f 166/198/64 115/201/66 169/202/66
f 167/203/65 116/204/67 114/200/65
f 169/202/66 117/205/68 53/206/68
f 54/207/69 116/204/67 170/208/67
f 55/209/70 117/205/68 119/210/70
f 56/211/71 118/212/69 54/207/69
f 55/209/70 121/213/72 57/214/72
f 56/211/71 122/215/73 120/216/71
f 57/214/72 123/217/74 59/218/74
f 60/219/75 122/215/73 58/220/73
f 61/221/76 123/217/74 125/222/76
f 62/223/77 124/224/75 60/219/75
f 61/221/76 127/225/78 171/226/78
f 174/227/79 126/228/77 62/223/77
f 171/226/78 129/229/80 172/230/80
f 174/227/79 130/231/81 128/232/79
f 175/233/82 129/234/80 131/235/82
f 176/236/83 130/237/81 173/238/81
f 69/239/84 131/235/82 133/240/84
f 70/241/85 132/242/83 176/236/83
f 69/239/84 135/243/86 71/244/86
f 70/241/85 136/245/87 134/246/85
f 73/247/88 135/243/86 137/248/88
f 74/249/89 136/245/87 72/250/87
f 75/251/90 137/248/88 139/252/90
f 76/253/91 138/254/89 74/249/89
f 75/251/90 141/255/92 77/256/92
f 78/257/93 140/258/91 76/253/91
f 77/256/92 143/259/94 177/260/94
f 180/261/95 142/262/93 78/257/93
f 178/263/96 143/259/94 145/264/96
f 179/265/97 144/266/95 180/261/95
f 178/263/96 147/267/98 181/268/98
f 182/269/99 146/270/97 179/265/97
f 181/268/98 149/271/100 85/272/100
f 86/273/101 148/274/99 182/269/99
f 87/275/102 149/271/100 151/276/102
f 86/273/101 152/277/103 150/278/101
f 89/279/104 151/276/102 153/280/104
f 90/281/105 152/277/103 88/282/103
f 91/283/106 153/280/104 155/284/106
f 90/281/105 156/285/107 154/286/105
f 93/287/108 155/284/106 157/288/108
f 94/289/109 156/285/107 92/290/107
f 93/287/108 159/291/110 183/292/110
f 184/293/111 158/294/109 94/289/109
f 183/292/110 97/295/48 161/167/48
f 184/293/111 100/171/51 160/296/111
f 92/297/26 93/298/27 94/158/27
f 90/299/25 91/300/26 92/297/26
f 88/301/24 89/302/25 90/299/25
f 86/303/23 87/304/24 88/301/24
f 182/305/22 85/306/23 86/303/23
f 189/307/112 84/308/112 190/309/112
f 186/310/113 84/311/114 82/312/115
f 78/313/19 177/314/20 180/315/20
f 76/316/18 77/317/19 78/313/19
f 74/318/17 75/319/18 76/316/18
f 72/320/16 73/321/17 74/318/17
f 70/322/15 71/323/16 72/320/16
f 176/324/14 69/325/15 70/322/15
f 191/164/45 96/326/116 210/327/117
f 210/328/118 95/329/118 209/330/118
f 62/331/43 171/332/44 174/333/44
f 60/334/42 61/335/43 62/331/43
f 58/336/41 59/337/42 60/334/42
f 56/338/40 57/339/41 58/336/41
f 54/340/39 55/341/40 56/338/40
f 54/340/39 169/342/38 53/343/39
f 200/344/119 52/345/119 199/346/119
f 187/347/120 52/348/121 50/349/122
f 168/350/36 45/351/35 165/352/36
f 44/353/34 45/351/35 46/354/35
f 42/355/33 43/356/34 44/353/34
f 42/355/33 39/357/32 41/358/33
f 38/359/31 39/357/32 40/360/32
f 163/361/30 37/362/31 38/359/31
f 194/363/123 95/364/124 33/365/125
f 35/366/126 161/367/29 162/368/30
f 36/369/126 164/370/29 34/371/29
f 47/372/127 166/373/37 49/374/37
f 48/375/127 167/376/37 168/350/36
f 51/377/128 166/373/37 169/342/38
f 52/378/128 167/376/37 50/379/37
f 63/380/129 172/381/13 65/382/13
f 64/383/129 173/384/13 174/333/44
f 67/385/130 172/386/13 175/387/14
f 68/388/130 173/389/13 66/390/13
f 79/391/131 178/392/21 81/393/21
f 80/394/131 179/395/21 180/315/20
f 83/396/132 178/392/21 181/397/22
f 84/398/132 179/395/21 82/399/21
f 95/400/133 161/367/29 33/401/29
f 96/402/133 164/370/29 184/160/28
f 96/402/133 183/159/28 95/400/133
f 83/396/132 182/305/22 84/398/132
f 80/394/131 177/314/20 79/391/131
f 67/385/130 176/324/14 68/388/130
f 64/383/129 171/332/44 63/380/129
f 51/377/128 170/403/38 52/378/128
f 48/375/127 165/352/36 47/372/127
f 35/366/126 163/361/30 36/369/126
f 212/404/134 36/405/134 211/406/134
f 194/363/123 35/407/135 212/408/136
f 207/409/137 218/410/138 217/411/138
f 187/347/120 48/412/139 192/413/140
f 201/414/141 228/415/138 225/416/138
f 186/310/113 80/417/142 197/418/143
f 203/419/144 236/420/145 237/421/145
f 205/422/146 245/423/145 240/424/145
f 212/408/136 254/425/147 249/426/147
f 192/427/148 47/428/148 193/429/148
f 209/430/149 256/431/147 258/432/147
f 197/433/150 79/434/150 196/435/150
f 210/327/117 267/436/151 269/437/151
f 211/438/152 270/439/151 273/440/151
f 64/441/153 198/442/154 66/443/155
f 68/444/156 198/442/154 203/419/144
f 68/445/157 201/446/157 67/447/157
f 67/448/158 195/449/159 65/450/160
f 63/451/161 205/452/161 64/453/161
f 63/454/162 195/449/159 207/409/137
f 196/455/163 202/456/164 201/457/165
f 197/458/166 204/459/167 186/460/167
f 199/461/168 206/462/169 205/463/170
f 200/464/171 208/465/172 188/466/172
f 189/467/173 202/456/164 185/468/164
f 190/469/174 204/459/167 210/470/175
f 192/471/176 206/462/169 187/472/169
f 193/473/177 208/465/172 212/474/178
f 193/475/179 211/476/179 192/477/179
f 190/478/180 209/479/180 189/480/180
f 197/481/181 201/482/181 203/483/181
f 200/484/182 205/485/182 207/486/182
f 185/487/183 83/488/184 189/489/185
f 185/487/183 79/490/186 81/491/187
f 188/492/188 51/493/189 200/494/190
f 188/492/188 47/495/191 49/496/192
f 247/497/193 274/498/194 264/499/193
f 250/500/195 274/498/194 248/501/194
f 249/502/196 276/503/195 250/500/195
f 254/504/197 275/505/196 249/502/196
f 251/506/198 270/507/197 254/504/197
f 253/508/199 273/509/198 251/506/198
f 252/510/200 271/511/199 253/508/199
f 246/512/201 252/510/200 219/513/201
f 219/513/201 244/514/202 246/512/201
f 221/515/203 244/514/202 220/516/202
f 243/517/204 221/515/203 217/518/204
f 245/519/205 217/518/204 218/520/205
f 218/520/205 240/521/206 245/519/205
f 216/522/206 241/523/207 240/521/206
f 215/524/207 239/525/208 241/523/207
f 213/526/208 233/527/209 239/525/208
f 214/528/209 232/529/210 233/527/209
f 226/530/210 230/531/211 232/529/210
f 227/532/211 231/533/212 230/531/211
f 225/534/212 236/535/213 231/533/212
f 236/535/213 223/536/214 237/537/214
f 223/536/214 238/538/215 237/537/214
f 224/539/215 235/540/216 238/538/215
f 229/541/217 235/540/216 222/542/216
f 229/541/217 262/543/218 234/544/217
f 255/545/218 265/546/219 262/543/218
f 258/547/220 265/546/219 257/548/219
f 256/549/221 266/550/220 258/547/220
f 259/551/222 267/552/221 256/549/221
f 260/553/223 269/554/222 259/551/222
f 261/555/224 268/556/223 260/553/223
f 261/555/224 264/557/193 263/558/224
f 263/559/151 264/560/151 191/164/45
f 210/327/117 204/561/225 265/562/151
f 204/561/225 234/563/226 262/564/151
f 204/561/225 262/564/151 265/562/151
f 263/559/151 191/164/45 268/565/151
f 191/164/45 210/327/117 268/565/151
f 210/327/117 265/562/151 266/566/151
f 269/437/151 268/565/151 210/327/117
f 210/327/117 266/566/151 267/436/151
f 272/567/151 246/568/226 206/569/225
f 211/438/152 191/164/45 276/570/151
f 191/164/45 264/560/151 274/571/151
f 191/164/45 274/571/151 276/570/151
f 272/567/151 206/569/225 271/572/151
f 206/569/225 211/438/152 271/572/151
f 211/438/152 276/570/151 275/573/151
f 273/440/151 271/572/151 211/438/152
f 211/438/152 275/573/151 270/439/151
f 234/563/226 204/561/225 235/574/145
f 204/561/225 203/419/144 238/575/145
f 235/574/145 204/561/225 238/575/145
f 203/419/144 198/442/154 230/576/145
f 198/442/154 233/577/145 232/578/145
f 198/442/154 232/578/145 230/576/145
f 203/419/144 230/576/145 231/579/145
f 237/421/145 238/575/145 203/419/144
f 203/419/144 231/579/145 236/420/145
f 239/580/145 233/577/145 198/442/154
f 205/422/146 206/569/225 242/581/145
f 206/569/225 246/568/226 244/582/145
f 206/569/225 244/582/145 242/581/145
f 239/580/145 198/442/154 241/583/145
f 198/442/154 205/422/146 241/583/145
f 205/422/146 242/581/145 243/584/145
f 240/424/145 241/583/145 205/422/146
f 205/422/146 243/584/145 245/423/145
f 229/585/227 202/586/228 255/587/147
f 202/586/228 209/430/149 257/588/147
f 255/587/147 202/586/228 257/588/147
f 209/430/149 194/363/123 260/589/147
f 194/363/123 247/590/147 261/591/147
f 194/363/123 261/591/147 260/589/147
f 209/430/149 260/589/147 259/592/147
f 258/432/147 257/588/147 209/430/149
f 209/430/149 259/592/147 256/431/147
f 248/593/147 247/590/147 194/363/123
f 212/408/136 208/594/228 253/595/147
f 208/594/228 219/596/227 252/597/147
f 208/594/228 252/597/147 253/595/147
f 248/593/147 194/363/123 250/598/147
f 194/363/123 212/408/136 250/598/147
f 212/408/136 253/595/147 251/599/147
f 249/426/147 250/598/147 212/408/136
f 212/408/136 251/599/147 254/425/147
f 220/600/138 219/596/227 208/594/228
f 207/409/137 195/449/159 215/601/138
f 195/449/159 214/602/138 213/603/138
f 195/449/159 213/603/138 215/601/138
f 220/600/138 208/594/228 221/604/138
f 208/594/228 207/409/137 221/604/138
f 207/409/137 215/601/138 216/605/138
f 217/411/138 221/604/138 207/409/137
f 207/409/137 216/605/138 218/410/138
f 214/602/138 195/449/159 226/606/138
f 195/449/159 201/414/141 227/607/138
f 226/606/138 195/449/159 227/607/138
f 201/414/141 202/586/228 224/608/138
f 202/586/228 229/585/227 222/609/138
f 202/586/228 222/609/138 224/608/138
f 201/414/141 224/608/138 223/610/138
f 225/416/138 227/607/138 201/414/141
f 201/414/141 223/610/138 228/415/138
f 100/97/13 99/100/14 98/98/14
f 99/100/14 102/102/15 101/101/15
f 102/102/15 104/104/16 103/103/16
f 104/104/16 106/106/17 105/105/17
f 106/106/17 108/108/18 107/107/18
f 108/108/18 110/110/19 109/109/19
f 110/110/19 112/112/20 111/111/20
f 112/112/20 114/114/21 113/113/21
f 114/114/21 116/116/22 115/115/22
f 116/116/22 118/118/23 117/117/23
f 118/118/23 120/120/24 119/119/24
f 120/120/24 122/122/25 121/121/25
f 122/122/25 124/124/26 123/123/26
f 124/124/26 126/126/27 125/125/27
f 126/126/27 128/128/28 127/127/28
f 128/128/28 130/611/29 129/129/29
f 130/130/29 132/133/30 131/131/30
f 132/133/30 134/135/31 133/134/31
f 134/135/31 136/137/32 135/136/32
f 136/137/32 138/139/33 137/138/33
f 138/139/33 140/141/34 139/140/34
f 140/141/34 142/143/35 141/142/35
f 142/143/35 144/612/36 143/144/36
f 143/144/36 144/612/36 146/145/37
f 145/146/37 146/145/37 148/147/38
f 148/147/38 150/150/39 149/149/39
f 150/150/39 152/152/40 151/151/40
f 152/152/40 154/154/41 153/153/41
f 154/154/41 156/156/42 155/155/42
f 156/156/42 158/161/43 157/157/43
f 94/158/27 93/298/27 183/159/28
f 158/161/43 160/163/44 159/162/44
f 160/163/44 100/97/13 97/99/13
f 191/164/45 211/438/152 36/165/46
f 161/167/48 97/295/48 98/168/49
f 163/170/50 99/176/50 100/171/51
f 162/169/49 98/168/49 101/173/52
f 38/175/53 102/180/53 99/176/50
f 37/174/52 101/173/52 103/177/54
f 38/175/53 40/184/55 104/179/55
f 39/178/54 103/177/54 105/181/56
f 42/183/57 106/188/57 104/179/55
f 43/185/58 41/182/56 105/181/56
f 44/187/59 108/192/59 106/188/57
f 43/185/58 107/186/58 109/189/60
f 46/191/61 110/196/61 108/192/59
f 45/190/60 109/189/60 111/193/62
f 46/191/61 168/199/63 112/195/63
f 165/194/62 111/193/62 113/197/64
f 168/199/63 167/203/65 114/200/65
f 166/198/64 113/197/64 115/201/66
f 167/203/65 170/208/67 116/204/67
f 169/202/66 115/201/66 117/205/68
f 54/207/69 118/212/69 116/204/67
f 55/209/70 53/206/68 117/205/68
f 56/211/71 120/216/71 118/212/69
f 55/209/70 119/210/70 121/213/72
f 56/211/71 58/220/73 122/215/73
f 57/214/72 121/213/72 123/217/74
f 60/219/75 124/224/75 122/215/73
f 61/221/76 59/218/74 123/217/74
f 62/223/77 126/228/77 124/224/75
f 61/221/76 125/222/76 127/225/78
f 174/227/79 128/232/79 126/228/77
f 171/226/78 127/225/78 129/229/80
f 174/227/79 173/613/81 130/231/81
f 175/233/82 172/614/80 129/234/80
f 176/236/83 132/242/83 130/237/81
f 69/239/84 175/233/82 131/235/82
f 70/241/85 134/246/85 132/242/83
f 69/239/84 133/240/84 135/243/86
f 70/241/85 72/250/87 136/245/87
f 73/247/88 71/244/86 135/243/86
f 74/249/89 138/254/89 136/245/87
f 75/251/90 73/247/88 137/248/88
f 76/253/91 140/258/91 138/254/89
f 75/251/90 139/252/90 141/255/92
f 78/257/93 142/262/93 140/258/91
f 77/256/92 141/255/92 143/259/94
f 180/261/95 144/266/95 142/262/93
f 178/263/96 177/260/94 143/259/94
f 179/265/97 146/270/97 144/266/95
f 178/263/96 145/264/96 147/267/98
f 182/269/99 148/274/99 146/270/97
f 181/268/98 147/267/98 149/271/100
f 86/273/101 150/278/101 148/274/99
f 87/275/102 85/272/100 149/271/100
f 86/273/101 88/282/103 152/277/103
f 89/279/104 87/275/102 151/276/102
f 90/281/105 154/286/105 152/277/103
f 91/283/106 89/279/104 153/280/104
f 90/281/105 92/290/107 156/285/107
f 93/287/108 91/283/106 155/284/106
f 94/289/109 158/294/109 156/285/107
f 93/287/108 157/288/108 159/291/110
f 184/293/111 160/296/111 158/294/109
f 183/292/110 159/291/110 97/295/48
f 184/293/111 164/172/51 100/171/51
f 92/297/26 91/300/26 93/298/27
f 90/299/25 89/302/25 91/300/26
f 88/301/24 87/304/24 89/302/25
f 86/303/23 85/306/23 87/304/24
f 182/305/22 181/397/22 85/306/23
f 189/307/112 83/615/112 84/308/112
f 186/310/113 190/616/229 84/311/114
f 78/313/19 77/317/19 177/314/20
f 76/316/18 75/319/18 77/317/19
f 74/318/17 73/321/17 75/319/18
f 72/320/16 71/323/16 73/321/17
f 70/322/15 69/325/15 71/323/16
f 176/324/14 175/387/14 69/325/15
f 191/164/45 34/166/47 96/326/116
f 210/328/118 96/617/118 95/329/118
f 62/331/43 61/335/43 171/332/44
f 60/334/42 59/337/42 61/335/43
f 58/336/41 57/339/41 59/337/42
f 56/338/40 55/341/40 57/339/41
f 54/340/39 53/343/39 55/341/40
f 54/340/39 170/403/38 169/342/38
f 200/344/119 51/618/119 52/345/119
f 187/347/120 199/619/230 52/348/121
f 168/350/36 46/354/35 45/351/35
f 44/353/34 43/356/34 45/351/35
f 42/355/33 41/358/33 43/356/34
f 42/355/33 40/360/32 39/357/32
f 38/359/31 37/362/31 39/357/32
f 163/361/30 162/368/30 37/362/31
f 194/363/123 209/430/149 95/364/124
f 35/366/126 33/401/29 161/367/29
f 36/369/126 163/361/30 164/370/29
f 47/372/127 165/352/36 166/373/37
f 48/375/127 50/379/37 167/376/37
f 51/377/128 49/374/37 166/373/37
f 52/378/128 170/403/38 167/376/37
f 63/380/129 171/332/44 172/381/13
f 64/383/129 66/620/13 173/384/13
f 67/385/130 65/621/13 172/386/13
f 68/388/130 176/324/14 173/389/13
f 79/391/131 177/314/20 178/392/21
f 80/394/131 82/399/21 179/395/21
f 83/396/132 81/393/21 178/392/21
f 84/398/132 182/305/22 179/395/21
f 95/400/133 183/159/28 161/367/29
f 96/402/133 34/371/29 164/370/29
f 96/402/133 184/160/28 183/159/28
f 83/396/132 181/397/22 182/305/22
f 80/394/131 180/315/20 177/314/20
f 67/385/130 175/387/14 176/324/14
f 64/383/129 174/333/44 171/332/44
f 51/377/128 169/342/38 170/403/38
f 48/375/127 168/350/36 165/352/36
f 35/366/126 162/368/30 163/361/30
f 212/404/134 35/622/134 36/405/134
f 194/363/123 33/365/125 35/407/135
f 187/347/120 50/349/122 48/412/139
f 186/310/113 82/312/115 80/417/142
f 192/427/148 48/623/148 47/428/148
f 197/433/150 80/624/150 79/434/150
f 64/441/153 205/422/146 198/442/154
f 68/444/156 66/443/155 198/442/154
f 68/445/157 203/625/157 201/446/157
f 67/448/158 201/414/141 195/449/159
f 63/451/161 207/626/161 205/452/161
f 63/454/162 65/450/160 195/449/159
f 196/455/163 185/468/164 202/456/164
f 197/458/166 203/627/231 204/459/167
f 199/461/168 187/472/169 206/462/169
f 200/464/171 207/628/232 208/465/172
f 189/467/173 209/629/233 202/456/164
f 190/469/174 186/460/167 204/459/167
f 192/471/176 211/630/234 206/462/169
f 193/473/177 188/466/172 208/465/172
f 193/475/179 212/631/179 211/476/179
f 190/478/180 210/632/180 209/479/180
f 197/481/181 196/633/181 201/482/181
f 200/484/182 199/634/182 205/485/182
f 185/487/183 81/491/187 83/488/184
f 185/487/183 196/635/235 79/490/186
f 188/492/188 49/496/192 51/493/189
f 188/492/188 193/636/236 47/495/191
f 247/497/193 248/501/194 274/498/194
f 250/500/195 276/503/195 274/498/194
f 249/502/196 275/505/196 276/503/195
f 254/504/197 270/507/197 275/505/196
f 251/506/198 273/509/198 270/507/197
f 253/508/199 271/511/199 273/509/198
f 252/510/200 272/637/200 271/511/199
f 246/512/201 272/637/200 252/510/200
f 219/513/201 220/516/202 244/514/202
f 221/515/203 242/638/203 244/514/202
f 243/517/204 242/638/203 221/515/203
f 245/519/205 243/517/204 217/518/204
f 218/520/205 216/522/206 240/521/206
f 216/522/206 215/524/207 241/523/207
f 215/524/207 213/526/208 239/525/208
f 213/526/208 214/528/209 233/527/209
f 214/528/209 226/530/210 232/529/210
f 226/530/210 227/532/211 230/531/211
f 227/532/211 225/534/212 231/533/212
f 225/534/212 228/639/213 236/535/213
f 236/535/213 228/639/213 223/536/214
f 223/536/214 224/539/215 238/538/215
f 224/539/215 222/542/216 235/540/216
f 229/541/217 234/544/217 235/540/216
f 229/541/217 255/545/218 262/543/218
f 255/545/218 257/548/219 265/546/219
f 258/547/220 266/550/220 265/546/219
f 256/549/221 267/552/221 266/550/220
f 259/551/222 269/554/222 267/552/221
f 260/553/223 268/556/223 269/554/222
f 261/555/224 263/558/224 268/556/223
f 261/555/224 247/640/193 264/557/193
f 344/97/13 341/99/13 342/98/14
f 343/100/14 342/98/14 345/101/15
f 346/102/15 345/101/15 347/103/16
f 348/104/16 347/103/16 349/105/17
f 350/106/17 349/105/17 351/107/18
f 352/108/18 351/107/18 353/109/19
f 354/110/19 353/109/19 355/111/20
f 356/112/20 355/111/20 357/113/21
f 358/114/21 357/113/21 359/115/22
f 360/116/22 359/115/22 361/117/23
f 362/118/23 361/117/23 363/119/24
f 364/120/24 363/119/24 365/121/25
f 366/122/25 365/121/25 367/123/26
f 368/124/26 367/123/26 369/125/27
f 370/126/27 369/125/27 371/127/28
f 372/128/28 371/127/28 373/129/29
f 374/130/29 373/132/29 375/131/30
f 376/133/30 375/131/30 377/134/31
f 378/135/31 377/134/31 379/136/32
f 380/137/32 379/136/32 381/138/33
f 382/139/33 381/138/33 383/140/34
f 384/141/34 383/140/34 385/142/35
f 386/143/35 385/142/35 387/144/36
f 387/144/36 389/146/37 390/145/37
f 389/146/37 391/148/38 392/147/38
f 392/147/38 391/148/38 393/149/39
f 394/150/39 393/149/39 395/151/40
f 396/152/40 395/151/40 397/153/41
f 398/154/41 397/153/41 399/155/42
f 400/156/42 399/155/42 401/157/43
f 338/158/27 428/160/28 427/159/28
f 402/161/43 401/157/43 403/162/44
f 404/163/44 403/162/44 341/99/13
f 435/164/237 278/166/125 280/165/238
f 405/167/51 406/169/50 342/168/50
f 407/170/49 408/172/48 344/171/48
f 406/169/50 281/174/53 345/173/53
f 282/175/52 407/170/49 343/176/49
f 281/174/53 283/178/55 347/177/55
f 282/175/52 346/180/52 348/179/54
f 283/178/55 285/182/57 349/181/57
f 286/183/56 284/184/54 348/179/54
f 287/185/59 351/186/59 349/181/57
f 288/187/58 286/183/56 350/188/56
f 287/185/59 289/190/61 353/189/61
f 290/191/60 288/187/58 352/192/58
f 289/190/61 409/194/63 355/193/63
f 290/191/60 354/196/60 356/195/62
f 409/194/63 410/198/65 357/197/65
f 412/199/62 356/195/62 358/200/64
f 410/198/65 413/202/67 359/201/67
f 411/203/64 358/200/64 360/204/66
f 413/202/67 297/206/69 361/205/69
f 298/207/68 414/208/66 360/204/66
f 299/209/71 363/210/71 361/205/69
f 300/211/70 298/207/68 362/212/68
f 299/209/71 301/214/73 365/213/73
f 300/211/70 364/216/70 366/215/72
f 301/214/73 303/218/75 367/217/75
f 304/219/74 302/220/72 366/215/72
f 305/221/77 369/222/77 367/217/75
f 306/223/76 304/219/74 368/224/74
f 305/221/77 415/226/79 371/225/79
f 418/227/78 306/223/76 370/228/76
f 415/226/79 416/230/81 373/229/81
f 418/227/78 372/232/78 374/231/80
f 419/233/83 375/235/83 373/234/81
f 420/236/82 417/238/80 374/237/80
f 313/239/85 377/240/85 375/235/83
f 314/241/84 420/236/82 376/242/82
f 313/239/85 315/244/87 379/243/87
f 314/241/84 378/246/84 380/245/86
f 317/247/89 381/248/89 379/243/87
f 318/249/88 316/250/86 380/245/86
f 319/251/91 383/252/91 381/248/89
f 320/253/90 318/249/88 382/254/88
f 319/251/91 321/256/93 385/255/93
f 322/257/92 320/253/90 384/258/90
f 321/256/93 421/260/95 387/259/95
f 424/261/94 322/257/92 386/262/92
f 422/263/97 389/264/97 387/259/95
f 423/265/96 424/261/94 388/266/94
f 422/263/97 425/268/99 391/267/99
f 426/269/98 423/265/96 390/270/96
f 425/268/99 329/272/101 393/271/101
f 330/273/100 426/269/98 392/274/98
f 331/275/103 395/276/103 393/271/101
f 330/273/100 394/278/100 396/277/102
f 333/279/105 397/280/105 395/276/103
f 334/281/104 332/282/102 396/277/102
f 335/283/107 399/284/107 397/280/105
f 334/281/104 398/286/104 400/285/106
f 337/287/109 401/288/109 399/284/107
f 338/289/108 336/290/106 400/285/106
f 337/287/109 427/292/111 403/291/111
f 428/293/110 338/289/108 402/294/108
f 427/292/111 405/167/51 341/295/51
f 428/293/110 404/296/110 344/171/48
f 336/297/26 338/158/27 337/298/27
f 334/299/25 336/297/26 335/300/26
f 332/301/24 334/299/25 333/302/25
f 330/303/23 332/301/24 331/304/24
f 426/305/22 330/303/23 329/306/23
f 433/307/112 434/309/112 328/308/112
f 430/310/239 326/312/187 328/311/184
f 322/313/19 424/315/20 421/314/20
f 320/316/18 322/313/19 321/317/19
f 318/318/17 320/316/18 319/319/18
f 316/320/16 318/318/17 317/321/17
f 314/322/15 316/320/16 315/323/16
f 420/324/14 314/322/15 313/325/15
f 435/164/237 454/327/149 340/326/240
f 454/328/118 453/330/118 339/329/118
f 306/331/43 418/333/44 415/332/44
f 304/334/42 306/331/43 305/335/43
f 302/336/41 304/334/42 303/337/42
f 300/338/40 302/336/41 301/339/41
f 298/340/39 300/338/40 299/341/40
f 298/340/39 297/343/39 413/342/38
f 444/344/119 443/346/119 296/345/119
f 431/347/188 294/349/241 296/348/189
f 412/350/36 409/352/36 289/351/35
f 288/353/34 290/354/35 289/351/35
f 286/355/33 288/353/34 287/356/34
f 286/355/33 285/358/33 283/357/32
f 282/359/31 284/360/32 283/357/32
f 407/361/30 282/359/31 281/362/31
f 438/363/242 277/365/47 339/364/243
f 279/366/126 406/368/30 405/367/29
f 280/369/126 278/371/29 408/370/29
f 291/372/127 293/374/37 410/373/37
f 292/375/127 412/350/36 411/376/37
f 295/377/128 413/342/38 410/373/37
f 296/378/128 294/379/37 411/376/37
f 307/380/129 309/382/13 416/381/13
f 308/383/129 418/333/44 417/384/13
f 311/385/130 419/387/14 416/386/13
f 312/388/130 310/390/13 417/389/13
f 323/391/131 325/393/21 422/392/21
f 324/394/131 424/315/20 423/395/21
f 327/396/132 425/397/22 422/392/21
f 328/398/132 326/399/21 423/395/21
f 339/400/133 277/401/29 405/367/29
f 340/402/133 428/160/28 408/370/29
f 340/402/133 339/400/133 427/159/28
f 327/396/132 328/398/132 426/305/22
f 324/394/131 323/391/131 421/314/20
f 311/385/130 312/388/130 420/324/14
f 308/383/129 307/380/129 415/332/44
f 295/377/128 296/378/128 414/403/38
f 292/375/127 291/372/127 409/352/36
f 279/366/126 280/369/126 407/361/30
f 456/404/134 455/406/134 280/405/134
f 438/363/242 456/408/244 279/407/245
f 451/409/146 461/411/145 462/410/145
f 431/347/188 436/413/236 292/412/191
f 445/414/144 469/416/145 472/415/145
f 430/310/239 441/418/246 324/417/247
f 447/419/141 481/421/138 480/420/138
f 449/422/137 484/424/138 489/423/138
f 456/408/244 493/426/151 498/425/151
f 436/427/148 437/429/148 291/428/148
f 453/430/248 502/432/151 500/431/151
f 441/433/150 440/435/150 323/434/150
f 454/327/149 513/437/147 511/436/147
f 455/438/249 517/440/147 514/439/147
f 308/441/250 310/443/160 442/442/159
f 312/444/251 447/419/141 442/442/159
f 312/445/157 311/447/157 445/446/157
f 311/448/252 309/450/155 439/449/154
f 307/451/161 308/453/161 449/452/161
f 307/454/253 451/409/146 439/449/154
f 440/455/231 445/457/231 446/456/167
f 441/458/254 430/460/164 448/459/164
f 443/461/232 449/463/232 450/462/172
f 444/464/255 432/466/169 452/465/169
f 433/467/256 429/468/167 446/456/167
f 434/469/233 454/470/233 448/459/164
f 436/471/257 431/472/172 450/462/172
f 437/473/234 456/474/234 452/465/169
f 437/475/179 436/477/258 455/476/258
f 434/478/180 433/480/180 453/479/180
f 441/481/181 447/483/259 445/482/181
f 444/484/182 451/486/182 449/485/260
f 429/487/261 433/489/229 327/488/262
f 429/487/261 325/491/115 323/490/263
f 432/492/120 444/494/264 295/493/121
f 432/492/120 293/496/265 291/495/266
f 491/497/193 508/499/193 518/498/194
f 494/500/195 492/501/194 518/498/194
f 493/502/196 494/500/195 520/503/195
f 498/504/197 493/502/196 519/505/196
f 495/506/198 498/504/197 514/507/197
f 497/508/199 495/506/198 517/509/198
f 496/510/200 497/508/199 515/511/199
f 490/512/201 463/513/201 496/510/200
f 463/513/201 490/512/201 488/514/202
f 465/515/203 464/516/202 488/514/202
f 487/517/204 461/518/204 465/515/203
f 489/519/205 462/520/205 461/518/204
f 462/520/205 489/519/205 484/521/206
f 460/522/206 484/521/206 485/523/207
f 459/524/207 485/523/207 483/525/208
f 457/526/208 483/525/208 477/527/209
f 458/528/209 477/527/209 476/529/210
f 470/530/210 476/529/210 474/531/211
f 471/532/211 474/531/211 475/533/212
f 469/534/212 475/533/212 480/535/213
f 480/535/213 481/537/214 467/536/214
f 467/536/214 481/537/214 482/538/215
f 468/539/215 482/538/215 479/540/216
f 473/541/217 466/542/216 479/540/216
f 473/541/217 478/544/217 506/543/218
f 499/545/218 506/543/218 509/546/219
f 502/547/220 501/548/219 509/546/219
f 500/549/221 502/547/220 510/550/220
f 503/551/222 500/549/221 511/552/221
f 504/553/223 503/551/222 513/554/222
f 505/555/224 504/553/223 512/556/223
f 505/555/224 507/558/224 508/557/193
f 507/559/147 435/164/237 508/560/147
f 454/327/149 509/562/147 448/561/228
f 448/561/228 506/564/147 478/563/227
f 448/561/228 509/562/147 506/564/147
f 507/559/147 512/565/147 435/164/237
f 435/164/237 512/565/147 454/327/149
f 454/327/149 510/566/147 509/562/147
f 513/437/147 454/327/149 512/565/147
f 454/327/149 511/436/147 510/566/147
f 516/567/147 450/569/228 490/568/227
f 455/438/249 520/570/147 435/164/237
f 435/164/237 518/571/267 508/560/147
f 435/164/237 520/570/147 518/571/267
f 516/567/147 515/572/147 450/569/228
f 450/569/228 515/572/147 455/438/249
f 455/438/249 519/573/147 520/570/147
f 517/440/147 455/438/249 515/572/147
f 455/438/249 514/439/147 519/573/147
f 478/563/227 479/574/138 448/561/228
f 448/561/228 482/575/138 447/419/141
f 479/574/138 482/575/138 448/561/228
f 447/419/141 474/576/138 442/442/159
f 442/442/159 476/578/268 477/577/138
f 442/442/159 474/576/138 476/578/268
f 447/419/141 475/579/138 474/576/138
f 481/421/138 447/419/141 482/575/138
f 447/419/141 480/420/138 475/579/138
f 483/580/268 442/442/159 477/577/138
f 449/422/137 486/581/138 450/569/228
f 450/569/228 488/582/138 490/568/227
f 450/569/228 486/581/138 488/582/138
f 483/580/268 485/583/138 442/442/159
f 442/442/159 485/583/138 449/422/137
f 449/422/137 487/584/138 486/581/138
f 484/424/138 449/422/137 485/583/138
f 449/422/137 489/423/138 487/584/138
f 473/585/226 499/587/151 446/586/225
f 446/586/225 501/588/151 453/430/248
f 499/587/151 501/588/151 446/586/225
f 453/430/248 504/589/151 438/363/242
f 438/363/242 505/591/151 491/590/151
f 438/363/242 504/589/151 505/591/151
f 453/430/248 503/592/151 504/589/151
f 502/432/151 453/430/248 501/588/151
f 453/430/248 500/431/151 503/592/151
f 492/593/151 438/363/242 491/590/151
f 456/408/244 497/595/151 452/594/225
f 452/594/225 496/597/151 463/596/226
f 452/594/225 497/595/151 496/597/151
f 492/593/151 494/598/151 438/363/242
f 438/363/242 494/598/151 456/408/244
f 456/408/244 495/599/151 497/595/151
f 493/426/151 456/408/244 494/598/151
f 456/408/244 498/425/151 495/599/151
f 464/600/145 452/594/225 463/596/226
f 451/409/146 459/601/145 439/449/154
f 439/449/154 457/603/145 458/602/145
f 439/449/154 459/601/145 457/603/145
f 464/600/145 465/604/145 452/594/225
f 452/594/225 465/604/145 451/409/146
f 451/409/146 460/605/145 459/601/145
f 461/411/145 451/409/146 465/604/145
f 451/409/146 462/410/145 460/605/145
f 458/602/145 470/606/269 439/449/154
f 439/449/154 471/607/145 445/414/144
f 470/606/269 471/607/145 439/449/154
f 445/414/144 468/608/145 446/586/225
f 446/586/225 466/609/145 473/585/226
f 446/586/225 468/608/145 466/609/145
f 445/414/144 467/610/145 468/608/145
f 469/416/145 445/414/144 471/607/145
f 445/414/144 472/415/145 467/610/145
f 344/97/13 342/98/14 343/100/14
f 343/100/14 345/101/15 346/102/15
f 346/102/15 347/103/16 348/104/16
f 348/104/16 349/105/17 350/106/17
f 350/106/17 351/107/18 352/108/18
f 352/108/18 353/109/19 354/110/19
f 354/110/19 355/111/20 356/112/20
f 356/112/20 357/113/21 358/114/21
f 358/114/21 359/115/22 360/116/22
f 360/116/22 361/117/23 362/118/23
f 362/118/23 363/119/24 364/120/24
f 364/120/24 365/121/25 366/122/25
f 366/122/25 367/123/26 368/124/26
f 368/124/26 369/125/27 370/126/27
f 370/126/27 371/127/28 372/128/28
f 372/128/28 373/129/29 374/611/29
f 374/130/29 375/131/30 376/133/30
f 376/133/30 377/134/31 378/135/31
f 378/135/31 379/136/32 380/137/32
f 380/137/32 381/138/33 382/139/33
f 382/139/33 383/140/34 384/141/34
f 384/141/34 385/142/35 386/143/35
f 386/143/35 387/144/36 388/612/36
f 387/144/36 390/145/37 388/612/36
f 389/146/37 392/147/38 390/145/37
f 392/147/38 393/149/39 394/150/39
f 394/150/39 395/151/40 396/152/40
f 396/152/40 397/153/41 398/154/41
f 398/154/41 399/155/42 400/156/42
f 400/156/42 401/157/43 402/161/43
f 338/158/27 427/159/28 337/298/27
f 402/161/43 403/162/44 404/163/44
f 404/163/44 341/99/13 344/97/13
f 435/164/237 280/165/238 455/438/249
f 405/167/51 342/168/50 341/295/51
f 407/170/49 344/171/48 343/176/49
f 406/169/50 345/173/53 342/168/50
f 282/175/52 343/176/49 346/180/52
f 281/174/53 347/177/55 345/173/53
f 282/175/52 348/179/54 284/184/54
f 283/178/55 349/181/57 347/177/55
f 286/183/56 348/179/54 350/188/56
f 287/185/59 349/181/57 285/182/57
f 288/187/58 350/188/56 352/192/58
f 287/185/59 353/189/61 351/186/59
f 290/191/60 352/192/58 354/196/60
f 289/190/61 355/193/63 353/189/61
f 290/191/60 356/195/62 412/199/62
f 409/194/63 357/197/65 355/193/63
f 412/199/62 358/200/64 411/203/64
f 410/198/65 359/201/67 357/197/65
f 411/203/64 360/204/66 414/208/66
f 413/202/67 361/205/69 359/201/67
f 298/207/68 360/204/66 362/212/68
f 299/209/71 361/205/69 297/206/69
f 300/211/70 362/212/68 364/216/70
f 299/209/71 365/213/73 363/210/71
f 300/211/70 366/215/72 302/220/72
f 301/214/73 367/217/75 365/213/73
f 304/219/74 366/215/72 368/224/74
f 305/221/77 367/217/75 303/218/75
f 306/223/76 368/224/74 370/228/76
f 305/221/77 371/225/79 369/222/77
f 418/227/78 370/228/76 372/232/78
f 415/226/79 373/229/81 371/225/79
f 418/227/78 374/231/80 417/613/80
f 419/233/83 373/234/81 416/614/81
f 420/236/82 374/237/80 376/242/82
f 313/239/85 375/235/83 419/233/83
f 314/241/84 376/242/82 378/246/84
f 313/239/85 379/243/87 377/240/85
f 314/241/84 380/245/86 316/250/86
f 317/247/89 379/243/87 315/244/87
f 318/249/88 380/245/86 382/254/88
f 319/251/91 381/248/89 317/247/89
f 320/253/90 382/254/88 384/258/90
f 319/251/91 385/255/93 383/252/91
f 322/257/92 384/258/90 386/262/92
f 321/256/93 387/259/95 385/255/93
f 424/261/94 386/262/92 388/266/94
f 422/263/97 387/259/95 421/260/95
f 423/265/96 388/266/94 390/270/96
f 422/263/97 391/267/99 389/264/97
f 426/269/98 390/270/96 392/274/98
f 425/268/99 393/271/101 391/267/99
f 330/273/100 392/274/98 394/278/100
f 331/275/103 393/271/101 329/272/101
f 330/273/100 396/277/102 332/282/102
f 333/279/105 395/276/103 331/275/103
f 334/281/104 396/277/102 398/286/104
f 335/283/107 397/280/105 333/279/105
f 334/281/104 400/285/106 336/290/106
f 337/287/109 399/284/107 335/283/107
f 338/289/108 400/285/106 402/294/108
f 337/287/109 403/291/111 401/288/109
f 428/293/110 402/294/108 404/296/110
f 427/292/111 341/295/51 403/291/111
f 428/293/110 344/171/48 408/172/48
f 336/297/26 337/298/27 335/300/26
f 334/299/25 335/300/26 333/302/25
f 332/301/24 333/302/25 331/304/24
f 330/303/23 331/304/24 329/306/23
f 426/305/22 329/306/23 425/397/22
f 433/307/112 328/308/112 327/615/112
f 430/310/239 328/311/184 434/616/185
f 322/313/19 421/314/20 321/317/19
f 320/316/18 321/317/19 319/319/18
f 318/318/17 319/319/18 317/321/17
f 316/320/16 317/321/17 315/323/16
f 314/322/15 315/323/16 313/325/15
f 420/324/14 313/325/15 419/387/14
f 435/164/237 340/326/240 278/166/125
f 454/328/118 339/329/118 340/617/118
f 306/331/43 415/332/44 305/335/43
f 304/334/42 305/335/43 303/337/42
f 302/336/41 303/337/42 301/339/41
f 300/338/40 301/339/41 299/341/40
f 298/340/39 299/341/40 297/343/39
f 298/340/39 413/342/38 414/403/38
f 444/344/119 296/345/119 295/618/119
f 431/347/188 296/348/189 443/619/270
f 412/350/36 289/351/35 290/354/35
f 288/353/34 289/351/35 287/356/34
f 286/355/33 287/356/34 285/358/33
f 286/355/33 283/357/32 284/360/32
f 282/359/31 283/357/32 281/362/31
f 407/361/30 281/362/31 406/368/30
f 438/363/242 339/364/243 453/430/248
f 279/366/126 405/367/29 277/401/29
f 280/369/126 408/370/29 407/361/30
f 291/372/127 410/373/37 409/352/36
f 292/375/127 411/376/37 294/379/37
f 295/377/128 410/373/37 293/374/37
f 296/378/128 411/376/37 414/403/38
f 307/380/129 416/381/13 415/332/44
f 308/383/129 417/384/13 310/620/13
f 311/385/130 416/386/13 309/621/13
f 312/388/130 417/389/13 420/324/14
f 323/391/131 422/392/21 421/314/20
f 324/394/131 423/395/21 326/399/21
f 327/396/132 422/392/21 325/393/21
f 328/398/132 423/395/21 426/305/22
f 339/400/133 405/367/29 427/159/28
f 340/402/133 408/370/29 278/371/29
f 340/402/133 427/159/28 428/160/28
f 327/396/132 426/305/22 425/397/22
f 324/394/131 421/314/20 424/315/20
f 311/385/130 420/324/14 419/387/14
f 308/383/129 415/332/44 418/333/44
f 295/377/128 414/403/38 413/342/38
f 292/375/127 409/352/36 412/350/36
f 279/366/126 407/361/30 406/368/30
f 456/404/134 280/405/134 279/622/134
f 438/363/242 279/407/245 277/365/47
f 431/347/188 292/412/191 294/349/241
f 430/310/239 324/417/247 326/312/187
f 436/427/148 291/428/148 292/623/148
f 441/433/150 323/434/150 324/624/150
f 308/441/250 442/442/159 449/422/137
f 312/444/251 442/442/159 310/443/160
f 312/445/157 445/446/157 447/625/157
f 311/448/252 439/449/154 445/414/144
f 307/451/161 449/452/161 451/626/161
f 307/454/253 439/449/154 309/450/155
f 440/455/231 446/456/167 429/468/167
f 441/458/254 448/459/164 447/627/254
f 443/461/232 450/462/172 431/472/172
f 444/464/255 452/465/169 451/628/255
f 433/467/256 446/456/167 453/629/256
f 434/469/233 448/459/164 430/460/164
f 436/471/257 450/462/172 455/630/257
f 437/473/234 452/465/169 432/466/169
f 437/475/179 455/476/258 456/631/179
f 434/478/180 453/479/180 454/632/271
f 441/481/181 445/482/181 440/633/181
f 444/484/182 449/485/260 443/634/260
f 429/487/261 327/488/262 325/491/115
f 429/487/261 323/490/263 440/635/143
f 432/492/120 295/493/121 293/496/265
f 432/492/120 291/495/266 437/636/140
f 491/497/193 518/498/194 492/501/194
f 494/500/195 518/498/194 520/503/195
f 493/502/196 520/503/195 519/505/196
f 498/504/197 519/505/196 514/507/197
f 495/506/198 514/507/197 517/509/198
f 497/508/199 517/509/198 515/511/199
f 496/510/200 515/511/199 516/637/200
f 490/512/201 496/510/200 516/637/200
f 463/513/201 488/514/202 464/516/202
f 465/515/203 488/514/202 486/638/203
f 487/517/204 465/515/203 486/638/203
f 489/519/205 461/518/204 487/517/204
f 462/520/205 484/521/206 460/522/206
f 460/522/206 485/523/207 459/524/207
f 459/524/207 483/525/208 457/526/208
f 457/526/208 477/527/209 458/528/209
f 458/528/209 476/529/210 470/530/210
f 470/530/210 474/531/211 471/532/211
f 471/532/211 475/533/212 469/534/212
f 469/534/212 480/535/213 472/639/213
f 480/535/213 467/536/214 472/639/213
f 467/536/214 482/538/215 468/539/215
f 468/539/215 479/540/216 466/542/216
f 473/541/217 479/540/216 478/544/217
f 473/541/217 506/543/218 499/545/218
f 499/545/218 509/546/219 501/548/219
f 502/547/220 509/546/219 510/550/220
f 500/549/221 510/550/220 511/552/221
f 503/551/222 511/552/221 513/554/222
f 504/553/223 513/554/222 512/556/223
f 505/555/224 512/556/223 507/558/224
f 505/555/224 508/557/193 491/640/193
o main_wood_low
v -0.678313 0.563618 0.657500
v -0.678313 0.697436 0.657500
v -0.678313 0.563618 -0.657500
v -0.678313 0.697436 -0.657500
v 1.578830 0.563618 0.657500
v 1.578830 0.697436 0.657500
v 1.578830 0.563618 -0.657500
v 1.578830 0.697436 -0.657500
vn -1.0000 -0.0000 -0.0000
vn -0.0000 -0.0000 -1.0000
vn 1.0000 -0.0000 -0.0000
vn -0.0000 -0.0000 1.0000
vn -0.0000 -1.0000 -0.0000
vn -0.0000 1.0000 -0.0000
vt 0.908004 0.600753
vt 0.880972 0.866396
vt 0.880972 0.600753
vt 0.043675 0.567278
vt 0.499639 0.594310
vt 0.043675 0.594310
vt 0.001953 0.894779
vt 0.267595 0.921812
vt 0.001953 0.921812
vt 0.816715 0.457914
vt 0.843747 0.001953
vt 0.843747 0.457914
vt 0.001953 0.866757
vt 0.457916 0.601115
vt 0.457916 0.866757
vt 0.544268 0.001953
vt 0.809909 0.457916
vt 0.544268 0.457916
vt 0.908004 0.866395
vt 0.499638 0.567278
vt 0.267595 0.894779
vt 0.816715 0.001953
vt 0.001953 0.601115
vt 0.809909 0.001953
s 1
usemtl cart
f 522/641/272 523/642/272 521/643/272
f 524/644/273 527/645/273 523/646/273
f 528/647/274 525/648/274 527/649/274
f 526/650/275 521/651/275 525/652/275
f 527/653/276 521/654/276 523/655/276
f 524/656/277 526/657/277 528/658/277
f 522/641/272 524/659/272 523/642/272
f 524/644/273 528/660/273 527/645/273
f 528/647/274 526/661/274 525/648/274
f 526/650/275 522/662/275 521/651/275
f 527/653/276 525/663/276 521/654/276
f 524/656/277 522/664/277 526/657/277
o supp_wood_low
v -0.590052 0.664751 0.595396
v -0.590052 1.317763 0.595396
v -0.590052 0.664751 0.471730
v -0.590052 1.317763 0.471730
v -0.482795 0.664751 0.595396
v -0.482795 1.317763 0.595396
v -0.482795 0.664751 0.471730
v -0.482795 1.317763 0.471730
v 1.490568 0.664751 0.595396
v 1.490568 1.317763 0.595396
v 1.490568 0.664751 0.471730
v 1.490568 1.317763 0.471730
v 1.383311 0.664751 0.595396
v 1.383311 1.317763 0.595396
v 1.383311 0.664751 0.471730
v 1.383311 1.317763 0.471730
v -0.590052 0.664751 -0.595396
v -0.590052 1.317763 -0.595396
v -0.590052 0.664751 -0.471730
v -0.590052 1.317763 -0.471730
v -0.482795 0.664751 -0.595396
v -0.482795 1.317763 -0.595396
v -0.482795 0.664751 -0.471730
v -0.482795 1.317763 -0.471730
v 1.490568 0.664751 -0.595396
v 1.490568 1.317763 -0.595396
v 1.490568 0.664751 -0.471730
v 1.490568 1.317763 -0.471730
v 1.383311 0.664751 -0.595396
v 1.383311 1.317763 -0.595396
v 1.383311 0.664751 -0.471730
v 1.383311 1.317763 -0.471730
vn -1.0000 -0.0000 -0.0000
vn -0.0000 -0.0000 -1.0000
vn 1.0000 -0.0000 -0.0000
vn -0.0000 -0.0000 1.0000
vn -0.0000 1.0000 -0.0000
vt 0.946597 0.556832
vt 0.971579 0.688746
vt 0.946597 0.688746
vt 0.936476 0.878175
vt 0.914809 0.746260
vt 0.936476 0.746260
vt 0.954132 0.411307
vt 0.929151 0.279393
vt 0.954132 0.279393
vt 0.968264 0.550027
vt 0.946597 0.418112
vt 0.968264 0.418112
vt 0.622573 0.996609
vt 0.597592 0.974942
vt 0.622573 0.974942
vt 0.929151 0.272588
vt 0.954132 0.140673
vt 0.954132 0.272588
vt 0.381969 0.951183
vt 0.250054 0.929516
vt 0.381969 0.929516
vt 0.520688 0.968137
vt 0.388774 0.943156
vt 0.520688 0.943156
vt 0.968264 0.695551
vt 0.946597 0.827465
vt 0.946597 0.695551
vt 0.565805 0.996609
vt 0.590786 0.974942
vt 0.590786 0.996609
vt 0.527494 0.943156
vt 0.659408 0.968137
vt 0.527494 0.968137
vt 0.133867 0.979284
vt 0.001953 0.957617
vt 0.133867 0.957617
vt 0.904519 0.967516
vt 0.772604 0.942535
vt 0.904519 0.942535
vt 0.943281 0.966183
vt 0.964948 0.834270
vt 0.964948 0.966183
vt 0.654360 0.974942
vt 0.629378 0.996609
vt 0.629378 0.974942
vt 0.140672 0.982970
vt 0.272585 0.957988
vt 0.272585 0.982970
vt 0.950818 0.133868
vt 0.929151 0.001953
vt 0.950818 0.001953
vt 0.960937 0.140672
vt 0.985919 0.272585
vt 0.960937 0.272585
vt 0.957623 0.001953
vt 0.979290 0.133866
vt 0.957623 0.133866
vt 0.559000 0.996609
vt 0.534018 0.974942
vt 0.559000 0.974942
vt 0.971579 0.556832
vt 0.914809 0.878175
vt 0.929151 0.411307
vt 0.946597 0.550027
vt 0.597592 0.996609
vt 0.929151 0.140673
vt 0.250054 0.951183
vt 0.388774 0.968137
vt 0.968264 0.827465
vt 0.565805 0.974942
vt 0.659408 0.943156
vt 0.001953 0.979284
vt 0.772604 0.967516
vt 0.943281 0.834270
vt 0.654360 0.996609
vt 0.140672 0.957988
vt 0.929151 0.133868
vt 0.985919 0.140672
vt 0.979290 0.001953
vt 0.534018 0.996609
s 1
usemtl cart
f 530/665/278 531/666/278 529/667/278
f 532/668/279 535/669/279 531/670/279
f 536/671/280 533/672/280 535/673/280
f 534/674/281 529/675/281 533/676/281
f 532/677/282 534/678/282 536/679/282
f 539/680/280 538/681/280 537/682/280
f 543/683/279 540/684/279 539/685/279
f 541/686/278 544/687/278 543/688/278
f 537/689/281 542/690/281 541/691/281
f 542/692/282 540/693/282 544/694/282
f 547/695/278 546/696/278 545/697/278
f 551/698/281 548/699/281 547/700/281
f 549/701/280 552/702/280 551/703/280
f 545/704/279 550/705/279 549/706/279
f 550/707/282 548/708/282 552/709/282
f 554/710/280 555/711/280 553/712/280
f 556/713/281 559/714/281 555/715/281
f 560/716/278 557/717/278 559/718/278
f 558/719/279 553/720/279 557/721/279
f 556/722/282 558/723/282 560/724/282
f 530/665/278 532/725/278 531/666/278
f 532/668/279 536/726/279 535/669/279
f 536/671/280 534/727/280 533/672/280
f 534/674/281 530/728/281 529/675/281
f 532/677/282 530/729/282 534/678/282
f 539/680/280 540/730/280 538/681/280
f 543/683/279 544/731/279 540/684/279
f 541/686/278 542/732/278 544/687/278
f 537/689/281 538/733/281 542/690/281
f 542/692/282 538/734/282 540/693/282
f 547/695/278 548/735/278 546/696/278
f 551/698/281 552/736/281 548/699/281
f 549/701/280 550/737/280 552/702/280
f 545/704/279 546/738/279 550/705/279
f 550/707/282 546/739/282 548/708/282
f 554/710/280 556/740/280 555/711/280
f 556/713/281 560/741/281 559/714/281
f 560/716/278 558/742/278 557/717/278
f 558/719/279 554/743/279 553/720/279
f 556/722/282 554/744/282 558/723/282
o side_wood2_low
v -0.726884 0.773900 0.651939
v -0.726884 0.931665 0.651939
v -0.726884 0.773900 0.562864
v -0.726884 0.931665 0.562864
v 1.578838 0.773900 0.651939
v 1.578838 0.931665 0.651939
v 1.578838 0.773900 0.562864
v 1.578838 0.931665 0.562864
v -0.726884 0.773900 -0.651939
v -0.726884 0.931665 -0.651939
v -0.726884 0.773900 -0.562864
v -0.726884 0.931665 -0.562864
v 1.578838 0.773900 -0.651939
v 1.578838 0.931665 -0.651939
v 1.578838 0.773900 -0.562864
v 1.578838 0.931665 -0.562864
vn -1.0000 -0.0000 -0.0000
vn -0.0000 -0.0000 -1.0000
vn 1.0000 -0.0000 -0.0000
vn -0.0000 -0.0000 1.0000
vn -0.0000 -1.0000 -0.0000
vn -0.0000 1.0000 -0.0000
vt 0.033823 0.571692
vt 0.001953 0.589686
vt 0.001953 0.571692
vt 0.473988 0.001953
vt 0.442118 0.467729
vt 0.442118 0.001953
vt 0.473988 0.474534
vt 0.442118 0.492528
vt 0.442118 0.474534
vt 0.357963 0.001953
vt 0.326093 0.467729
vt 0.326093 0.001953
vt 0.509449 0.542478
vt 0.043675 0.560472
vt 0.043675 0.542478
vt 0.124747 0.001953
vt 0.142741 0.467731
vt 0.124747 0.467731
vt 0.512663 0.492528
vt 0.480793 0.474534
vt 0.512663 0.474534
vt 0.396638 0.467729
vt 0.364768 0.001953
vt 0.396638 0.001953
vt 0.442133 0.891556
vt 0.410263 0.873562
vt 0.442133 0.873562
vt 0.509451 0.503803
vt 0.043675 0.535673
vt 0.043675 0.503803
vt 0.498787 0.001953
vt 0.480793 0.467728
vt 0.480793 0.001953
vt 0.301294 0.467730
vt 0.319288 0.001953
vt 0.319288 0.467730
vt 0.033823 0.589686
vt 0.473988 0.467729
vt 0.473988 0.492528
vt 0.357963 0.467730
vt 0.509450 0.560472
vt 0.142741 0.001953
vt 0.480793 0.492528
vt 0.364768 0.467729
vt 0.410263 0.891556
vt 0.509451 0.535673
vt 0.498787 0.467728
vt 0.301294 0.001953
s 1
usemtl cart
f 562/745/283 563/746/283 561/747/283
f 564/748/284 567/749/284 563/750/284
f 568/751/285 565/752/285 567/753/285
f 566/754/286 561/755/286 565/756/286
f 567/757/287 561/758/287 563/759/287
f 564/760/288 566/761/288 568/762/288
f 571/763/283 570/764/283 569/765/283
f 575/766/286 572/767/286 571/768/286
f 573/769/285 576/770/285 575/771/285
f 569/772/284 574/773/284 573/774/284
f 569/775/287 575/776/287 571/777/287
f 574/778/288 572/779/288 576/780/288
f 562/745/283 564/781/283 563/746/283
f 564/748/284 568/782/284 567/749/284
f 568/751/285 566/783/285 565/752/285
f 566/754/286 562/784/286 561/755/286
f 567/757/287 565/785/287 561/758/287
f 564/760/288 562/786/288 566/761/288
f 571/763/283 572/787/283 570/764/283
f 575/766/286 576/788/286 572/767/286
f 573/769/285 574/789/285 576/770/285
f 569/772/284 570/790/284 574/773/284
f 569/775/287 573/791/287 575/776/287
f 574/778/288 570/792/288 572/779/288
o handle_wood_low
v 1.235251 0.922286 0.508508
v 1.235251 0.993627 0.508508
v 1.235251 0.922286 0.424966
v 1.235251 0.993627 0.424966
v 2.714811 0.922286 0.508508
v 2.714811 0.993627 0.508508
v 2.714811 0.922286 0.424966
v 2.714811 0.993627 0.424966
v 1.235251 0.922286 -0.508508
v 1.235251 0.993627 -0.508508
v 1.235251 0.922286 -0.424966
v 1.235251 0.993627 -0.424966
v 2.714811 0.922286 -0.508508
v 2.714811 0.993627 -0.508508
v 2.714811 0.922286 -0.424966
v 2.714811 0.993627 -0.424966
vn -1.0000 -0.0000 -0.0000
vn -0.0000 -0.0000 -1.0000
vn 1.0000 -0.0000 -0.0000
vn -0.0000 -0.0000 1.0000
vn -0.0000 -1.0000 -0.0000
vn -0.0000 1.0000 -0.0000
vt 0.519468 0.491409
vt 0.533880 0.474533
vt 0.533880 0.491409
vt 0.506444 0.866165
vt 0.520855 0.567278
vt 0.520855 0.866165
vt 0.530667 0.521896
vt 0.516256 0.538772
vt 0.516256 0.521896
vt 0.001953 0.873562
vt 0.300837 0.887974
vt 0.001953 0.887974
vt 0.764294 0.763605
vt 0.747418 0.464721
vt 0.764294 0.464721
vt 0.423627 0.474536
vt 0.124747 0.491413
vt 0.124747 0.474536
vt 0.815619 0.815400
vt 0.801207 0.798524
vt 0.815619 0.798524
vt 0.719396 0.763608
vt 0.704985 0.464721
vt 0.719396 0.464721
vt 0.519468 0.498214
vt 0.533880 0.515090
vt 0.519468 0.515090
vt 0.726201 0.464721
vt 0.740613 0.763606
vt 0.726201 0.763606
vt 0.836597 0.464719
vt 0.819721 0.763603
vt 0.819721 0.464719
vt 0.771099 0.763604
vt 0.787976 0.464721
vt 0.787976 0.763604
vt 0.519468 0.474533
vt 0.506444 0.567278
vt 0.530667 0.538772
vt 0.300837 0.873562
vt 0.747418 0.763605
vt 0.423627 0.491413
vt 0.801207 0.815400
vt 0.704985 0.763608
vt 0.533880 0.498214
vt 0.740613 0.464721
vt 0.836597 0.763603
vt 0.771099 0.464721
s 1
usemtl cart
f 578/793/289 579/794/289 577/795/289
f 580/796/290 583/797/290 579/798/290
f 584/799/291 581/800/291 583/801/291
f 582/802/292 577/803/292 581/804/292
f 583/805/293 577/806/293 579/807/293
f 580/808/294 582/809/294 584/810/294
f 587/811/289 586/812/289 585/813/289
f 591/814/292 588/815/292 587/816/292
f 589/817/291 592/818/291 591/819/291
f 585/820/290 590/821/290 589/822/290
f 585/823/293 591/824/293 587/825/293
f 590/826/294 588/827/294 592/828/294
f 578/793/289 580/829/289 579/794/289
f 580/796/290 584/830/290 583/797/290
f 584/799/291 582/831/291 581/800/291
f 582/802/292 578/832/292 577/803/292
f 583/805/293 581/833/293 577/806/293
f 580/808/294 578/834/294 582/809/294
f 587/811/289 588/835/289 586/812/289
f 591/814/292 592/836/292 588/815/292
f 589/817/291 590/837/291 592/818/291
f 585/820/290 586/838/290 590/821/290
f 585/823/293 589/839/293 591/824/293
f 590/826/294 586/840/294 588/827/294
o supp_tire_low
v -0.219961 0.452705 -0.869138
v -0.219961 0.452705 0.869138
v -0.203301 0.492925 0.869138
v -0.219961 0.496239 0.869138
v -0.189177 0.483488 0.869138
v -0.179740 0.469364 0.869138
v -0.176427 0.452705 0.869138
v -0.179740 0.436045 0.869138
v -0.189177 0.421921 0.869138
v -0.203301 0.412484 0.869138
v -0.219961 0.409171 0.869138
v -0.236620 0.412484 0.869138
v -0.250744 0.421921 0.869138
v -0.260181 0.436045 0.869138
v -0.263495 0.452705 0.869138
v -0.260181 0.469364 0.869138
v -0.250744 0.483488 0.869138
v -0.236620 0.492925 0.869138
v -0.219961 0.496239 -0.869138
v -0.203301 0.492925 -0.869138
v -0.189177 0.483488 -0.869138
v -0.179740 0.469364 -0.869138
v -0.176427 0.452705 -0.869138
v -0.179740 0.436045 -0.869138
v -0.189177 0.421921 -0.869138
v -0.203301 0.412484 -0.869138
v -0.219961 0.409171 -0.869138
v -0.236620 0.412484 -0.869138
v -0.250744 0.421921 -0.869138
v -0.260181 0.436045 -0.869138
v -0.263495 0.452705 -0.869138
v -0.260181 0.469364 -0.869138
v -0.250744 0.483488 -0.869138
v -0.236620 0.492925 -0.869138
v 1.120477 0.452705 -0.869138
v 1.120477 0.452705 0.869138
v 1.103818 0.492925 0.869138
v 1.120477 0.496239 0.869138
v 1.089694 0.483488 0.869138
v 1.080257 0.469364 0.869138
v 1.076943 0.452705 0.869138
v 1.080257 0.436045 0.869138
v 1.089694 0.421921 0.869138
v 1.103818 0.412484 0.869138
v 1.120477 0.409171 0.869138
v 1.137137 0.412484 0.869138
v 1.151260 0.421921 0.869138
v 1.160697 0.436045 0.869138
v 1.164011 0.452705 0.869138
v 1.160697 0.469364 0.869138
v 1.151260 0.483488 0.869138
v 1.137137 0.492925 0.869138
v 1.120477 0.496239 -0.869138
v 1.103818 0.492925 -0.869138
v 1.089694 0.483488 -0.869138
v 1.080257 0.469364 -0.869138
v 1.076943 0.452705 -0.869138
v 1.080257 0.436045 -0.869138
v 1.089694 0.421921 -0.869138
v 1.103818 0.412484 -0.869138
v 1.120477 0.409171 -0.869138
v 1.137137 0.412484 -0.869138
v 1.151260 0.421921 -0.869138
v 1.160697 0.436045 -0.869138
v 1.164011 0.452705 -0.869138
v 1.160697 0.469364 -0.869138
v 1.151260 0.483488 -0.869138
v 1.137137 0.492925 -0.869138
vn 0.7071 0.7071 -0.0000
vn 0.3827 0.9239 -0.0000
vn 0.9239 0.3827 -0.0000
vn 1.0000 -0.0000 -0.0000
vn 0.9239 -0.3827 -0.0000
vn 0.7071 -0.7071 -0.0000
vn 0.3827 -0.9239 -0.0000
vn -0.0000 -1.0000 -0.0000
vn -0.3827 -0.9239 -0.0000
vn -0.7071 -0.7071 -0.0000
vn -0.9239 -0.3827 -0.0000
vn -1.0000 -0.0000 -0.0000
vn -0.9239 0.3827 -0.0000
vn -0.7071 0.7071 -0.0000
vn -0.3827 0.9239 -0.0000
vn -0.0000 1.0000 -0.0000
vn -0.0000 -0.0000 1.0000
vn -0.0000 -0.0000 -1.0000
vt 0.691317 0.815868
vt 0.694748 0.464721
vt 0.694748 0.815868
vt 0.687885 0.815868
vt 0.691317 0.464721
vt 0.684454 0.815868
vt 0.687885 0.464721
vt 0.681023 0.815868
vt 0.684454 0.464721
vt 0.677592 0.815868
vt 0.681023 0.464721
vt 0.674160 0.815868
vt 0.677592 0.464721
vt 0.670729 0.815868
vt 0.674160 0.464721
vt 0.667297 0.815868
vt 0.670729 0.464721
vt 0.663866 0.815868
vt 0.667297 0.464721
vt 0.660435 0.815868
vt 0.663866 0.464721
vt 0.657004 0.815868
vt 0.660435 0.464721
vt 0.653572 0.815868
vt 0.657004 0.464721
vt 0.650141 0.815868
vt 0.653572 0.464721
vt 0.646709 0.815868
vt 0.650141 0.464721
vt 0.643278 0.815868
vt 0.646709 0.464721
vt 0.698180 0.464721
vt 0.698180 0.815868
vt 0.737666 0.806792
vt 0.730353 0.811678
vt 0.729040 0.808508
vt 0.732780 0.814104
vt 0.735950 0.815417
vt 0.739381 0.815417
vt 0.742551 0.814104
vt 0.744978 0.811678
vt 0.746291 0.808508
vt 0.746291 0.805076
vt 0.744978 0.801906
vt 0.742551 0.799480
vt 0.739381 0.798167
vt 0.735950 0.798167
vt 0.732780 0.799480
vt 0.730353 0.801906
vt 0.729040 0.805076
vt 0.785776 0.806564
vt 0.778465 0.811450
vt 0.777151 0.808280
vt 0.777151 0.804849
vt 0.778464 0.801678
vt 0.780891 0.799252
vt 0.784061 0.797939
vt 0.787492 0.797939
vt 0.790662 0.799252
vt 0.793089 0.801678
vt 0.794402 0.804848
vt 0.794402 0.808280
vt 0.793089 0.811450
vt 0.790663 0.813877
vt 0.787493 0.815189
vt 0.784061 0.815189
vt 0.780891 0.813877
vt 0.633041 0.815868
vt 0.629610 0.464721
vt 0.633041 0.464721
vt 0.629610 0.815868
vt 0.626179 0.464721
vt 0.626179 0.815868
vt 0.622747 0.464721
vt 0.622747 0.815868
vt 0.619316 0.464721
vt 0.619316 0.815868
vt 0.615885 0.464721
vt 0.615885 0.815868
vt 0.612453 0.464721
vt 0.612453 0.815868
vt 0.609022 0.464721
vt 0.609022 0.815868
vt 0.605591 0.464721
vt 0.605591 0.815868
vt 0.602159 0.464721
vt 0.602159 0.815868
vt 0.598728 0.464721
vt 0.598728 0.815868
vt 0.595297 0.464721
vt 0.595297 0.815868
vt 0.591865 0.464721
vt 0.591865 0.815868
vt 0.588434 0.464721
vt 0.588434 0.815868
vt 0.585002 0.464721
vt 0.585003 0.815868
vt 0.581571 0.464721
vt 0.636473 0.815868
vt 0.636473 0.464721
vt 0.761721 0.807137
vt 0.770346 0.805422
vt 0.770346 0.808853
vt 0.769033 0.812023
vt 0.766607 0.814450
vt 0.763437 0.815763
vt 0.760006 0.815763
vt 0.756835 0.814450
vt 0.754409 0.812024
vt 0.753096 0.808853
vt 0.753096 0.805422
vt 0.754409 0.802252
vt 0.756835 0.799826
vt 0.760005 0.798512
vt 0.763437 0.798512
vt 0.766607 0.799825
vt 0.769033 0.802252
vt 0.713610 0.806792
vt 0.722235 0.805076
vt 0.722235 0.808508
vt 0.720922 0.801906
vt 0.718496 0.799480
vt 0.715325 0.798167
vt 0.711894 0.798167
vt 0.708724 0.799480
vt 0.706298 0.801906
vt 0.704985 0.805076
vt 0.704985 0.808508
vt 0.706298 0.811678
vt 0.708724 0.814104
vt 0.711894 0.815417
vt 0.715326 0.815417
vt 0.718496 0.814104
vt 0.720922 0.811678
vt 0.643278 0.464721
vt 0.581571 0.815868
s 1
usemtl cart
f 597/841/295 612/842/296 595/843/296
f 598/844/297 613/845/295 597/841/295
f 599/846/298 614/847/297 598/844/297
f 600/848/299 615/849/298 599/846/298
f 601/850/300 616/851/299 600/848/299
f 602/852/301 617/853/300 601/850/300
f 603/854/302 618/855/301 602/852/301
f 604/856/303 619/857/302 603/854/302
f 605/858/304 620/859/303 604/856/303
f 606/860/305 621/861/304 605/858/304
f 607/862/306 622/863/305 606/860/305
f 608/864/307 623/865/306 607/862/306
f 609/866/308 624/867/307 608/864/307
f 610/868/309 625/869/308 609/866/308
f 596/870/310 626/871/309 610/868/309
f 595/843/296 611/872/310 596/873/310
f 594/874/311 595/875/311 596/876/311
f 594/874/311 597/877/311 595/875/311
f 594/874/311 598/878/311 597/877/311
f 594/874/311 599/879/311 598/878/311
f 594/874/311 600/880/311 599/879/311
f 594/874/311 601/881/311 600/880/311
f 594/874/311 602/882/311 601/881/311
f 594/874/311 603/883/311 602/882/311
f 594/874/311 604/884/311 603/883/311
f 594/874/311 605/885/311 604/884/311
f 594/874/311 606/886/311 605/885/311
f 594/874/311 607/887/311 606/886/311
f 594/874/311 608/888/311 607/887/311
f 594/874/311 609/889/311 608/888/311
f 594/874/311 610/890/311 609/889/311
f 594/874/311 596/876/311 610/890/311
f 593/891/312 611/892/312 612/893/312
f 593/891/312 612/893/312 613/894/312
f 593/891/312 613/894/312 614/895/312
f 593/891/312 614/895/312 615/896/312
f 593/891/312 615/896/312 616/897/312
f 593/891/312 616/897/312 617/898/312
f 593/891/312 617/898/312 618/899/312
f 593/891/312 618/899/312 619/900/312
f 593/891/312 619/900/312 620/901/312
f 593/891/312 620/901/312 621/902/312
f 593/891/312 621/902/312 622/903/312
f 593/891/312 622/903/312 623/904/312
f 593/891/312 623/904/312 624/905/312
f 593/891/312 624/905/312 625/906/312
f 593/891/312 625/906/312 626/907/312
f 593/891/312 626/907/312 611/892/312
f 646/908/309 631/909/308 629/910/309
f 647/911/308 632/912/307 631/909/308
f 648/913/307 633/914/306 632/912/307
f 649/915/306 634/916/305 633/914/306
f 650/917/305 635/918/304 634/916/305
f 651/919/304 636/920/303 635/918/304
f 652/921/303 637/922/302 636/920/303
f 653/923/302 638/924/301 637/922/302
f 654/925/301 639/926/300 638/924/301
f 655/927/300 640/928/299 639/926/300
f 656/929/299 641/930/298 640/928/299
f 657/931/298 642/932/297 641/930/298
f 658/933/297 643/934/295 642/932/297
f 659/935/295 644/936/296 643/934/295
f 660/937/296 630/938/310 644/936/296
f 645/939/310 629/910/309 630/940/310
f 628/941/311 630/942/311 629/943/311
f 628/941/311 629/943/311 631/944/311
f 628/941/311 631/944/311 632/945/311
f 628/941/311 632/945/311 633/946/311
f 628/941/311 633/946/311 634/947/311
f 628/941/311 634/947/311 635/948/311
f 628/941/311 635/948/311 636/949/311
f 628/941/311 636/949/311 637/950/311
f 628/941/311 637/950/311 638/951/311
f 628/941/311 638/951/311 639/952/311
f 628/941/311 639/952/311 640/953/311
f 628/941/311 640/953/311 641/954/311
f 628/941/311 641/954/311 642/955/311
f 628/941/311 642/955/311 643/956/311
f 628/941/311 643/956/311 644/957/311
f 628/941/311 644/957/311 630/942/311
f 627/958/312 646/959/312 645/960/312
f 627/958/312 647/961/312 646/959/312
f 627/958/312 648/962/312 647/961/312
f 627/958/312 649/963/312 648/962/312
f 627/958/312 650/964/312 649/963/312
f 627/958/312 651/965/312 650/964/312
f 627/958/312 652/966/312 651/965/312
f 627/958/312 653/967/312 652/966/312
f 627/958/312 654/968/312 653/967/312
f 627/958/312 655/969/312 654/968/312
f 627/958/312 656/970/312 655/969/312
f 627/958/312 657/971/312 656/970/312
f 627/958/312 658/972/312 657/971/312
f 627/958/312 659/973/312 658/972/312
f 627/958/312 660/974/312 659/973/312
f 627/958/312 645/960/312 660/974/312
f 597/841/295 613/845/295 612/842/296
f 598/844/297 614/847/297 613/845/295
f 599/846/298 615/849/298 614/847/297
f 600/848/299 616/851/299 615/849/298
f 601/850/300 617/853/300 616/851/299
f 602/852/301 618/855/301 617/853/300
f 603/854/302 619/857/302 618/855/301
f 604/856/303 620/859/303 619/857/302
f 605/858/304 621/861/304 620/859/303
f 606/860/305 622/863/305 621/861/304
f 607/862/306 623/865/306 622/863/305
f 608/864/307 624/867/307 623/865/306
f 609/866/308 625/869/308 624/867/307
f 610/868/309 626/871/309 625/869/308
f 596/870/310 611/975/310 626/871/309
f 595/843/296 612/842/296 611/872/310
f 646/908/309 647/911/308 631/909/308
f 647/911/308 648/913/307 632/912/307
f 648/913/307 649/915/306 633/914/306
f 649/915/306 650/917/305 634/916/305
f 650/917/305 651/919/304 635/918/304
f 651/919/304 652/921/303 636/920/303
f 652/921/303 653/923/302 637/922/302
f 653/923/302 654/925/301 638/924/301
f 654/925/301 655/927/300 639/926/300
f 655/927/300 656/929/299 640/928/299
f 656/929/299 657/931/298 641/930/298
f 657/931/298 658/933/297 642/932/297
f 658/933/297 659/935/295 643/934/295
f 659/935/295 660/937/296 644/936/296
f 660/937/296 645/976/310 630/938/310
f 645/939/310 646/908/309 629/910/309
o wood_below_low
v -0.276058 0.467006 0.597244
v -0.276058 0.576877 0.597244
v -0.276058 0.467006 -0.597244
v -0.276058 0.576877 -0.597244
v -0.166187 0.467006 0.597244
v -0.166187 0.576877 0.597244
v -0.166187 0.467006 -0.597244
v -0.166187 0.576877 -0.597244
v 1.176575 0.467006 0.597244
v 1.176575 0.576877 0.597244
v 1.176575 0.467006 -0.597244
v 1.176575 0.576877 -0.597244
v 1.066704 0.467006 0.597244
v 1.066704 0.576877 0.597244
v 1.066704 0.467006 -0.597244
v 1.066704 0.576877 -0.597244
vn -1.0000 -0.0000 -0.0000
vn -0.0000 -0.0000 -1.0000
vn 1.0000 -0.0000 -0.0000
vn -0.0000 -0.0000 1.0000
vn -0.0000 -1.0000 -0.0000
vt 0.515697 0.922711
vt 0.274400 0.900516
vt 0.515697 0.900516
vt 0.975070 0.495776
vt 0.997264 0.517971
vt 0.975070 0.517971
vt 0.922346 0.250056
vt 0.900151 0.491354
vt 0.900151 0.250056
vt 0.975070 0.488971
vt 0.997264 0.466776
vt 0.997264 0.488971
vt 0.243249 0.950812
vt 0.001953 0.928617
vt 0.243249 0.928617
vt 0.939792 0.739455
vt 0.917597 0.498159
vt 0.939792 0.498159
vt 0.997264 0.546971
vt 0.975070 0.524776
vt 0.997264 0.524776
vt 0.763799 0.914156
vt 0.522503 0.936351
vt 0.522503 0.914156
vt 0.975070 0.459970
vt 0.997264 0.437775
vt 0.997264 0.459970
vt 0.922346 0.243251
vt 0.900151 0.001953
vt 0.922346 0.001953
vt 0.274400 0.922711
vt 0.997264 0.495776
vt 0.922346 0.491354
vt 0.975070 0.466776
vt 0.001953 0.950812
vt 0.917597 0.739455
vt 0.975070 0.546971
vt 0.763800 0.936351
vt 0.975070 0.437775
vt 0.900151 0.243251
s 1
usemtl cart
f 662/977/313 663/978/313 661/979/313
f 664/980/314 667/981/314 663/982/314
f 668/983/315 665/984/315 667/985/315
f 666/986/316 661/987/316 665/988/316
f 667/989/317 661/990/317 663/991/317
f 671/992/315 670/993/315 669/994/315
f 675/995/314 672/996/314 671/997/314
f 673/998/313 676/999/313 675/1000/313
f 669/1001/316 674/1002/316 673/1003/316
f 669/1004/317 675/1005/317 671/1006/317
f 662/977/313 664/1007/313 663/978/313
f 664/980/314 668/1008/314 667/981/314
f 668/983/315 666/1009/315 665/984/315
f 666/986/316 662/1010/316 661/987/316
f 667/989/317 665/1011/317 661/990/317
f 671/992/315 672/1012/315 670/993/315
f 675/995/314 676/1013/314 672/996/314
f 673/998/313 674/1014/313 676/999/313
f 669/1001/316 670/1015/316 674/1002/316
f 669/1004/317 673/1016/317 675/1005/317
o tire_low.001
v 1.120477 0.791650 0.698300
v 1.120477 0.791650 0.822887
v 1.173472 0.786430 0.698300
v 1.173472 0.786430 0.822887
v 1.250186 0.765849 0.685106
v 1.250186 0.765849 0.836080
v 1.308785 0.734527 0.685106
v 1.308785 0.734527 0.836080
v 1.360148 0.692375 0.685106
v 1.360148 0.692375 0.836080
v 1.402300 0.641013 0.685106
v 1.402300 0.641013 0.836080
v 1.433622 0.582413 0.685106
v 1.433622 0.582413 0.836080
v 1.454203 0.505699 0.698300
v 1.454203 0.505699 0.822887
v 1.459423 0.452705 0.698300
v 1.459423 0.452705 0.822887
v 1.454203 0.399710 0.698300
v 1.454203 0.399710 0.822887
v 1.433622 0.322996 0.685106
v 1.433622 0.322996 0.836080
v 1.402300 0.264397 0.685106
v 1.402300 0.264397 0.836080
v 1.360148 0.213034 0.685106
v 1.360148 0.213034 0.836080
v 1.308785 0.170882 0.685106
v 1.308785 0.170882 0.836080
v 1.250186 0.139560 0.685106
v 1.250186 0.139560 0.836080
v 1.173472 0.118979 0.698300
v 1.173472 0.118979 0.822887
v 1.120477 0.113759 0.698300
v 1.120477 0.113759 0.822887
v 1.067483 0.118979 0.698300
v 1.067483 0.118979 0.822887
v 0.990768 0.139560 0.685106
v 0.990768 0.139560 0.836080
v 0.932169 0.170882 0.685106
v 0.932169 0.170882 0.836080
v 0.880807 0.213034 0.685106
v 0.880807 0.213034 0.836080
v 0.838654 0.264397 0.685106
v 0.838654 0.264397 0.836080
v 0.807333 0.322996 0.685106
v 0.807333 0.322996 0.836080
v 0.786751 0.399710 0.698300
v 0.786751 0.399710 0.822887
v 0.781532 0.452705 0.698300
v 0.781532 0.452705 0.822887
v 0.786751 0.505699 0.698300
v 0.786751 0.505699 0.822887
v 0.807333 0.582413 0.685106
v 0.807333 0.582413 0.836080
v 0.838655 0.641013 0.685106
v 0.838655 0.641013 0.836080
v 0.880807 0.692375 0.685106
v 0.880807 0.692375 0.836080
v 0.932169 0.734527 0.685106
v 0.932169 0.734527 0.836080
v 0.990769 0.765849 0.685106
v 0.990769 0.765849 0.836080
v 1.067483 0.786430 0.698300
v 1.067483 0.786430 0.822887
v 1.120477 0.896931 0.674170
v 1.207142 0.888396 0.674170
v 1.207142 0.888396 0.847017
v 1.120477 0.896931 0.847017
v 1.290476 0.863117 0.674170
v 1.290476 0.863117 0.847017
v 1.367277 0.822066 0.674170
v 1.367277 0.822066 0.847017
v 1.434593 0.766820 0.674170
v 1.434593 0.766820 0.847017
v 1.489838 0.699504 0.674170
v 1.489838 0.699504 0.847017
v 1.530889 0.622703 0.674170
v 1.530889 0.622703 0.847017
v 1.556168 0.539369 0.674170
v 1.556168 0.539369 0.847017
v 1.564704 0.452705 0.674170
v 1.564704 0.452704 0.847017
v 1.556168 0.366040 0.674170
v 1.556168 0.366040 0.847017
v 1.530889 0.282706 0.674170
v 1.530889 0.282706 0.847017
v 1.489838 0.205905 0.674170
v 1.489838 0.205905 0.847017
v 1.434593 0.138589 0.674170
v 1.434593 0.138589 0.847017
v 1.367276 0.083344 0.674170
v 1.367276 0.083344 0.847017
v 1.290475 0.042293 0.674170
v 1.290475 0.042293 0.847017
v 1.207142 0.017013 0.674170
v 1.207142 0.017013 0.847017
v 1.120477 0.008478 0.674170
v 1.120477 0.008478 0.847017
v 1.033813 0.017014 0.674170
v 1.033813 0.017014 0.847017
v 0.950479 0.042293 0.674170
v 0.950479 0.042293 0.847017
v 0.873678 0.083344 0.674170
v 0.873678 0.083344 0.847017
v 0.806362 0.138589 0.674170
v 0.806362 0.138589 0.847017
v 0.751116 0.205905 0.674170
v 0.751116 0.205905 0.847017
v 0.710065 0.282706 0.674170
v 0.710065 0.282706 0.847017
v 0.684786 0.366040 0.674170
v 0.684786 0.366040 0.847017
v 0.676251 0.452705 0.674170
v 0.676251 0.452705 0.847017
v 0.684786 0.539369 0.674170
v 0.684786 0.539369 0.847017
v 0.710065 0.622703 0.674170
v 0.710065 0.622703 0.847017
v 0.751116 0.699504 0.674170
v 0.751116 0.699504 0.847017
v 0.806362 0.766820 0.674170
v 0.806362 0.766820 0.847017
v 0.873678 0.822066 0.674170
v 0.873678 0.822066 0.847017
v 0.950479 0.863117 0.674170
v 0.950479 0.863117 0.847017
v 1.033813 0.888396 0.674170
v 1.033813 0.888396 0.847017
v 1.120477 0.791650 0.685106
v 1.186602 0.785137 0.685106
v 1.186602 0.785137 0.836080
v 1.120477 0.791650 0.836080
v 1.452910 0.518829 0.685106
v 1.459423 0.452705 0.685106
v 1.459423 0.452705 0.836080
v 1.452910 0.518829 0.836080
v 1.452910 0.386580 0.685106
v 1.452910 0.386580 0.836080
v 1.186602 0.120272 0.685106
v 1.120477 0.113759 0.685106
v 1.120477 0.113759 0.836080
v 1.186602 0.120272 0.836080
v 1.054352 0.120272 0.685106
v 1.054352 0.120272 0.836080
v 0.788045 0.386580 0.685106
v 0.781532 0.452705 0.685106
v 0.781532 0.452705 0.836080
v 0.788045 0.386580 0.836080
v 0.788045 0.518830 0.685106
v 0.788045 0.518830 0.836080
v 1.054352 0.785137 0.685106
v 1.054352 0.785137 0.836080
v 1.067483 0.452705 0.707589
v 1.067483 0.452705 0.813598
v 1.173472 0.452705 0.813598
v 1.173472 0.452705 0.707589
v 1.067483 0.496410 0.707589
v 1.067483 0.496410 0.813598
v 1.120477 0.505699 0.812711
v 1.173472 0.496410 0.813598
v 1.173472 0.496410 0.707589
v 1.120477 0.505699 0.708476
v 1.120477 0.399710 0.708476
v 1.067483 0.408999 0.707589
v 1.067483 0.408999 0.813598
v 1.120477 0.399710 0.812711
v 1.173472 0.408999 0.813598
v 1.173472 0.408999 0.707589
v 1.076140 0.399710 0.708476
v 1.067483 0.452705 0.698300
v 1.076140 0.399710 0.812711
v 1.067483 0.452705 0.822887
v 1.164815 0.399710 0.812711
v 1.173472 0.452705 0.822887
v 1.164815 0.399710 0.708476
v 1.173472 0.452705 0.698300
v 1.076140 0.505699 0.708476
v 1.076140 0.505699 0.812711
v 1.164815 0.505699 0.812711
v 1.164815 0.505699 0.708476
v 1.129648 0.407882 0.706906
v 1.120477 0.407048 0.707067
v 1.138131 0.410455 0.706412
v 1.145948 0.414634 0.705610
v 1.158424 0.427110 0.703214
v 1.152800 0.420257 0.704530
v 1.165998 0.452705 0.698300
v 1.165176 0.443410 0.700085
v 1.162603 0.434927 0.701713
v 1.076478 0.443410 0.700085
v 1.083229 0.427110 0.703214
v 1.079051 0.434927 0.701713
v 1.095705 0.414634 0.705610
v 1.112005 0.407882 0.706906
v 1.103523 0.410455 0.706412
v 1.088853 0.420257 0.704530
v 1.075655 0.452705 0.698300
v 1.103523 0.410455 0.814774
v 1.095705 0.414634 0.815576
v 1.112005 0.407882 0.814280
v 1.120477 0.407048 0.814120
v 1.075655 0.452705 0.822887
v 1.076478 0.443410 0.821102
v 1.088853 0.420257 0.816656
v 1.083229 0.427110 0.817972
v 1.079051 0.434927 0.819473
v 1.129648 0.407882 0.814280
v 1.145948 0.414634 0.815576
v 1.138131 0.410455 0.814774
v 1.162603 0.434927 0.819473
v 1.158424 0.427110 0.817972
v 1.165176 0.443410 0.821102
v 1.152800 0.420257 0.816656
v 1.165998 0.452705 0.822887
v 1.120477 0.497415 0.706885
v 1.129648 0.496580 0.706725
v 1.145948 0.489829 0.705428
v 1.138131 0.494007 0.706231
v 1.158424 0.477353 0.703033
v 1.165176 0.461053 0.699903
v 1.162603 0.469535 0.701532
v 1.152801 0.484205 0.704348
v 1.076478 0.461053 0.699903
v 1.088853 0.484205 0.704348
v 1.079051 0.469535 0.701532
v 1.083229 0.477353 0.703033
v 1.095705 0.489829 0.705428
v 1.103523 0.494007 0.706231
v 1.112005 0.496580 0.706725
v 1.076478 0.461053 0.821284
v 1.112005 0.496580 0.814462
v 1.120477 0.497415 0.814301
v 1.079051 0.469535 0.819655
v 1.083229 0.477353 0.818154
v 1.088853 0.484205 0.816838
v 1.103523 0.494007 0.814956
v 1.095705 0.489829 0.815758
v 1.152801 0.484205 0.816838
v 1.162603 0.469535 0.819655
v 1.165176 0.461053 0.821284
v 1.158424 0.477353 0.818154
v 1.129648 0.496580 0.814462
v 1.145948 0.489828 0.815758
v 1.138131 0.494007 0.814956
v 1.120477 0.791650 -0.698300
v 1.120477 0.791650 -0.822887
v 1.173472 0.786430 -0.698300
v 1.173472 0.786430 -0.822887
v 1.250186 0.765849 -0.685106
v 1.250186 0.765849 -0.836080
v 1.308785 0.734527 -0.685106
v 1.308785 0.734527 -0.836080
v 1.360148 0.692375 -0.685106
v 1.360148 0.692375 -0.836080
v 1.402300 0.641013 -0.685106
v 1.402300 0.641013 -0.836080
v 1.433622 0.582413 -0.685106
v 1.433622 0.582413 -0.836080
v 1.454203 0.505699 -0.698300
v 1.454203 0.505699 -0.822887
v 1.459423 0.452705 -0.698300
v 1.459423 0.452704 -0.822887
v 1.454203 0.399710 -0.698300
v 1.454203 0.399710 -0.822887
v 1.433622 0.322996 -0.685106
v 1.433622 0.322996 -0.836080
v 1.402300 0.264397 -0.685106
v 1.402300 0.264397 -0.836080
v 1.360148 0.213034 -0.685106
v 1.360148 0.213034 -0.836080
v 1.308785 0.170882 -0.685106
v 1.308785 0.170882 -0.836080
v 1.250186 0.139560 -0.685106
v 1.250186 0.139560 -0.836080
v 1.173472 0.118979 -0.698300
v 1.173472 0.118979 -0.822887
v 1.120477 0.113759 -0.698300
v 1.120477 0.113759 -0.822887
v 1.067483 0.118979 -0.698300
v 1.067483 0.118979 -0.822887
v 0.990768 0.139560 -0.685106
v 0.990768 0.139560 -0.836080
v 0.932169 0.170882 -0.685106
v 0.932169 0.170882 -0.836080
v 0.880807 0.213034 -0.685106
v 0.880807 0.213034 -0.836080
v 0.838654 0.264397 -0.685106
v 0.838654 0.264397 -0.836080
v 0.807333 0.322996 -0.685106
v 0.807333 0.322996 -0.836080
v 0.786751 0.399710 -0.698300
v 0.786751 0.399710 -0.822887
v 0.781532 0.452705 -0.698300
v 0.781532 0.452705 -0.822887
v 0.786751 0.505699 -0.698300
v 0.786751 0.505699 -0.822887
v 0.807333 0.582413 -0.685106
v 0.807333 0.582413 -0.836080
v 0.838655 0.641013 -0.685106
v 0.838655 0.641013 -0.836080
v 0.880807 0.692375 -0.685106
v 0.880807 0.692375 -0.836080
v 0.932169 0.734527 -0.685106
v 0.932169 0.734527 -0.836080
v 0.990769 0.765849 -0.685106
v 0.990769 0.765849 -0.836080
v 1.067483 0.786430 -0.698300
v 1.067483 0.786430 -0.822887
v 1.120477 0.896931 -0.674170
v 1.207142 0.888396 -0.674170
v 1.207142 0.888396 -0.847017
v 1.120477 0.896931 -0.847017
v 1.290476 0.863117 -0.674170
v 1.290476 0.863117 -0.847017
v 1.367277 0.822066 -0.674170
v 1.367277 0.822066 -0.847017
v 1.434593 0.766820 -0.674170
v 1.434593 0.766820 -0.847017
v 1.489838 0.699504 -0.674170
v 1.489838 0.699504 -0.847017
v 1.530889 0.622703 -0.674170
v 1.530889 0.622703 -0.847017
v 1.556168 0.539369 -0.674170
v 1.556168 0.539369 -0.847017
v 1.564704 0.452704 -0.674170
v 1.564704 0.452704 -0.847017
v 1.556168 0.366040 -0.674170
v 1.556168 0.366040 -0.847017
v 1.530889 0.282706 -0.674170
v 1.530889 0.282706 -0.847017
v 1.489838 0.205905 -0.674170
v 1.489838 0.205905 -0.847017
v 1.434593 0.138589 -0.674170
v 1.434593 0.138589 -0.847017
v 1.367276 0.083344 -0.674170
v 1.367276 0.083344 -0.847017
v 1.290475 0.042293 -0.674170
v 1.290475 0.042293 -0.847017
v 1.207142 0.017013 -0.674170
v 1.207142 0.017013 -0.847017
v 1.120477 0.008478 -0.674170
v 1.120477 0.008478 -0.847017
v 1.033813 0.017014 -0.674170
v 1.033813 0.017014 -0.847017
v 0.950479 0.042293 -0.674170
v 0.950479 0.042293 -0.847017
v 0.873678 0.083344 -0.674170
v 0.873678 0.083344 -0.847017
v 0.806362 0.138589 -0.674170
v 0.806362 0.138589 -0.847017
v 0.751116 0.205905 -0.674170
v 0.751116 0.205905 -0.847017
v 0.710065 0.282706 -0.674170
v 0.710065 0.282706 -0.847017
v 0.684786 0.366040 -0.674170
v 0.684786 0.366040 -0.847017
v 0.676251 0.452705 -0.674170
v 0.676251 0.452705 -0.847017
v 0.684786 0.539369 -0.674170
v 0.684786 0.539369 -0.847017
v 0.710065 0.622703 -0.674170
v 0.710065 0.622703 -0.847017
v 0.751116 0.699504 -0.674170
v 0.751116 0.699504 -0.847017
v 0.806362 0.766820 -0.674170
v 0.806362 0.766820 -0.847017
v 0.873678 0.822066 -0.674170
v 0.873678 0.822066 -0.847017
v 0.950479 0.863117 -0.674170
v 0.950479 0.863117 -0.847017
v 1.033813 0.888396 -0.674170
v 1.033813 0.888396 -0.847017
v 1.120477 0.791650 -0.685106
v 1.186602 0.785137 -0.685106
v 1.186602 0.785137 -0.836080
v 1.120477 0.791650 -0.836080
v 1.452910 0.518829 -0.685106
v 1.459423 0.452705 -0.685106
v 1.459423 0.452704 -0.836080
v 1.452910 0.518829 -0.836080
v 1.452910 0.386580 -0.685106
v 1.452910 0.386580 -0.836080
v 1.186602 0.120272 -0.685106
v 1.120477 0.113759 -0.685106
v 1.120477 0.113759 -0.836080
v 1.186602 0.120272 -0.836080
v 1.054352 0.120272 -0.685106
v 1.054352 0.120272 -0.836080
v 0.788045 0.386580 -0.685106
v 0.781532 0.452705 -0.685106
v 0.781532 0.452705 -0.836080
v 0.788045 0.386580 -0.836080
v 0.788045 0.518830 -0.685106
v 0.788045 0.518830 -0.836080
v 1.054352 0.785137 -0.685106
v 1.054352 0.785137 -0.836080
v 1.067483 0.452705 -0.707589
v 1.067483 0.452705 -0.813598
v 1.173472 0.452705 -0.813598
v 1.173472 0.452705 -0.707589
v 1.067483 0.496410 -0.707589
v 1.067483 0.496410 -0.813598
v 1.120477 0.505699 -0.812711
v 1.173472 0.496410 -0.813598
v 1.173472 0.496410 -0.707589
v 1.120477 0.505699 -0.708476
v 1.120477 0.399710 -0.708476
v 1.067483 0.408999 -0.707589
v 1.067483 0.408999 -0.813598
v 1.120477 0.399710 -0.812711
v 1.173472 0.408999 -0.813598
v 1.173472 0.408999 -0.707589
v 1.076140 0.399710 -0.708476
v 1.067483 0.452705 -0.698300
v 1.076140 0.399710 -0.812711
v 1.067483 0.452705 -0.822887
v 1.164815 0.399710 -0.812711
v 1.173472 0.452705 -0.822887
v 1.164815 0.399710 -0.708476
v 1.173472 0.452705 -0.698300
v 1.076140 0.505699 -0.708476
v 1.076140 0.505699 -0.812711
v 1.164815 0.505699 -0.812711
v 1.164815 0.505699 -0.708476
v 1.129648 0.407882 -0.706906
v 1.120477 0.407048 -0.707067
v 1.138131 0.410455 -0.706412
v 1.145948 0.414634 -0.705610
v 1.158424 0.427110 -0.703214
v 1.152800 0.420257 -0.704530
v 1.165998 0.452705 -0.698300
v 1.165176 0.443410 -0.700085
v 1.162603 0.434927 -0.701713
v 1.076478 0.443410 -0.700085
v 1.083229 0.427110 -0.703214
v 1.079051 0.434927 -0.701713
v 1.095705 0.414634 -0.705610
v 1.112005 0.407882 -0.706906
v 1.103523 0.410455 -0.706412
v 1.088853 0.420257 -0.704530
v 1.075655 0.452705 -0.698300
v 1.103523 0.410455 -0.814774
v 1.095705 0.414634 -0.815576
v 1.112005 0.407882 -0.814280
v 1.120477 0.407048 -0.814120
v 1.075655 0.452705 -0.822887
v 1.076478 0.443410 -0.821102
v 1.088853 0.420257 -0.816656
v 1.083229 0.427110 -0.817972
v 1.079051 0.434927 -0.819473
v 1.129648 0.407882 -0.814280
v 1.145948 0.414634 -0.815576
v 1.138131 0.410455 -0.814774
v 1.162603 0.434927 -0.819473
v 1.158424 0.427110 -0.817972
v 1.165176 0.443410 -0.821102
v 1.152800 0.420257 -0.816656
v 1.165998 0.452705 -0.822887
v 1.120477 0.497415 -0.706885
v 1.129648 0.496580 -0.706725
v 1.145948 0.489828 -0.705428
v 1.138131 0.494007 -0.706231
v 1.158424 0.477353 -0.703033
v 1.165176 0.461053 -0.699903
v 1.162603 0.469535 -0.701532
v 1.152801 0.484205 -0.704349
v 1.076478 0.461053 -0.699903
v 1.088853 0.484205 -0.704349
v 1.079051 0.469535 -0.701532
v 1.083229 0.477353 -0.703033
v 1.095705 0.489829 -0.705428
v 1.103523 0.494007 -0.706231
v 1.112005 0.496580 -0.706725
v 1.076478 0.461053 -0.821284
v 1.112005 0.496580 -0.814462
v 1.120477 0.497415 -0.814301
v 1.079051 0.469535 -0.819655
v 1.083229 0.477353 -0.818154
v 1.088853 0.484205 -0.816838
v 1.103523 0.494007 -0.814956
v 1.095705 0.489829 -0.815758
v 1.152801 0.484205 -0.816838
v 1.162603 0.469535 -0.819655
v 1.165176 0.461053 -0.821284
v 1.158424 0.477353 -0.818154
v 1.129648 0.496580 -0.814462
v 1.145948 0.489828 -0.815758
v 1.138131 0.494007 -0.814956
vn -0.0000 1.0000 -0.0000
vn 0.1951 0.9808 -0.0000
vn 0.3827 0.9239 -0.0000
vn 0.5556 0.8315 -0.0000
vn 0.7071 0.7071 -0.0000
vn 0.8315 0.5556 -0.0000
vn 0.9239 0.3827 -0.0000
vn 0.9808 0.1951 -0.0000
vn 1.0000 -0.0000 -0.0000
vn 0.9808 -0.1951 -0.0000
vn 0.9239 -0.3827 -0.0000
vn 0.8315 -0.5556 -0.0000
vn 0.7071 -0.7071 -0.0000
vn 0.5556 -0.8315 -0.0000
vn 0.3827 -0.9239 -0.0000
vn 0.1951 -0.9808 -0.0000
vn -0.0000 -1.0000 -0.0000
vn -0.1951 -0.9808 -0.0000
vn -0.3827 -0.9239 -0.0000
vn -0.5556 -0.8315 -0.0000
vn -0.7071 -0.7071 -0.0000
vn -0.8315 -0.5556 -0.0000
vn -0.9239 -0.3827 -0.0000
vn -0.9808 -0.1951 -0.0000
vn -1.0000 -0.0000 -0.0000
vn -0.9808 0.1951 -0.0000
vn -0.9239 0.3827 -0.0000
vn -0.8315 0.5556 -0.0000
vn -0.7071 0.7071 -0.0000
vn -0.5556 0.8315 -0.0000
vn -0.3827 0.9239 -0.0000
vn -0.1951 0.9808 -0.0000
vn -0.0000 0.0771 0.9970
vn -0.0019 -0.0359 0.9994
vn -0.0000 -0.0356 0.9994
vn -0.0000 -0.1033 -0.9946
vn -0.0202 -0.1013 -0.9946
vn -0.0202 -0.1013 0.9946
vn -0.0000 -0.1033 0.9946
vn -0.0395 -0.0955 -0.9946
vn -0.0395 -0.0955 0.9946
vn -0.0574 -0.0859 -0.9946
vn -0.0574 -0.0859 0.9946
vn -0.0731 -0.0731 -0.9946
vn -0.0731 -0.0731 0.9946
vn -0.0859 -0.0574 -0.9946
vn -0.0859 -0.0574 0.9946
vn -0.0955 -0.0395 -0.9946
vn -0.0955 -0.0395 0.9946
vn -0.1013 -0.0202 -0.9946
vn -0.1013 -0.0202 0.9946
vn -0.1033 -0.0000 -0.9946
vn -0.1033 -0.0000 0.9946
vn -0.1013 0.0202 -0.9946
vn -0.1013 0.0202 0.9946
vn -0.0955 0.0395 -0.9946
vn -0.0955 0.0395 0.9946
vn -0.0859 0.0574 -0.9946
vn -0.0859 0.0574 0.9946
vn -0.0731 0.0731 -0.9946
vn -0.0731 0.0731 0.9946
vn -0.0574 0.0859 -0.9946
vn -0.0574 0.0859 0.9946
vn -0.0395 0.0955 -0.9946
vn -0.0395 0.0955 0.9946
vn -0.0202 0.1013 -0.9946
vn -0.0202 0.1013 0.9946
vn -0.0000 0.1033 -0.9946
vn -0.0000 0.1033 0.9946
vn 0.0202 0.1013 -0.9946
vn 0.0202 0.1013 0.9946
vn 0.0395 0.0955 -0.9946
vn 0.0395 0.0955 0.9946
vn 0.0574 0.0859 -0.9946
vn 0.0574 0.0859 0.9946
vn 0.0731 0.0731 -0.9946
vn 0.0731 0.0731 0.9946
vn 0.0859 0.0574 -0.9946
vn 0.0859 0.0574 0.9946
vn 0.0955 0.0395 -0.9946
vn 0.0955 0.0395 0.9946
vn 0.1013 0.0202 -0.9946
vn 0.1013 0.0202 0.9946
vn 0.1033 -0.0000 -0.9946
vn 0.1033 -0.0000 0.9946
vn 0.1013 -0.0202 -0.9946
vn 0.1013 -0.0202 0.9946
vn 0.0955 -0.0395 -0.9946
vn 0.0955 -0.0395 0.9946
vn 0.0859 -0.0574 -0.9946
vn 0.0859 -0.0574 0.9946
vn 0.0731 -0.0731 -0.9946
vn 0.0731 -0.0731 0.9946
vn 0.0574 -0.0859 -0.9946
vn 0.0574 -0.0859 0.9946
vn 0.0395 -0.0955 -0.9946
vn 0.0395 -0.0955 0.9946
vn 0.0202 -0.1013 -0.9946
vn 0.0202 -0.1013 0.9946
vn 0.0331 0.9995 -0.0000
vn 0.0330 -0.0000 0.9995
vn 0.0327 -0.0019 0.9995
vn 0.0325 -0.0000 0.9995
vn 0.0019 -0.0359 0.9994
vn 0.0009 0.0812 0.9967
vn -0.9995 -0.0308 -0.0000
vn -0.0331 -0.9995 -0.0000
vn -0.0327 -0.0000 0.9995
vn -0.0327 0.0018 0.9995
vn -0.0325 -0.0000 0.9995
vn -0.0000 0.0771 -0.9970
vn 0.0019 -0.0359 -0.9994
vn -0.0000 -0.0356 -0.9994
vn -0.0980 -0.9952 -0.0000
vn -0.9952 -0.0980 -0.0000
vn -0.9952 0.0980 -0.0000
vn -0.0980 0.9952 -0.0000
vn 0.0980 0.9952 -0.0000
vn 0.9952 0.0980 -0.0000
vn 0.9952 -0.0980 -0.0000
vn 0.0980 -0.9952 -0.0000
vn 0.9995 -0.0308 -0.0000
vn -0.0019 -0.0359 -0.9994
vn -0.0011 0.0812 -0.9967
vn -0.0009 -0.0812 -0.9967
vn -0.0000 -0.1886 -0.9821
vn -0.0327 -0.0019 0.9995
vn -0.0327 -0.0017 0.9995
vn 0.0009 -0.0812 -0.9967
vn 0.0327 0.0019 0.9995
vn 0.0328 0.0017 0.9995
vn 0.0009 -0.0812 0.9967
vn -0.0000 -0.1886 0.9821
vn -0.0009 -0.0812 0.9967
vn -0.0000 0.1886 -0.9821
vn -0.0331 0.9995 -0.0000
vn 0.0009 0.0812 -0.9967
vn 0.0331 -0.9995 -0.0000
vn -0.0000 0.1886 0.9821
vn -0.0009 0.0812 0.9967
vn -0.0019 0.0359 0.9994
vn -0.0000 -0.0767 0.9971
vn -0.0000 0.0356 0.9994
vn 0.0019 0.0359 0.9994
vn -0.9995 0.0308 -0.0000
vn 0.0019 0.0359 -0.9994
vn -0.0000 -0.0767 -0.9971
vn -0.0000 0.0356 -0.9994
vn 0.9995 0.0308 -0.0000
vn -0.0019 0.0359 -0.9994
vn -0.7608 -0.1349 -0.6348
vn -0.7678 -0.0000 -0.6407
vn -0.7609 -0.1350 -0.6347
vn -0.7608 -0.1349 0.6348
vn -0.7678 -0.0000 0.6407
vn 0.7608 -0.1349 0.6348
vn 0.7678 -0.0000 0.6407
vn 0.7609 -0.1350 0.6347
vn 0.7608 -0.1349 -0.6348
vn 0.7678 -0.0000 -0.6407
vn -0.7608 0.1349 -0.6348
vn -0.7608 0.1349 0.6348
vn -0.7609 0.1350 0.6347
vn 0.7608 0.1349 0.6348
vn 0.7608 0.1349 -0.6348
vn 0.7609 0.1350 -0.6347
vn 0.7315 0.6818 -0.0000
vn -0.7315 0.6818 -0.0000
vn -0.7315 -0.6818 -0.0000
vn 0.7315 -0.6818 -0.0000
vn 0.0327 -0.0000 -0.9995
vn 0.0327 -0.0018 -0.9995
vn 0.0327 -0.0017 -0.9995
vn 0.0327 0.0018 -0.9995
vn 0.0325 -0.0000 -0.9995
vn -0.0327 -0.0000 -0.9995
vn -0.0327 0.0018 -0.9995
vn -0.0327 0.0017 -0.9995
vn -0.0327 -0.0018 -0.9995
vn -0.0328 -0.0000 -0.9995
vn 0.0038 -1.0000 -0.0000
vn -0.1937 -0.9811 -0.0000
vn -0.3869 -0.9221 -0.0000
vn -0.5610 -0.8278 -0.0000
vn -0.7130 -0.7012 -0.0000
vn -0.8369 -0.5474 -0.0000
vn -0.9280 -0.3726 -0.0000
vn -0.9830 -0.1837 -0.0000
vn -1.0000 -0.0050 -0.0000
vn -0.9840 0.1782 -0.0000
vn -0.9280 0.3726 -0.0000
vn -0.8369 0.5474 -0.0000
vn -0.7130 0.7012 -0.0000
vn -0.5610 0.8278 -0.0000
vn -0.3869 0.9221 -0.0000
vn -0.1937 0.9811 -0.0000
vn 0.0038 1.0000 -0.0000
vn 0.1974 0.9803 -0.0000
vn 0.3869 0.9221 -0.0000
vn 0.5610 0.8278 -0.0000
vn 0.7130 0.7012 -0.0000
vn 0.8369 0.5474 -0.0000
vn 0.9280 0.3726 -0.0000
vn 0.9840 0.1782 -0.0000
vn 1.0000 -0.0050 -0.0000
vn 0.9830 -0.1837 -0.0000
vn 0.9280 -0.3726 -0.0000
vn 0.8369 -0.5474 -0.0000
vn 0.7130 -0.7012 -0.0000
vn 0.5610 -0.8278 -0.0000
vn 0.3869 -0.9221 -0.0000
vn 0.1974 -0.9803 -0.0000
vn -0.0000 -0.0000 1.0000
vn -0.0000 0.0006 1.0000
vn -0.0000 0.0006 -1.0000
vn -0.0000 -0.0000 -1.0000
vn 0.0327 -0.0017 0.9995
vn -0.0327 0.0017 0.9995
vn -0.7609 -0.1350 0.6347
vn 0.7609 -0.1350 -0.6347
vn -0.7609 0.1350 -0.6347
vn 0.7609 0.1350 0.6347
vn 0.0327 0.0017 -0.9995
vn -0.0327 -0.0017 -0.9995
vn -0.0017 -0.0359 -0.9994
vn 0.0330 -0.0000 -0.9995
vn 0.0327 -0.0019 -0.9995
vn 0.0017 -0.0359 -0.9994
vn -0.0325 -0.0000 -0.9995
vn 0.0018 -0.0359 0.9994
vn -0.0011 0.0812 0.9967
vn -0.0018 -0.0359 0.9994
vn -0.0327 -0.0019 -0.9995
vn 0.0328 0.0016 -0.9995
vn 0.0327 0.0019 -0.9995
vn 0.0008 0.0812 0.9967
vn -0.0009 0.0812 -0.9967
vn -0.0017 0.0359 -0.9994
vn 0.0017 0.0359 -0.9994
vn 0.0018 0.0359 0.9994
vn -0.0018 0.0359 0.9994
vn -0.7609 -0.1349 -0.6347
vn 0.7609 -0.1349 0.6347
vn -0.7609 0.1349 0.6347
vn 0.7609 0.1349 -0.6347
vn 0.0327 -0.0000 0.9995
vn 0.0327 -0.0018 0.9995
vn 0.0327 0.0018 0.9995
vn -0.0328 0.0017 0.9995
vn -0.0329 -0.0000 0.9995
vn -0.0327 -0.0018 0.9995
vn -0.0000 -0.1885 -0.9821
vn -0.0000 0.1885 0.9821
vn -0.0000 -0.1885 0.9821
vn -0.0328 0.0017 -0.9995
vt 0.001953 0.283420
vt 0.036870 0.265828
vt 0.036870 0.283420
vt 0.001953 0.265828
vt 0.036870 0.248237
vt 0.001953 0.248237
vt 0.036870 0.230645
vt 0.001953 0.230645
vt 0.036870 0.213053
vt 0.001953 0.213053
vt 0.036870 0.195462
vt 0.001953 0.195462
vt 0.036870 0.177870
vt 0.001953 0.177870
vt 0.036870 0.160278
vt 0.001953 0.160278
vt 0.036870 0.142687
vt 0.001953 0.142687
vt 0.036870 0.125095
vt 0.001953 0.125095
vt 0.036870 0.107503
vt 0.001953 0.107503
vt 0.036870 0.089912
vt 0.001953 0.089912
vt 0.036870 0.072320
vt 0.001953 0.072320
vt 0.036870 0.054728
vt 0.001953 0.054728
vt 0.036870 0.037137
vt 0.001953 0.037137
vt 0.036870 0.019545
vt 0.001953 0.019545
vt 0.036870 0.001953
vt 0.001953 0.564887
vt 0.036870 0.547295
vt 0.036870 0.564887
vt 0.001953 0.547295
vt 0.036870 0.529704
vt 0.001953 0.529704
vt 0.036870 0.512112
vt 0.001953 0.512112
vt 0.036870 0.494521
vt 0.001953 0.494521
vt 0.036870 0.476929
vt 0.001953 0.476929
vt 0.036870 0.459337
vt 0.001953 0.459337
vt 0.036870 0.441745
vt 0.001953 0.424154
vt 0.036870 0.424154
vt 0.001953 0.406562
vt 0.036870 0.406562
vt 0.036870 0.388970
vt 0.001953 0.388970
vt 0.036870 0.371379
vt 0.001953 0.371379
vt 0.036870 0.353787
vt 0.001953 0.353787
vt 0.036870 0.336195
vt 0.001953 0.336195
vt 0.036870 0.318603
vt 0.574766 0.706326
vt 0.544268 0.692903
vt 0.574766 0.692903
vt 0.001953 0.318603
vt 0.036870 0.301012
vt 0.001953 0.301012
vt 0.827914 0.924973
vt 0.770605 0.935685
vt 0.770605 0.924973
vt 0.065006 0.249476
vt 0.043675 0.234005
vt 0.065006 0.234005
vt 0.093143 0.264944
vt 0.071811 0.249474
vt 0.093143 0.249474
vt 0.043675 0.218535
vt 0.065006 0.218535
vt 0.093143 0.280414
vt 0.071811 0.264944
vt 0.043675 0.203065
vt 0.065006 0.203065
vt 0.071811 0.295884
vt 0.071811 0.280414
vt 0.043675 0.187595
vt 0.065006 0.187595
vt 0.093143 0.311354
vt 0.093143 0.295884
vt 0.065006 0.172125
vt 0.043675 0.172125
vt 0.093143 0.326824
vt 0.071811 0.311354
vt 0.043675 0.156655
vt 0.065006 0.156655
vt 0.093143 0.342294
vt 0.071811 0.326824
vt 0.043675 0.141185
vt 0.065006 0.141185
vt 0.071811 0.357764
vt 0.071811 0.342294
vt 0.043675 0.125714
vt 0.065006 0.125714
vt 0.093143 0.357764
vt 0.071811 0.373234
vt 0.043675 0.110244
vt 0.065006 0.110244
vt 0.093143 0.373234
vt 0.071811 0.388704
vt 0.043675 0.094774
vt 0.065006 0.094774
vt 0.093143 0.404174
vt 0.093143 0.388704
vt 0.065006 0.079304
vt 0.043675 0.079304
vt 0.093143 0.419644
vt 0.071811 0.404174
vt 0.043675 0.063834
vt 0.065006 0.063834
vt 0.071811 0.435114
vt 0.071811 0.419644
vt 0.043675 0.048363
vt 0.065006 0.048363
vt 0.093143 0.450584
vt 0.093143 0.435114
vt 0.065006 0.032894
vt 0.043675 0.032894
vt 0.093143 0.466054
vt 0.071811 0.450584
vt 0.043675 0.017423
vt 0.065006 0.017423
vt 0.093143 0.481525
vt 0.071811 0.466054
vt 0.043675 0.001953
vt 0.065006 0.001953
vt 0.071811 0.496995
vt 0.071811 0.481525
vt 0.065006 0.481528
vt 0.043675 0.496998
vt 0.043675 0.481528
vt 0.093143 0.017423
vt 0.071811 0.001953
vt 0.093143 0.001953
vt 0.065006 0.466058
vt 0.043675 0.466058
vt 0.093143 0.032893
vt 0.071811 0.017423
vt 0.043675 0.450588
vt 0.065006 0.450588
vt 0.071811 0.048363
vt 0.071811 0.032893
vt 0.065006 0.435117
vt 0.043675 0.435117
vt 0.093143 0.063833
vt 0.093143 0.048363
vt 0.065006 0.419647
vt 0.043675 0.419647
vt 0.093143 0.079303
vt 0.071811 0.063833
vt 0.043675 0.404177
vt 0.065006 0.404177
vt 0.093143 0.094773
vt 0.071811 0.079303
vt 0.043675 0.388707
vt 0.065006 0.388707
vt 0.093143 0.110243
vt 0.071811 0.094773
vt 0.065006 0.373237
vt 0.043675 0.373237
vt 0.093143 0.125713
vt 0.071811 0.110243
vt 0.043675 0.357767
vt 0.065006 0.357767
vt 0.093143 0.141184
vt 0.071811 0.125713
vt 0.043675 0.342297
vt 0.065006 0.342297
vt 0.093143 0.156654
vt 0.071811 0.141184
vt 0.065006 0.326826
vt 0.043675 0.326826
vt 0.071811 0.172123
vt 0.071811 0.156654
vt 0.065006 0.311356
vt 0.043675 0.311356
vt 0.093143 0.187594
vt 0.093143 0.172123
vt 0.065006 0.295886
vt 0.043675 0.295886
vt 0.071811 0.203064
vt 0.071811 0.187594
vt 0.065006 0.280416
vt 0.043675 0.280416
vt 0.093143 0.218534
vt 0.093143 0.203064
vt 0.043675 0.264946
vt 0.065006 0.264946
vt 0.093143 0.234004
vt 0.071811 0.218534
vt 0.043675 0.249476
vt 0.071811 0.234004
vt 0.574766 0.719748
vt 0.544268 0.706326
vt 0.574766 0.733170
vt 0.544268 0.719748
vt 0.574766 0.746593
vt 0.544268 0.733170
vt 0.574766 0.760015
vt 0.544268 0.746593
vt 0.574766 0.773438
vt 0.544268 0.760015
vt 0.722969 0.996530
vt 0.666213 0.973246
vt 0.722969 0.973246
vt 0.307642 0.883360
vt 0.364783 0.873562
vt 0.364783 0.883360
vt 0.574766 0.813705
vt 0.544268 0.800283
vt 0.574766 0.800283
vt 0.574766 0.827128
vt 0.544268 0.813705
vt 0.574766 0.840550
vt 0.544268 0.827128
vt 0.574766 0.853973
vt 0.544268 0.840550
vt 0.574766 0.867395
vt 0.544268 0.853973
vt 0.574766 0.880818
vt 0.544268 0.867395
vt 0.770605 0.914261
vt 0.827914 0.916011
vt 0.850092 0.997426
vt 0.793336 0.974321
vt 0.850092 0.974321
vt 0.574766 0.491566
vt 0.544268 0.478143
vt 0.574766 0.478143
vt 0.574766 0.504989
vt 0.544268 0.491566
vt 0.574766 0.518411
vt 0.544268 0.504989
vt 0.574766 0.531833
vt 0.544268 0.518411
vt 0.574766 0.545256
vt 0.544268 0.531833
vt 0.544268 0.558678
vt 0.544268 0.545256
vt 0.666213 0.943156
vt 0.722970 0.966440
vt 0.666213 0.966440
vt 0.970735 0.279390
vt 0.980533 0.336530
vt 0.970735 0.336530
vt 0.574766 0.585523
vt 0.544268 0.598946
vt 0.544268 0.585523
vt 0.574766 0.612368
vt 0.574766 0.598946
vt 0.574766 0.625791
vt 0.544268 0.612368
vt 0.544268 0.639213
vt 0.544268 0.625791
vt 0.574766 0.652636
vt 0.574766 0.639213
vt 0.574766 0.666058
vt 0.544268 0.652636
vt 0.761854 0.781820
vt 0.705027 0.790895
vt 0.705150 0.781110
vt 0.546933 0.668723
vt 0.544268 0.679480
vt 0.544268 0.666058
vt 0.572100 0.668723
vt 0.574766 0.679480
vt 0.572100 0.679480
vt 0.546933 0.582858
vt 0.544268 0.572101
vt 0.546933 0.572101
vt 0.572100 0.582858
vt 0.574766 0.572101
vt 0.546933 0.561343
vt 0.572100 0.561343
vt 0.572100 0.572101
vt 0.546933 0.475478
vt 0.544268 0.464721
vt 0.546933 0.464721
vt 0.572100 0.475478
vt 0.574766 0.464721
vt 0.546933 0.883483
vt 0.544268 0.894240
vt 0.544268 0.880817
vt 0.572100 0.883483
vt 0.574766 0.894240
vt 0.572100 0.894240
vt 0.546933 0.797617
vt 0.544268 0.786860
vt 0.546933 0.786860
vt 0.572100 0.797617
vt 0.574766 0.786860
vt 0.546933 0.776103
vt 0.544268 0.773438
vt 0.572100 0.776103
vt 0.572100 0.786860
vt 0.546933 0.690238
vt 0.546933 0.679480
vt 0.572100 0.690238
vt 0.574766 0.558678
vt 0.463652 0.998047
vt 0.406897 0.974942
vt 0.463652 0.974942
vt 0.705273 0.771324
vt 0.761976 0.772034
vt 0.784427 0.771432
vt 0.779428 0.774668
vt 0.778040 0.773520
vt 0.960937 0.336530
vt 0.960937 0.279390
vt 0.784181 0.791016
vt 0.779267 0.787517
vt 0.780435 0.786155
vt 0.364783 0.893158
vt 0.307642 0.893158
vt 0.849516 0.914261
vt 0.845500 0.918581
vt 0.844090 0.917444
vt 0.849516 0.933933
vt 0.845500 0.931507
vt 0.846658 0.930122
vt 0.766344 0.774504
vt 0.765176 0.775866
vt 0.729775 0.974321
vt 0.786531 0.997606
vt 0.729775 0.997606
vt 0.761731 0.791606
vt 0.766183 0.787353
vt 0.767571 0.788500
vt 0.968081 0.996273
vt 0.911324 0.972989
vt 0.968081 0.972989
vt 0.832338 0.918581
vt 0.831181 0.919966
vt 0.827914 0.933936
vt 0.832338 0.931507
vt 0.833749 0.932644
vt 0.906512 0.933934
vt 0.849516 0.924097
vt 0.906512 0.924097
vt 0.906512 0.914261
vt 0.527213 0.998047
vt 0.470458 0.974942
vt 0.527213 0.974942
vt 0.840921 0.791728
vt 0.784304 0.781224
vt 0.841044 0.781935
vt 0.343336 0.974942
vt 0.400092 0.998047
vt 0.343336 0.998047
vt 0.841167 0.772144
vt 0.493858 0.693429
vt 0.491933 0.702486
vt 0.492490 0.691174
vt 0.489520 0.603884
vt 0.491445 0.612942
vt 0.489520 0.612942
vt 0.491929 0.651847
vt 0.493854 0.642789
vt 0.493298 0.654102
vt 0.489520 0.664189
vt 0.491445 0.673247
vt 0.489520 0.673247
vt 0.493858 0.711543
vt 0.493858 0.702486
vt 0.489520 0.622000
vt 0.490889 0.624255
vt 0.491929 0.633732
vt 0.491929 0.642789
vt 0.489520 0.682304
vt 0.490889 0.684559
vt 0.489520 0.749154
vt 0.492085 0.770389
vt 0.489520 0.770568
vt 0.494494 0.742511
vt 0.491929 0.721276
vt 0.494494 0.721096
vt 0.109318 0.496198
vt 0.111883 0.474963
vt 0.111883 0.496019
vt 0.102513 0.474783
vt 0.099948 0.496019
vt 0.099948 0.474963
vt 0.336530 0.967786
vt 0.279390 0.957988
vt 0.336530 0.957988
vt 0.279390 0.977584
vt 0.279390 0.967786
vt 0.970735 0.400476
vt 0.980533 0.343336
vt 0.980533 0.400476
vt 0.960937 0.343336
vt 0.970735 0.343336
vt 0.913318 0.942528
vt 0.936159 0.940677
vt 0.936159 0.942528
vt 0.913318 0.938892
vt 0.913318 0.940677
vt 0.913318 0.937102
vt 0.936159 0.938892
vt 0.913318 0.935306
vt 0.936159 0.937102
vt 0.913318 0.933505
vt 0.936159 0.935306
vt 0.913318 0.931697
vt 0.936159 0.933505
vt 0.913318 0.929885
vt 0.936159 0.931697
vt 0.936159 0.928168
vt 0.913318 0.928168
vt 0.936159 0.926258
vt 0.913318 0.924446
vt 0.913318 0.926258
vt 0.936159 0.922638
vt 0.913318 0.922638
vt 0.936159 0.920836
vt 0.913318 0.920836
vt 0.936159 0.919041
vt 0.913318 0.919041
vt 0.936159 0.917252
vt 0.913318 0.917252
vt 0.936159 0.915466
vt 0.913318 0.915466
vt 0.936159 0.913615
vt 0.913318 0.913615
vt 0.936159 0.911903
vt 0.913318 0.911903
vt 0.936159 0.910118
vt 0.913318 0.910118
vt 0.936159 0.908328
vt 0.913318 0.908328
vt 0.936159 0.906533
vt 0.913318 0.904731
vt 0.936159 0.904731
vt 0.936159 0.902923
vt 0.913318 0.902923
vt 0.936159 0.901111
vt 0.913318 0.899202
vt 0.913318 0.901111
vt 0.936159 0.897484
vt 0.936159 0.899202
vt 0.913318 0.897484
vt 0.936159 0.895672
vt 0.913318 0.893865
vt 0.913318 0.895672
vt 0.913318 0.892063
vt 0.936159 0.893865
vt 0.913318 0.890267
vt 0.936159 0.892063
vt 0.913318 0.888478
vt 0.936159 0.890267
vt 0.913318 0.886693
vt 0.936159 0.888478
vt 0.936159 0.884981
vt 0.936159 0.886693
vt 0.829791 0.923261
vt 0.829620 0.924973
vt 0.838822 0.914261
vt 0.835358 0.916600
vt 0.838822 0.915913
vt 0.837104 0.916080
vt 0.830321 0.921546
vt 0.833749 0.917444
vt 0.837104 0.934008
vt 0.838822 0.934174
vt 0.838822 0.935685
vt 0.830321 0.928542
vt 0.829791 0.926827
vt 0.835358 0.933488
vt 0.831181 0.930122
vt 0.840735 0.916080
vt 0.842481 0.916600
vt 0.847518 0.921546
vt 0.848219 0.924973
vt 0.848048 0.923261
vt 0.846658 0.919966
vt 0.848047 0.926827
vt 0.842481 0.933488
vt 0.840735 0.934008
vt 0.847518 0.928542
vt 0.844090 0.932644
vt 0.772595 0.790086
vt 0.772574 0.791728
vt 0.770889 0.789899
vt 0.769160 0.789360
vt 0.764215 0.784380
vt 0.763560 0.780964
vt 0.763709 0.782669
vt 0.765050 0.785962
vt 0.763754 0.779124
vt 0.772841 0.770431
vt 0.769370 0.772572
vt 0.772822 0.771933
vt 0.771112 0.772076
vt 0.764302 0.777426
vt 0.767760 0.773391
vt 0.774722 0.772122
vt 0.781397 0.777640
vt 0.782049 0.781196
vt 0.781902 0.779351
vt 0.776451 0.772660
vt 0.780561 0.776059
vt 0.781857 0.782897
vt 0.781310 0.784594
vt 0.776241 0.789449
vt 0.774499 0.789944
vt 0.777851 0.788629
vt 0.001953 0.001953
vt 0.001953 0.441745
vt 0.093143 0.496995
vt 0.065006 0.496998
vt 0.666213 0.996530
vt 0.307642 0.873562
vt 0.793336 0.997426
vt 0.722970 0.943156
vt 0.980533 0.279390
vt 0.572100 0.464721
vt 0.546933 0.894240
vt 0.406897 0.998047
vt 0.786531 0.974321
vt 0.911324 0.996273
vt 0.470458 0.998047
vt 0.400092 0.974942
vt 0.490889 0.601629
vt 0.490889 0.661935
vt 0.492490 0.713797
vt 0.493298 0.631477
vt 0.492085 0.749333
vt 0.491929 0.742332
vt 0.109318 0.474784
vt 0.102513 0.496199
vt 0.336530 0.977584
vt 0.960937 0.400476
vt 0.936159 0.929885
vt 0.936159 0.924446
vt 0.913318 0.906533
vt 0.913318 0.884981
s 1
usemtl cart
f 744/1017/318 742/1018/319 741/1019/318
f 743/1020/319 745/1021/320 742/1018/319
f 746/1022/320 747/1023/321 745/1021/320
f 748/1024/321 749/1025/322 747/1023/321
f 750/1026/322 751/1027/323 749/1025/322
f 752/1028/323 753/1029/324 751/1027/323
f 754/1030/324 755/1031/325 753/1029/324
f 756/1032/325 757/1033/326 755/1031/325
f 758/1034/326 759/1035/327 757/1033/326
f 760/1036/327 761/1037/328 759/1035/327
f 762/1038/328 763/1039/329 761/1037/328
f 764/1040/329 765/1041/330 763/1039/329
f 766/1042/330 767/1043/331 765/1041/330
f 768/1044/331 769/1045/332 767/1043/331
f 770/1046/332 771/1047/333 769/1045/332
f 772/1048/333 773/1049/334 771/1047/333
f 774/1050/334 775/1051/335 773/1052/334
f 776/1053/335 777/1054/336 775/1051/335
f 778/1055/336 779/1056/337 777/1054/336
f 780/1057/337 781/1058/338 779/1056/337
f 782/1059/338 783/1060/339 781/1058/338
f 784/1061/339 785/1062/340 783/1060/339
f 786/1063/340 787/1064/341 785/1062/340
f 787/1064/341 790/1065/342 789/1066/342
f 789/1066/342 792/1067/343 791/1068/343
f 792/1067/343 793/1069/344 791/1068/343
f 794/1070/344 795/1071/345 793/1069/344
f 796/1072/345 797/1073/346 795/1071/345
f 798/1074/346 799/1075/347 797/1073/346
f 800/1076/347 801/1077/348 799/1075/347
f 738/1078/332 827/1079/333 828/1080/333
f 802/1081/348 803/1082/349 801/1077/348
f 804/1083/349 741/1019/318 803/1082/349
f 835/1084/350 680/1085/351 678/1086/352
f 805/1087/353 742/1088/354 806/1089/354
f 807/1090/355 744/1091/356 808/1092/356
f 806/1089/354 745/1093/357 681/1094/357
f 682/1095/358 743/1096/355 807/1090/355
f 681/1094/357 747/1097/359 683/1098/359
f 682/1095/358 748/1099/360 746/1100/358
f 683/1098/359 749/1101/361 685/1102/361
f 686/1103/362 748/1099/360 684/1104/360
f 687/1105/363 749/1101/361 751/1106/363
f 688/1107/364 750/1108/362 686/1103/362
f 687/1105/363 753/1109/365 689/1110/365
f 690/1111/366 752/1112/364 688/1107/364
f 689/1110/365 755/1113/367 809/1114/367
f 690/1111/366 756/1115/368 754/1116/366
f 809/1114/367 757/1117/369 810/1118/369
f 812/1119/368 758/1120/370 756/1115/368
f 810/1118/369 759/1121/371 813/1122/371
f 811/1123/370 760/1124/372 758/1120/370
f 813/1122/371 761/1125/373 697/1126/373
f 698/1127/374 760/1124/372 814/1128/372
f 699/1129/375 761/1125/373 763/1130/375
f 700/1131/376 762/1132/374 698/1127/374
f 699/1129/375 765/1133/377 701/1134/377
f 700/1131/376 766/1135/378 764/1136/376
f 701/1134/377 767/1137/379 703/1138/379
f 704/1139/380 766/1135/378 702/1140/378
f 705/1141/381 767/1137/379 769/1142/381
f 706/1143/382 768/1144/380 704/1139/380
f 705/1141/381 771/1145/383 815/1146/383
f 818/1147/384 770/1148/382 706/1143/382
f 815/1146/383 773/1149/385 816/1150/385
f 818/1147/384 774/1151/386 772/1152/384
f 819/1153/387 773/1154/385 775/1155/387
f 820/1156/388 774/1157/386 817/1158/386
f 713/1159/389 775/1155/387 777/1160/389
f 714/1161/390 776/1162/388 820/1156/388
f 713/1159/389 779/1163/391 715/1164/391
f 714/1161/390 780/1165/392 778/1166/390
f 717/1167/393 779/1163/391 781/1168/393
f 718/1169/394 780/1165/392 716/1170/392
f 719/1171/395 781/1168/393 783/1172/395
f 720/1173/396 782/1174/394 718/1169/394
f 719/1171/395 785/1175/397 721/1176/397
f 722/1177/398 784/1178/396 720/1173/396
f 721/1176/397 787/1179/399 821/1180/399
f 824/1181/400 786/1182/398 722/1177/398
f 822/1183/401 787/1179/399 789/1184/401
f 823/1185/402 788/1186/400 824/1181/400
f 822/1183/401 791/1187/403 825/1188/403
f 826/1189/404 790/1190/402 823/1185/402
f 825/1188/403 793/1191/405 729/1192/405
f 730/1193/406 792/1194/404 826/1189/404
f 731/1195/407 793/1191/405 795/1196/407
f 730/1193/406 796/1197/408 794/1198/406
f 733/1199/409 795/1196/407 797/1200/409
f 734/1201/410 796/1197/408 732/1202/408
f 735/1203/411 797/1200/409 799/1204/411
f 734/1201/410 800/1205/412 798/1206/410
f 737/1207/413 799/1204/411 801/1208/413
f 738/1209/414 800/1205/412 736/1210/412
f 737/1207/413 803/1211/415 827/1212/415
f 828/1213/416 802/1214/414 738/1209/414
f 827/1212/415 741/1215/353 805/1087/353
f 828/1213/416 744/1091/356 804/1216/416
f 736/1217/331 737/1218/332 738/1078/332
f 734/1219/330 735/1220/331 736/1217/331
f 732/1221/329 733/1222/330 734/1219/330
f 730/1223/328 731/1224/329 732/1221/329
f 826/1225/327 729/1226/328 730/1223/328
f 833/1227/417 728/1228/417 834/1229/417
f 830/1230/418 728/1231/419 726/1232/420
f 722/1233/324 821/1234/325 824/1235/325
f 720/1236/323 721/1237/324 722/1233/324
f 718/1238/322 719/1239/323 720/1236/323
f 716/1240/321 717/1241/322 718/1238/322
f 714/1242/320 715/1243/321 716/1240/321
f 820/1244/319 713/1245/320 714/1242/320
f 835/1084/350 740/1246/421 854/1247/422
f 854/1248/423 739/1249/423 853/1250/423
f 706/1251/348 815/1252/349 818/1253/349
f 704/1254/347 705/1255/348 706/1251/348
f 702/1256/346 703/1257/347 704/1254/347
f 700/1258/345 701/1259/346 702/1256/346
f 698/1260/344 699/1261/345 700/1258/345
f 698/1260/344 813/1262/343 697/1263/344
f 844/1264/424 696/1265/424 843/1266/424
f 831/1267/425 696/1268/426 694/1269/427
f 812/1270/341 689/1271/340 809/1272/341
f 688/1273/339 689/1271/340 690/1274/340
f 686/1275/338 687/1276/339 688/1273/339
f 686/1275/338 683/1277/337 685/1278/338
f 682/1279/336 683/1277/337 684/1280/337
f 807/1281/335 681/1282/336 682/1279/336
f 838/1283/428 739/1284/429 677/1285/430
f 679/1286/431 805/1287/334 806/1288/335
f 680/1289/431 808/1290/334 678/1291/334
f 691/1292/432 810/1293/342 693/1294/342
f 692/1295/432 811/1296/342 812/1270/341
f 695/1297/433 810/1293/342 813/1262/343
f 696/1298/433 811/1296/342 694/1299/342
f 707/1300/434 816/1301/318 709/1302/318
f 708/1303/434 817/1304/318 818/1253/349
f 711/1305/435 816/1306/318 819/1307/319
f 712/1308/435 817/1309/318 710/1310/318
f 723/1311/436 822/1312/326 725/1313/326
f 724/1314/436 823/1315/326 824/1235/325
f 727/1316/437 822/1312/326 825/1317/327
f 728/1318/437 823/1315/326 726/1319/326
f 739/1320/438 805/1287/334 677/1321/334
f 740/1322/438 808/1290/334 828/1080/333
f 740/1322/438 827/1079/333 739/1320/438
f 727/1316/437 826/1225/327 728/1318/437
f 724/1314/436 821/1234/325 723/1311/436
f 711/1305/435 820/1244/319 712/1308/435
f 708/1303/434 815/1252/349 707/1300/434
f 695/1297/433 814/1323/343 696/1298/433
f 692/1295/432 809/1272/341 691/1292/432
f 679/1286/431 807/1281/335 680/1289/431
f 856/1324/439 680/1325/439 855/1326/439
f 838/1283/428 679/1327/440 856/1328/441
f 851/1329/442 862/1330/443 861/1331/443
f 831/1267/425 692/1332/444 836/1333/445
f 845/1334/446 872/1335/443 869/1336/443
f 830/1230/418 724/1337/447 841/1338/448
f 847/1339/449 880/1340/450 881/1341/450
f 849/1342/451 889/1343/450 884/1344/450
f 856/1328/441 898/1345/452 893/1346/452
f 836/1347/453 691/1348/453 837/1349/453
f 853/1350/454 900/1351/452 902/1352/452
f 841/1353/455 723/1354/455 840/1355/455
f 854/1247/422 911/1356/456 913/1357/456
f 855/1358/457 914/1359/456 917/1360/456
f 708/1361/458 842/1362/459 710/1363/460
f 712/1364/461 842/1362/459 847/1339/449
f 712/1365/462 845/1366/462 711/1367/462
f 711/1368/463 839/1369/464 709/1370/465
f 707/1371/466 849/1372/466 708/1373/466
f 707/1374/467 839/1369/464 851/1329/442
f 840/1375/468 846/1376/469 845/1377/470
f 841/1378/471 848/1379/472 830/1380/472
f 843/1381/473 850/1382/474 849/1383/475
f 844/1384/476 852/1385/477 832/1386/477
f 833/1387/478 846/1376/469 829/1388/469
f 834/1389/479 848/1379/472 854/1390/480
f 836/1391/481 850/1382/474 831/1392/474
f 837/1393/482 852/1385/477 856/1394/483
f 837/1395/484 855/1396/484 836/1397/484
f 834/1398/485 853/1399/485 833/1400/485
f 841/1401/486 845/1402/486 847/1403/486
f 844/1404/487 849/1405/487 851/1406/487
f 829/1407/488 727/1408/489 833/1409/490
f 829/1407/488 723/1410/491 725/1411/492
f 832/1412/493 695/1413/494 844/1414/495
f 832/1412/493 691/1415/496 693/1416/497
f 891/1417/498 918/1418/499 908/1419/498
f 894/1420/500 918/1418/499 892/1421/499
f 893/1422/501 920/1423/500 894/1420/500
f 898/1424/502 919/1425/501 893/1422/501
f 895/1426/503 914/1427/502 898/1424/502
f 897/1428/504 917/1429/503 895/1426/503
f 896/1430/505 915/1431/504 897/1428/504
f 890/1432/506 896/1430/505 863/1433/506
f 863/1433/506 888/1434/507 890/1432/506
f 865/1435/508 888/1434/507 864/1436/507
f 887/1437/509 865/1435/508 861/1438/509
f 889/1439/510 861/1438/509 862/1440/510
f 862/1440/510 884/1441/511 889/1439/510
f 860/1442/511 885/1443/512 884/1441/511
f 859/1444/512 883/1445/513 885/1443/512
f 857/1446/513 877/1447/514 883/1445/513
f 858/1448/514 876/1449/515 877/1447/514
f 870/1450/515 874/1451/516 876/1449/515
f 871/1452/516 875/1453/517 874/1451/516
f 869/1454/517 880/1455/518 875/1453/517
f 880/1455/518 867/1456/519 881/1457/519
f 867/1456/519 882/1458/520 881/1457/519
f 868/1459/520 879/1460/521 882/1458/520
f 873/1461/522 879/1460/521 866/1462/521
f 873/1461/522 906/1463/523 878/1464/522
f 899/1465/523 909/1466/524 906/1463/523
f 902/1467/525 909/1466/524 901/1468/524
f 900/1469/526 910/1470/525 902/1467/525
f 903/1471/527 911/1472/526 900/1469/526
f 904/1473/528 913/1474/527 903/1471/527
f 905/1475/529 912/1476/528 904/1473/528
f 905/1475/529 908/1477/498 907/1478/529
f 907/1479/456 908/1480/456 835/1084/350
f 854/1247/422 848/1481/530 909/1482/456
f 848/1481/530 878/1483/531 906/1484/456
f 848/1481/530 906/1484/456 909/1482/456
f 907/1479/456 835/1084/350 912/1485/456
f 835/1084/350 854/1247/422 912/1485/456
f 854/1247/422 909/1482/456 910/1486/456
f 913/1357/456 912/1485/456 854/1247/422
f 854/1247/422 910/1486/456 911/1356/456
f 916/1487/456 890/1488/531 850/1489/530
f 855/1358/457 835/1084/350 920/1490/456
f 835/1084/350 908/1480/456 918/1491/456
f 835/1084/350 918/1491/456 920/1490/456
f 916/1487/456 850/1489/530 915/1492/456
f 850/1489/530 855/1358/457 915/1492/456
f 855/1358/457 920/1490/456 919/1493/456
f 917/1360/456 915/1492/456 855/1358/457
f 855/1358/457 919/1493/456 914/1359/456
f 878/1483/531 848/1481/530 879/1494/450
f 848/1481/530 847/1339/449 882/1495/450
f 879/1494/450 848/1481/530 882/1495/450
f 847/1339/449 842/1362/459 874/1496/450
f 842/1362/459 877/1497/450 876/1498/450
f 842/1362/459 876/1498/450 874/1496/450
f 847/1339/449 874/1496/450 875/1499/450
f 881/1341/450 882/1495/450 847/1339/449
f 847/1339/449 875/1499/450 880/1340/450
f 883/1500/450 877/1497/450 842/1362/459
f 849/1342/451 850/1489/530 886/1501/450
f 850/1489/530 890/1488/531 888/1502/450
f 850/1489/530 888/1502/450 886/1501/450
f 883/1500/450 842/1362/459 885/1503/450
f 842/1362/459 849/1342/451 885/1503/450
f 849/1342/451 886/1501/450 887/1504/450
f 884/1344/450 885/1503/450 849/1342/451
f 849/1342/451 887/1504/450 889/1343/450
f 873/1505/532 846/1506/533 899/1507/452
f 846/1506/533 853/1350/454 901/1508/452
f 899/1507/452 846/1506/533 901/1508/452
f 853/1350/454 838/1283/428 904/1509/452
f 838/1283/428 891/1510/452 905/1511/452
f 838/1283/428 905/1511/452 904/1509/452
f 853/1350/454 904/1509/452 903/1512/452
f 902/1352/452 901/1508/452 853/1350/454
f 853/1350/454 903/1512/452 900/1351/452
f 892/1513/452 891/1510/452 838/1283/428
f 856/1328/441 852/1514/533 897/1515/452
f 852/1514/533 863/1516/532 896/1517/452
f 852/1514/533 896/1517/452 897/1515/452
f 892/1513/452 838/1283/428 894/1518/452
f 838/1283/428 856/1328/441 894/1518/452
f 856/1328/441 897/1515/452 895/1519/452
f 893/1346/452 894/1518/452 856/1328/441
f 856/1328/441 895/1519/452 898/1345/452
f 864/1520/443 863/1516/532 852/1514/533
f 851/1329/442 839/1369/464 859/1521/443
f 839/1369/464 858/1522/443 857/1523/443
f 839/1369/464 857/1523/443 859/1521/443
f 864/1520/443 852/1514/533 865/1524/443
f 852/1514/533 851/1329/442 865/1524/443
f 851/1329/442 859/1521/443 860/1525/443
f 861/1331/443 865/1524/443 851/1329/442
f 851/1329/442 860/1525/443 862/1330/443
f 858/1522/443 839/1369/464 870/1526/443
f 839/1369/464 845/1334/446 871/1527/443
f 870/1526/443 839/1369/464 871/1527/443
f 845/1334/446 846/1506/533 868/1528/443
f 846/1506/533 873/1505/532 866/1529/443
f 846/1506/533 866/1529/443 868/1528/443
f 845/1334/446 868/1528/443 867/1530/443
f 869/1336/443 871/1527/443 845/1334/446
f 845/1334/446 867/1530/443 872/1335/443
f 744/1017/318 743/1020/319 742/1018/319
f 743/1020/319 746/1022/320 745/1021/320
f 746/1022/320 748/1024/321 747/1023/321
f 748/1024/321 750/1026/322 749/1025/322
f 750/1026/322 752/1028/323 751/1027/323
f 752/1028/323 754/1030/324 753/1029/324
f 754/1030/324 756/1032/325 755/1031/325
f 756/1032/325 758/1034/326 757/1033/326
f 758/1034/326 760/1036/327 759/1035/327
f 760/1036/327 762/1038/328 761/1037/328
f 762/1038/328 764/1040/329 763/1039/329
f 764/1040/329 766/1042/330 765/1041/330
f 766/1042/330 768/1044/331 767/1043/331
f 768/1044/331 770/1046/332 769/1045/332
f 770/1046/332 772/1048/333 771/1047/333
f 772/1048/333 774/1531/334 773/1049/334
f 774/1050/334 776/1053/335 775/1051/335
f 776/1053/335 778/1055/336 777/1054/336
f 778/1055/336 780/1057/337 779/1056/337
f 780/1057/337 782/1059/338 781/1058/338
f 782/1059/338 784/1061/339 783/1060/339
f 784/1061/339 786/1063/340 785/1062/340
f 786/1063/340 788/1532/341 787/1064/341
f 787/1064/341 788/1532/341 790/1065/342
f 789/1066/342 790/1065/342 792/1067/343
f 792/1067/343 794/1070/344 793/1069/344
f 794/1070/344 796/1072/345 795/1071/345
f 796/1072/345 798/1074/346 797/1073/346
f 798/1074/346 800/1076/347 799/1075/347
f 800/1076/347 802/1081/348 801/1077/348
f 738/1078/332 737/1218/332 827/1079/333
f 802/1081/348 804/1083/349 803/1082/349
f 804/1083/349 744/1017/318 741/1019/318
f 835/1084/350 855/1358/457 680/1085/351
f 805/1087/353 741/1215/353 742/1088/354
f 807/1090/355 743/1096/355 744/1091/356
f 806/1089/354 742/1088/354 745/1093/357
f 682/1095/358 746/1100/358 743/1096/355
f 681/1094/357 745/1093/357 747/1097/359
f 682/1095/358 684/1104/360 748/1099/360
f 683/1098/359 747/1097/359 749/1101/361
f 686/1103/362 750/1108/362 748/1099/360
f 687/1105/363 685/1102/361 749/1101/361
f 688/1107/364 752/1112/364 750/1108/362
f 687/1105/363 751/1106/363 753/1109/365
f 690/1111/366 754/1116/366 752/1112/364
f 689/1110/365 753/1109/365 755/1113/367
f 690/1111/366 812/1119/368 756/1115/368
f 809/1114/367 755/1113/367 757/1117/369
f 812/1119/368 811/1123/370 758/1120/370
f 810/1118/369 757/1117/369 759/1121/371
f 811/1123/370 814/1128/372 760/1124/372
f 813/1122/371 759/1121/371 761/1125/373
f 698/1127/374 762/1132/374 760/1124/372
f 699/1129/375 697/1126/373 761/1125/373
f 700/1131/376 764/1136/376 762/1132/374
f 699/1129/375 763/1130/375 765/1133/377
f 700/1131/376 702/1140/378 766/1135/378
f 701/1134/377 765/1133/377 767/1137/379
f 704/1139/380 768/1144/380 766/1135/378
f 705/1141/381 703/1138/379 767/1137/379
f 706/1143/382 770/1148/382 768/1144/380
f 705/1141/381 769/1142/381 771/1145/383
f 818/1147/384 772/1152/384 770/1148/382
f 815/1146/383 771/1145/383 773/1149/385
f 818/1147/384 817/1533/386 774/1151/386
f 819/1153/387 816/1534/385 773/1154/385
f 820/1156/388 776/1162/388 774/1157/386
f 713/1159/389 819/1153/387 775/1155/387
f 714/1161/390 778/1166/390 776/1162/388
f 713/1159/389 777/1160/389 779/1163/391
f 714/1161/390 716/1170/392 780/1165/392
f 717/1167/393 715/1164/391 779/1163/391
f 718/1169/394 782/1174/394 780/1165/392
f 719/1171/395 717/1167/393 781/1168/393
f 720/1173/396 784/1178/396 782/1174/394
f 719/1171/395 783/1172/395 785/1175/397
f 722/1177/398 786/1182/398 784/1178/396
f 721/1176/397 785/1175/397 787/1179/399
f 824/1181/400 788/1186/400 786/1182/398
f 822/1183/401 821/1180/399 787/1179/399
f 823/1185/402 790/1190/402 788/1186/400
f 822/1183/401 789/1184/401 791/1187/403
f 826/1189/404 792/1194/404 790/1190/402
f 825/1188/403 791/1187/403 793/1191/405
f 730/1193/406 794/1198/406 792/1194/404
f 731/1195/407 729/1192/405 793/1191/405
f 730/1193/406 732/1202/408 796/1197/408
f 733/1199/409 731/1195/407 795/1196/407
f 734/1201/410 798/1206/410 796/1197/408
f 735/1203/411 733/1199/409 797/1200/409
f 734/1201/410 736/1210/412 800/1205/412
f 737/1207/413 735/1203/411 799/1204/411
f 738/1209/414 802/1214/414 800/1205/412
f 737/1207/413 801/1208/413 803/1211/415
f 828/1213/416 804/1216/416 802/1214/414
f 827/1212/415 803/1211/415 741/1215/353
f 828/1213/416 808/1092/356 744/1091/356
f 736/1217/331 735/1220/331 737/1218/332
f 734/1219/330 733/1222/330 735/1220/331
f 732/1221/329 731/1224/329 733/1222/330
f 730/1223/328 729/1226/328 731/1224/329
f 826/1225/327 825/1317/327 729/1226/328
f 833/1227/417 727/1535/417 728/1228/417
f 830/1230/418 834/1536/534 728/1231/419
f 722/1233/324 721/1237/324 821/1234/325
f 720/1236/323 719/1239/323 721/1237/324
f 718/1238/322 717/1241/322 719/1239/323
f 716/1240/321 715/1243/321 717/1241/322
f 714/1242/320 713/1245/320 715/1243/321
f 820/1244/319 819/1307/319 713/1245/320
f 835/1084/350 678/1086/352 740/1246/421
f 854/1248/423 740/1537/423 739/1249/423
f 706/1251/348 705/1255/348 815/1252/349
f 704/1254/347 703/1257/347 705/1255/348
f 702/1256/346 701/1259/346 703/1257/347
f 700/1258/345 699/1261/345 701/1259/346
f 698/1260/344 697/1263/344 699/1261/345
f 698/1260/344 814/1323/343 813/1262/343
f 844/1264/424 695/1538/424 696/1265/424
f 831/1267/425 843/1539/535 696/1268/426
f 812/1270/341 690/1274/340 689/1271/340
f 688/1273/339 687/1276/339 689/1271/340
f 686/1275/338 685/1278/338 687/1276/339
f 686/1275/338 684/1280/337 683/1277/337
f 682/1279/336 681/1282/336 683/1277/337
f 807/1281/335 806/1288/335 681/1282/336
f 838/1283/428 853/1350/454 739/1284/429
f 679/1286/431 677/1321/334 805/1287/334
f 680/1289/431 807/1281/335 808/1290/334
f 691/1292/432 809/1272/341 810/1293/342
f 692/1295/432 694/1299/342 811/1296/342
f 695/1297/433 693/1294/342 810/1293/342
f 696/1298/433 814/1323/343 811/1296/342
f 707/1300/434 815/1252/349 816/1301/318
f 708/1303/434 710/1540/318 817/1304/318
f 711/1305/435 709/1541/318 816/1306/318
f 712/1308/435 820/1244/319 817/1309/318
f 723/1311/436 821/1234/325 822/1312/326
f 724/1314/436 726/1319/326 823/1315/326
f 727/1316/437 725/1313/326 822/1312/326
f 728/1318/437 826/1225/327 823/1315/326
f 739/1320/438 827/1079/333 805/1287/334
f 740/1322/438 678/1291/334 808/1290/334
f 740/1322/438 828/1080/333 827/1079/333
f 727/1316/437 825/1317/327 826/1225/327
f 724/1314/436 824/1235/325 821/1234/325
f 711/1305/435 819/1307/319 820/1244/319
f 708/1303/434 818/1253/349 815/1252/349
f 695/1297/433 813/1262/343 814/1323/343
f 692/1295/432 812/1270/341 809/1272/341
f 679/1286/431 806/1288/335 807/1281/335
f 856/1324/439 679/1542/439 680/1325/439
f 838/1283/428 677/1285/430 679/1327/440
f 831/1267/425 694/1269/427 692/1332/444
f 830/1230/418 726/1232/420 724/1337/447
f 836/1347/453 692/1543/453 691/1348/453
f 841/1353/455 724/1544/455 723/1354/455
f 708/1361/458 849/1342/451 842/1362/459
f 712/1364/461 710/1363/460 842/1362/459
f 712/1365/462 847/1545/462 845/1366/462
f 711/1368/463 845/1334/446 839/1369/464
f 707/1371/466 851/1546/466 849/1372/466
f 707/1374/467 709/1370/465 839/1369/464
f 840/1375/468 829/1388/469 846/1376/469
f 841/1378/471 847/1547/536 848/1379/472
f 843/1381/473 831/1392/474 850/1382/474
f 844/1384/476 851/1548/537 852/1385/477
f 833/1387/478 853/1549/538 846/1376/469
f 834/1389/479 830/1380/472 848/1379/472
f 836/1391/481 855/1550/539 850/1382/474
f 837/1393/482 832/1386/477 852/1385/477
f 837/1395/484 856/1551/484 855/1396/484
f 834/1398/485 854/1552/485 853/1399/485
f 841/1401/486 840/1553/486 845/1402/486
f 844/1404/487 843/1554/487 849/1405/487
f 829/1407/488 725/1411/492 727/1408/489
f 829/1407/488 840/1555/540 723/1410/491
f 832/1412/493 693/1416/497 695/1413/494
f 832/1412/493 837/1556/541 691/1415/496
f 891/1417/498 892/1421/499 918/1418/499
f 894/1420/500 920/1423/500 918/1418/499
f 893/1422/501 919/1425/501 920/1423/500
f 898/1424/502 914/1427/502 919/1425/501
f 895/1426/503 917/1429/503 914/1427/502
f 897/1428/504 915/1431/504 917/1429/503
f 896/1430/505 916/1557/505 915/1431/504
f 890/1432/506 916/1557/505 896/1430/505
f 863/1433/506 864/1436/507 888/1434/507
f 865/1435/508 886/1558/508 888/1434/507
f 887/1437/509 886/1558/508 865/1435/508
f 889/1439/510 887/1437/509 861/1438/509
f 862/1440/510 860/1442/511 884/1441/511
f 860/1442/511 859/1444/512 885/1443/512
f 859/1444/512 857/1446/513 883/1445/513
f 857/1446/513 858/1448/514 877/1447/514
f 858/1448/514 870/1450/515 876/1449/515
f 870/1450/515 871/1452/516 874/1451/516
f 871/1452/516 869/1454/517 875/1453/517
f 869/1454/517 872/1559/518 880/1455/518
f 880/1455/518 872/1559/518 867/1456/519
f 867/1456/519 868/1459/520 882/1458/520
f 868/1459/520 866/1462/521 879/1460/521
f 873/1461/522 878/1464/522 879/1460/521
f 873/1461/522 899/1465/523 906/1463/523
f 899/1465/523 901/1468/524 909/1466/524
f 902/1467/525 910/1470/525 909/1466/524
f 900/1469/526 911/1472/526 910/1470/525
f 903/1471/527 913/1474/527 911/1472/526
f 904/1473/528 912/1476/528 913/1474/527
f 905/1475/529 907/1478/529 912/1476/528
f 905/1475/529 891/1560/498 908/1477/498
f 988/1017/318 985/1019/318 986/1018/319
f 987/1020/319 986/1018/319 989/1021/320
f 990/1022/320 989/1021/320 991/1023/321
f 992/1024/321 991/1023/321 993/1025/322
f 994/1026/322 993/1025/322 995/1027/323
f 996/1028/323 995/1027/323 997/1029/324
f 998/1030/324 997/1029/324 999/1031/325
f 1000/1032/325 999/1031/325 1001/1033/326
f 1002/1034/326 1001/1033/326 1003/1035/327
f 1004/1036/327 1003/1035/327 1005/1037/328
f 1006/1038/328 1005/1037/328 1007/1039/329
f 1008/1040/329 1007/1039/329 1009/1041/330
f 1010/1042/330 1009/1041/330 1011/1043/331
f 1012/1044/331 1011/1043/331 1013/1045/332
f 1014/1046/332 1013/1045/332 1015/1047/333
f 1016/1048/333 1015/1047/333 1017/1049/334
f 1018/1050/334 1017/1052/334 1019/1051/335
f 1020/1053/335 1019/1051/335 1021/1054/336
f 1022/1055/336 1021/1054/336 1023/1056/337
f 1024/1057/337 1023/1056/337 1025/1058/338
f 1026/1059/338 1025/1058/338 1027/1060/339
f 1028/1061/339 1027/1060/339 1029/1062/340
f 1030/1063/340 1029/1062/340 1031/1064/341
f 1031/1064/341 1033/1066/342 1034/1065/342
f 1033/1066/342 1035/1068/343 1036/1067/343
f 1036/1067/343 1035/1068/343 1037/1069/344
f 1038/1070/344 1037/1069/344 1039/1071/345
f 1040/1072/345 1039/1071/345 1041/1073/346
f 1042/1074/346 1041/1073/346 1043/1075/347
f 1044/1076/347 1043/1075/347 1045/1077/348
f 982/1078/332 1072/1080/333 1071/1079/333
f 1046/1081/348 1045/1077/348 1047/1082/349
f 1048/1083/349 1047/1082/349 985/1019/318
f 1079/1084/428 922/1086/430 924/1085/542
f 1049/1087/356 1050/1089/355 986/1088/355
f 1051/1090/354 1052/1092/353 988/1091/353
f 1050/1089/355 925/1094/358 989/1093/358
f 926/1095/357 1051/1090/354 987/1096/354
f 925/1094/358 927/1098/360 991/1097/360
f 926/1095/357 990/1100/357 992/1099/359
f 927/1098/360 929/1102/362 993/1101/362
f 930/1103/361 928/1104/359 992/1099/359
f 931/1105/364 995/1106/364 993/1101/362
f 932/1107/363 930/1103/361 994/1108/361
f 931/1105/364 933/1110/366 997/1109/366
f 934/1111/365 932/1107/363 996/1112/363
f 933/1110/366 1053/1114/368 999/1113/368
f 934/1111/365 998/1116/365 1000/1115/367
f 1053/1114/368 1054/1118/370 1001/1117/370
f 1056/1119/367 1000/1115/367 1002/1120/369
f 1054/1118/370 1057/1122/372 1003/1121/372
f 1055/1123/369 1002/1120/369 1004/1124/371
f 1057/1122/372 941/1126/374 1005/1125/374
f 942/1127/373 1058/1128/371 1004/1124/371
f 943/1129/376 1007/1130/376 1005/1125/374
f 944/1131/375 942/1127/373 1006/1132/373
f 943/1129/376 945/1134/378 1009/1133/378
f 944/1131/375 1008/1136/375 1010/1135/377
f 945/1134/378 947/1138/380 1011/1137/380
f 948/1139/379 946/1140/377 1010/1135/377
f 949/1141/382 1013/1142/382 1011/1137/380
f 950/1143/381 948/1139/379 1012/1144/379
f 949/1141/382 1059/1146/384 1015/1145/384
f 1062/1147/383 950/1143/381 1014/1148/381
f 1059/1146/384 1060/1150/386 1017/1149/386
f 1062/1147/383 1016/1152/383 1018/1151/385
f 1063/1153/388 1019/1155/388 1017/1154/386
f 1064/1156/387 1061/1158/385 1018/1157/385
f 957/1159/390 1021/1160/390 1019/1155/388
f 958/1161/389 1064/1156/387 1020/1162/387
f 957/1159/390 959/1164/392 1023/1163/392
f 958/1161/389 1022/1166/389 1024/1165/391
f 961/1167/394 1025/1168/394 1023/1163/392
f 962/1169/393 960/1170/391 1024/1165/391
f 963/1171/396 1027/1172/396 1025/1168/394
f 964/1173/395 962/1169/393 1026/1174/393
f 963/1171/396 965/1176/398 1029/1175/398
f 966/1177/397 964/1173/395 1028/1178/395
f 965/1176/398 1065/1180/400 1031/1179/400
f 1068/1181/399 966/1177/397 1030/1182/397
f 1066/1183/402 1033/1184/402 1031/1179/400
f 1067/1185/401 1068/1181/399 1032/1186/399
f 1066/1183/402 1069/1188/404 1035/1187/404
f 1070/1189/403 1067/1185/401 1034/1190/401
f 1069/1188/404 973/1192/406 1037/1191/406
f 974/1193/405 1070/1189/403 1036/1194/403
f 975/1195/408 1039/1196/408 1037/1191/406
f 974/1193/405 1038/1198/405 1040/1197/407
f 977/1199/410 1041/1200/410 1039/1196/408
f 978/1201/409 976/1202/407 1040/1197/407
f 979/1203/412 1043/1204/412 1041/1200/410
f 978/1201/409 1042/1206/409 1044/1205/411
f 981/1207/414 1045/1208/414 1043/1204/412
f 982/1209/413 980/1210/411 1044/1205/411
f 981/1207/414 1071/1212/416 1047/1211/416
f 1072/1213/415 982/1209/413 1046/1214/413
f 1071/1212/416 1049/1087/356 985/1215/356
f 1072/1213/415 1048/1216/415 988/1091/353
f 980/1217/331 982/1078/332 981/1218/332
f 978/1219/330 980/1217/331 979/1220/331
f 976/1221/329 978/1219/330 977/1222/330
f 974/1223/328 976/1221/329 975/1224/329
f 1070/1225/327 974/1223/328 973/1226/328
f 1077/1227/417 1078/1229/417 972/1228/417
f 1074/1230/543 970/1232/492 972/1231/544
f 966/1233/324 1068/1235/325 1065/1234/325
f 964/1236/323 966/1233/324 965/1237/324
f 962/1238/322 964/1236/323 963/1239/323
f 960/1240/321 962/1238/322 961/1241/322
f 958/1242/320 960/1240/321 959/1243/321
f 1064/1244/319 958/1242/320 957/1245/320
f 1079/1084/428 1098/1247/454 984/1246/545
f 1098/1248/423 1097/1250/423 983/1249/423
f 950/1251/348 1062/1253/349 1059/1252/349
f 948/1254/347 950/1251/348 949/1255/348
f 946/1256/346 948/1254/347 947/1257/347
f 944/1258/345 946/1256/346 945/1259/346
f 942/1260/344 944/1258/345 943/1261/345
f 942/1260/344 941/1263/344 1057/1262/343
f 1088/1264/424 1087/1266/424 940/1265/424
f 1075/1267/493 938/1269/546 940/1268/494
f 1056/1270/341 1053/1272/341 933/1271/340
f 932/1273/339 934/1274/340 933/1271/340
f 930/1275/338 932/1273/339 931/1276/339
f 930/1275/338 929/1278/338 927/1277/337
f 926/1279/336 928/1280/337 927/1277/337
f 1051/1281/335 926/1279/336 925/1282/336
f 1082/1283/350 921/1285/352 983/1284/547
f 923/1286/431 1050/1288/335 1049/1287/334
f 924/1289/431 922/1291/334 1052/1290/334
f 935/1292/432 937/1294/342 1054/1293/342
f 936/1295/432 1056/1270/341 1055/1296/342
f 939/1297/433 1057/1262/343 1054/1293/342
f 940/1298/433 938/1299/342 1055/1296/342
f 951/1300/434 953/1302/318 1060/1301/318
f 952/1303/434 1062/1253/349 1061/1304/318
f 955/1305/435 1063/1307/319 1060/1306/318
f 956/1308/435 954/1310/318 1061/1309/318
f 967/1311/436 969/1313/326 1066/1312/326
f 968/1314/436 1068/1235/325 1067/1315/326
f 971/1316/437 1069/1317/327 1066/1312/326
f 972/1318/437 970/1319/326 1067/1315/326
f 983/1320/438 921/1321/334 1049/1287/334
f 984/1322/438 1072/1080/333 1052/1290/334
f 984/1322/438 983/1320/438 1071/1079/333
f 971/1316/437 972/1318/437 1070/1225/327
f 968/1314/436 967/1311/436 1065/1234/325
f 955/1305/435 956/1308/435 1064/1244/319
f 952/1303/434 951/1300/434 1059/1252/349
f 939/1297/433 940/1298/433 1058/1323/343
f 936/1295/432 935/1292/432 1053/1272/341
f 923/1286/431 924/1289/431 1051/1281/335
f 1100/1324/439 1099/1326/439 924/1325/439
f 1082/1283/350 1100/1328/548 923/1327/549
f 1095/1329/451 1105/1331/450 1106/1330/450
f 1075/1267/493 1080/1333/541 936/1332/550
f 1089/1334/449 1113/1336/450 1116/1335/450
f 1074/1230/543 1085/1338/551 968/1337/552
f 1091/1339/446 1125/1341/443 1124/1340/443
f 1093/1342/442 1128/1344/443 1133/1343/443
f 1100/1328/548 1137/1346/456 1142/1345/456
f 1080/1347/453 1081/1349/453 935/1348/453
f 1097/1350/553 1146/1352/456 1144/1351/456
f 1085/1353/455 1084/1355/455 967/1354/455
f 1098/1247/454 1157/1357/452 1155/1356/452
f 1099/1358/554 1161/1360/452 1158/1359/452
f 952/1361/555 954/1363/465 1086/1362/464
f 956/1364/556 1091/1339/446 1086/1362/464
f 956/1365/462 955/1367/462 1089/1366/462
f 955/1368/557 953/1370/460 1083/1369/459
f 951/1371/466 952/1373/466 1093/1372/466
f 951/1374/558 1095/1329/451 1083/1369/459
f 1084/1375/536 1089/1377/536 1090/1376/472
f 1085/1378/559 1074/1380/469 1092/1379/469
f 1087/1381/537 1093/1383/537 1094/1382/477
f 1088/1384/560 1076/1386/474 1096/1385/474
f 1077/1387/561 1073/1388/472 1090/1376/472
f 1078/1389/538 1098/1390/538 1092/1379/469
f 1080/1391/562 1075/1392/477 1094/1382/477
f 1081/1393/539 1100/1394/539 1096/1385/474
f 1081/1395/484 1080/1397/484 1099/1396/484
f 1078/1398/485 1077/1400/485 1097/1399/485
f 1085/1401/486 1091/1403/486 1089/1402/486
f 1088/1404/487 1095/1406/487 1093/1405/487
f 1073/1407/563 1077/1409/534 971/1408/564
f 1073/1407/563 969/1411/420 967/1410/565
f 1076/1412/425 1088/1414/566 939/1413/426
f 1076/1412/425 937/1416/567 935/1415/568
f 1135/1417/498 1152/1419/498 1162/1418/499
f 1138/1420/500 1136/1421/499 1162/1418/499
f 1137/1422/501 1138/1420/500 1164/1423/500
f 1142/1424/502 1137/1422/501 1163/1425/501
f 1139/1426/503 1142/1424/502 1158/1427/502
f 1141/1428/504 1139/1426/503 1161/1429/503
f 1140/1430/505 1141/1428/504 1159/1431/504
f 1134/1432/506 1107/1433/506 1140/1430/505
f 1107/1433/506 1134/1432/506 1132/1434/507
f 1109/1435/508 1108/1436/507 1132/1434/507
f 1131/1437/509 1105/1438/509 1109/1435/508
f 1133/1439/510 1106/1440/510 1105/1438/509
f 1106/1440/510 1133/1439/510 1128/1441/511
f 1104/1442/511 1128/1441/511 1129/1443/512
f 1103/1444/512 1129/1443/512 1127/1445/513
f 1101/1446/513 1127/1445/513 1121/1447/514
f 1102/1448/514 1121/1447/514 1120/1449/515
f 1114/1450/515 1120/1449/515 1118/1451/516
f 1115/1452/516 1118/1451/516 1119/1453/517
f 1113/1454/517 1119/1453/517 1124/1455/518
f 1124/1455/518 1125/1457/519 1111/1456/519
f 1111/1456/519 1125/1457/519 1126/1458/520
f 1112/1459/520 1126/1458/520 1123/1460/521
f 1117/1461/522 1110/1462/521 1123/1460/521
f 1117/1461/522 1122/1464/522 1150/1463/523
f 1143/1465/523 1150/1463/523 1153/1466/524
f 1146/1467/525 1145/1468/524 1153/1466/524
f 1144/1469/526 1146/1467/525 1154/1470/525
f 1147/1471/527 1144/1469/526 1155/1472/526
f 1148/1473/528 1147/1471/527 1157/1474/527
f 1149/1475/529 1148/1473/528 1156/1476/528
f 1149/1475/529 1151/1478/529 1152/1477/498
f 1151/1479/452 1079/1084/428 1152/1480/452
f 1098/1247/454 1153/1482/452 1092/1481/533
f 1092/1481/533 1150/1484/452 1122/1483/532
f 1092/1481/533 1153/1482/452 1150/1484/452
f 1151/1479/452 1156/1485/452 1079/1084/428
f 1079/1084/428 1156/1485/452 1098/1247/454
f 1098/1247/454 1154/1486/452 1153/1482/452
f 1157/1357/452 1098/1247/454 1156/1485/452
f 1098/1247/454 1155/1356/452 1154/1486/452
f 1160/1487/452 1094/1489/533 1134/1488/532
f 1099/1358/554 1164/1490/452 1079/1084/428
f 1079/1084/428 1162/1491/452 1152/1480/452
f 1079/1084/428 1164/1490/452 1162/1491/452
f 1160/1487/452 1159/1492/452 1094/1489/533
f 1094/1489/533 1159/1492/452 1099/1358/554
f 1099/1358/554 1163/1493/452 1164/1490/452
f 1161/1360/452 1099/1358/554 1159/1492/452
f 1099/1358/554 1158/1359/452 1163/1493/452
f 1122/1483/532 1123/1494/443 1092/1481/533
f 1092/1481/533 1126/1495/443 1091/1339/446
f 1123/1494/443 1126/1495/443 1092/1481/533
f 1091/1339/446 1118/1496/443 1086/1362/464
f 1086/1362/464 1120/1498/443 1121/1497/443
f 1086/1362/464 1118/1496/443 1120/1498/443
f 1091/1339/446 1119/1499/443 1118/1496/443
f 1125/1341/443 1091/1339/446 1126/1495/443
f 1091/1339/446 1124/1340/443 1119/1499/443
f 1127/1500/443 1086/1362/464 1121/1497/443
f 1093/1342/442 1130/1501/443 1094/1489/533
f 1094/1489/533 1132/1502/569 1134/1488/532
f 1094/1489/533 1130/1501/443 1132/1502/569
f 1127/1500/443 1129/1503/443 1086/1362/464
f 1086/1362/464 1129/1503/443 1093/1342/442
f 1093/1342/442 1131/1504/443 1130/1501/443
f 1128/1344/443 1093/1342/442 1129/1503/443
f 1093/1342/442 1133/1343/443 1131/1504/443
f 1117/1505/531 1143/1507/456 1090/1506/530
f 1090/1506/530 1145/1508/456 1097/1350/553
f 1143/1507/456 1145/1508/456 1090/1506/530
f 1097/1350/553 1148/1509/456 1082/1283/350
f 1082/1283/350 1149/1511/456 1135/1510/456
f 1082/1283/350 1148/1509/456 1149/1511/456
f 1097/1350/553 1147/1512/456 1148/1509/456
f 1146/1352/456 1097/1350/553 1145/1508/456
f 1097/1350/553 1144/1351/456 1147/1512/456
f 1136/1513/570 1082/1283/350 1135/1510/456
f 1100/1328/548 1141/1515/456 1096/1514/530
f 1096/1514/530 1140/1517/456 1107/1516/531
f 1096/1514/530 1141/1515/456 1140/1517/456
f 1136/1513/570 1138/1518/456 1082/1283/350
f 1082/1283/350 1138/1518/456 1100/1328/548
f 1100/1328/548 1139/1519/456 1141/1515/456
f 1137/1346/456 1100/1328/548 1138/1518/456
f 1100/1328/548 1142/1345/456 1139/1519/456
f 1108/1520/450 1096/1514/530 1107/1516/531
f 1095/1329/451 1103/1521/450 1083/1369/459
f 1083/1369/459 1101/1523/450 1102/1522/450
f 1083/1369/459 1103/1521/450 1101/1523/450
f 1108/1520/450 1109/1524/450 1096/1514/530
f 1096/1514/530 1109/1524/450 1095/1329/451
f 1095/1329/451 1104/1525/450 1103/1521/450
f 1105/1331/450 1095/1329/451 1109/1524/450
f 1095/1329/451 1106/1330/450 1104/1525/450
f 1102/1522/450 1114/1526/571 1083/1369/459
f 1083/1369/459 1115/1527/450 1089/1334/449
f 1114/1526/571 1115/1527/450 1083/1369/459
f 1089/1334/449 1112/1528/450 1090/1506/530
f 1090/1506/530 1110/1529/450 1117/1505/531
f 1090/1506/530 1112/1528/450 1110/1529/450
f 1089/1334/449 1111/1530/450 1112/1528/450
f 1113/1336/450 1089/1334/449 1115/1527/450
f 1089/1334/449 1116/1335/450 1111/1530/450
f 988/1017/318 986/1018/319 987/1020/319
f 987/1020/319 989/1021/320 990/1022/320
f 990/1022/320 991/1023/321 992/1024/321
f 992/1024/321 993/1025/322 994/1026/322
f 994/1026/322 995/1027/323 996/1028/323
f 996/1028/323 997/1029/324 998/1030/324
f 998/1030/324 999/1031/325 1000/1032/325
f 1000/1032/325 1001/1033/326 1002/1034/326
f 1002/1034/326 1003/1035/327 1004/1036/327
f 1004/1036/327 1005/1037/328 1006/1038/328
f 1006/1038/328 1007/1039/329 1008/1040/329
f 1008/1040/329 1009/1041/330 1010/1042/330
f 1010/1042/330 1011/1043/331 1012/1044/331
f 1012/1044/331 1013/1045/332 1014/1046/332
f 1014/1046/332 1015/1047/333 1016/1048/333
f 1016/1048/333 1017/1049/334 1018/1531/334
f 1018/1050/334 1019/1051/335 1020/1053/335
f 1020/1053/335 1021/1054/336 1022/1055/336
f 1022/1055/336 1023/1056/337 1024/1057/337
f 1024/1057/337 1025/1058/338 1026/1059/338
f 1026/1059/338 1027/1060/339 1028/1061/339
f 1028/1061/339 1029/1062/340 1030/1063/340
f 1030/1063/340 1031/1064/341 1032/1532/341
f 1031/1064/341 1034/1065/342 1032/1532/341
f 1033/1066/342 1036/1067/343 1034/1065/342
f 1036/1067/343 1037/1069/344 1038/1070/344
f 1038/1070/344 1039/1071/345 1040/1072/345
f 1040/1072/345 1041/1073/346 1042/1074/346
f 1042/1074/346 1043/1075/347 1044/1076/347
f 1044/1076/347 1045/1077/348 1046/1081/348
f 982/1078/332 1071/1079/333 981/1218/332
f 1046/1081/348 1047/1082/349 1048/1083/349
f 1048/1083/349 985/1019/318 988/1017/318
f 1079/1084/428 924/1085/542 1099/1358/554
f 1049/1087/356 986/1088/355 985/1215/356
f 1051/1090/354 988/1091/353 987/1096/354
f 1050/1089/355 989/1093/358 986/1088/355
f 926/1095/357 987/1096/354 990/1100/357
f 925/1094/358 991/1097/360 989/1093/358
f 926/1095/357 992/1099/359 928/1104/359
f 927/1098/360 993/1101/362 991/1097/360
f 930/1103/361 992/1099/359 994/1108/361
f 931/1105/364 993/1101/362 929/1102/362
f 932/1107/363 994/1108/361 996/1112/363
f 931/1105/364 997/1109/366 995/1106/364
f 934/1111/365 996/1112/363 998/1116/365
f 933/1110/366 999/1113/368 997/1109/366
f 934/1111/365 1000/1115/367 1056/1119/367
f 1053/1114/368 1001/1117/370 999/1113/368
f 1056/1119/367 1002/1120/369 1055/1123/369
f 1054/1118/370 1003/1121/372 1001/1117/370
f 1055/1123/369 1004/1124/371 1058/1128/371
f 1057/1122/372 1005/1125/374 1003/1121/372
f 942/1127/373 1004/1124/371 1006/1132/373
f 943/1129/376 1005/1125/374 941/1126/374
f 944/1131/375 1006/1132/373 1008/1136/375
f 943/1129/376 1009/1133/378 1007/1130/376
f 944/1131/375 1010/1135/377 946/1140/377
f 945/1134/378 1011/1137/380 1009/1133/378
f 948/1139/379 1010/1135/377 1012/1144/379
f 949/1141/382 1011/1137/380 947/1138/380
f 950/1143/381 1012/1144/379 1014/1148/381
f 949/1141/382 1015/1145/384 1013/1142/382
f 1062/1147/383 1014/1148/381 1016/1152/383
f 1059/1146/384 1017/1149/386 1015/1145/384
f 1062/1147/383 1018/1151/385 1061/1533/385
f 1063/1153/388 1017/1154/386 1060/1534/386
f 1064/1156/387 1018/1157/385 1020/1162/387
f 957/1159/390 1019/1155/388 1063/1153/388
f 958/1161/389 1020/1162/387 1022/1166/389
f 957/1159/390 1023/1163/392 1021/1160/390
f 958/1161/389 1024/1165/391 960/1170/391
f 961/1167/394 1023/1163/392 959/1164/392
f 962/1169/393 1024/1165/391 1026/1174/393
f 963/1171/396 1025/1168/394 961/1167/394
f 964/1173/395 1026/1174/393 1028/1178/395
f 963/1171/396 1029/1175/398 1027/1172/396
f 966/1177/397 1028/1178/395 1030/1182/397
f 965/1176/398 1031/1179/400 1029/1175/398
f 1068/1181/399 1030/1182/397 1032/1186/399
f 1066/1183/402 1031/1179/400 1065/1180/400
f 1067/1185/401 1032/1186/399 1034/1190/401
f 1066/1183/402 1035/1187/404 1033/1184/402
f 1070/1189/403 1034/1190/401 1036/1194/403
f 1069/1188/404 1037/1191/406 1035/1187/404
f 974/1193/405 1036/1194/403 1038/1198/405
f 975/1195/408 1037/1191/406 973/1192/406
f 974/1193/405 1040/1197/407 976/1202/407
f 977/1199/410 1039/1196/408 975/1195/408
f 978/1201/409 1040/1197/407 1042/1206/409
f 979/1203/412 1041/1200/410 977/1199/410
f 978/1201/409 1044/1205/411 980/1210/411
f 981/1207/414 1043/1204/412 979/1203/412
f 982/1209/413 1044/1205/411 1046/1214/413
f 981/1207/414 1047/1211/416 1045/1208/414
f 1072/1213/415 1046/1214/413 1048/1216/415
f 1071/1212/416 985/1215/356 1047/1211/416
f 1072/1213/415 988/1091/353 1052/1092/353
f 980/1217/331 981/1218/332 979/1220/331
f 978/1219/330 979/1220/331 977/1222/330
f 976/1221/329 977/1222/330 975/1224/329
f 974/1223/328 975/1224/329 973/1226/328
f 1070/1225/327 973/1226/328 1069/1317/327
f 1077/1227/417 972/1228/417 971/1535/417
f 1074/1230/543 972/1231/544 1078/1536/490
f 966/1233/324 1065/1234/325 965/1237/324
f 964/1236/323 965/1237/324 963/1239/323
f 962/1238/322 963/1239/323 961/1241/322
f 960/1240/321 961/1241/322 959/1243/321
f 958/1242/320 959/1243/321 957/1245/320
f 1064/1244/319 957/1245/320 1063/1307/319
f 1079/1084/428 984/1246/545 922/1086/430
f 1098/1248/423 983/1249/423 984/1537/423
f 950/1251/348 1059/1252/349 949/1255/348
f 948/1254/347 949/1255/348 947/1257/347
f 946/1256/346 947/1257/347 945/1259/346
f 944/1258/345 945/1259/346 943/1261/345
f 942/1260/344 943/1261/345 941/1263/344
f 942/1260/344 1057/1262/343 1058/1323/343
f 1088/1264/424 940/1265/424 939/1538/424
f 1075/1267/493 940/1268/494 1087/1539/572
f 1056/1270/341 933/1271/340 934/1274/340
f 932/1273/339 933/1271/340 931/1276/339
f 930/1275/338 931/1276/339 929/1278/338
f 930/1275/338 927/1277/337 928/1280/337
f 926/1279/336 927/1277/337 925/1282/336
f 1051/1281/335 925/1282/336 1050/1288/335
f 1082/1283/350 983/1284/547 1097/1350/553
f 923/1286/431 1049/1287/334 921/1321/334
f 924/1289/431 1052/1290/334 1051/1281/335
f 935/1292/432 1054/1293/342 1053/1272/341
f 936/1295/432 1055/1296/342 938/1299/342
f 939/1297/433 1054/1293/342 937/1294/342
f 940/1298/433 1055/1296/342 1058/1323/343
f 951/1300/434 1060/1301/318 1059/1252/349
f 952/1303/434 1061/1304/318 954/1540/318
f 955/1305/435 1060/1306/318 953/1541/318
f 956/1308/435 1061/1309/318 1064/1244/319
f 967/1311/436 1066/1312/326 1065/1234/325
f 968/1314/436 1067/1315/326 970/1319/326
f 971/1316/437 1066/1312/326 969/1313/326
f 972/1318/437 1067/1315/326 1070/1225/327
f 983/1320/438 1049/1287/334 1071/1079/333
f 984/1322/438 1052/1290/334 922/1291/334
f 984/1322/438 1071/1079/333 1072/1080/333
f 971/1316/437 1070/1225/327 1069/1317/327
f 968/1314/436 1065/1234/325 1068/1235/325
f 955/1305/435 1064/1244/319 1063/1307/319
f 952/1303/434 1059/1252/349 1062/1253/349
f 939/1297/433 1058/1323/343 1057/1262/343
f 936/1295/432 1053/1272/341 1056/1270/341
f 923/1286/431 1051/1281/335 1050/1288/335
f 1100/1324/439 924/1325/439 923/1542/439
f 1082/1283/350 923/1327/549 921/1285/352
f 1075/1267/493 936/1332/550 938/1269/546
f 1074/1230/543 968/1337/552 970/1232/492
f 1080/1347/453 935/1348/453 936/1543/453
f 1085/1353/455 967/1354/455 968/1544/455
f 952/1361/555 1086/1362/464 1093/1342/442
f 956/1364/556 1086/1362/464 954/1363/465
f 956/1365/462 1089/1366/462 1091/1545/462
f 955/1368/557 1083/1369/459 1089/1334/449
f 951/1371/466 1093/1372/466 1095/1546/466
f 951/1374/558 1083/1369/459 953/1370/460
f 1084/1375/536 1090/1376/472 1073/1388/472
f 1085/1378/559 1092/1379/469 1091/1547/470
f 1087/1381/537 1094/1382/477 1075/1392/477
f 1088/1384/560 1096/1385/474 1095/1548/560
f 1077/1387/561 1090/1376/472 1097/1549/561
f 1078/1389/538 1092/1379/469 1074/1380/469
f 1080/1391/562 1094/1382/477 1099/1550/483
f 1081/1393/539 1096/1385/474 1076/1386/474
f 1081/1395/484 1099/1396/484 1100/1551/484
f 1078/1398/485 1097/1399/485 1098/1552/485
f 1085/1401/486 1089/1402/486 1084/1553/486
f 1088/1404/487 1093/1405/487 1087/1554/487
f 1073/1407/563 971/1408/564 969/1411/420
f 1073/1407/563 967/1410/565 1084/1555/448
f 1076/1412/425 939/1413/426 937/1416/567
f 1076/1412/425 935/1415/568 1081/1556/445
f 1135/1417/498 1162/1418/499 1136/1421/499
f 1138/1420/500 1162/1418/499 1164/1423/500
f 1137/1422/501 1164/1423/500 1163/1425/501
f 1142/1424/502 1163/1425/501 1158/1427/502
f 1139/1426/503 1158/1427/502 1161/1429/503
f 1141/1428/504 1161/1429/503 1159/1431/504
f 1140/1430/505 1159/1431/504 1160/1557/505
f 1134/1432/506 1140/1430/505 1160/1557/505
f 1107/1433/506 1132/1434/507 1108/1436/507
f 1109/1435/508 1132/1434/507 1130/1558/508
f 1131/1437/509 1109/1435/508 1130/1558/508
f 1133/1439/510 1105/1438/509 1131/1437/509
f 1106/1440/510 1128/1441/511 1104/1442/511
f 1104/1442/511 1129/1443/512 1103/1444/512
f 1103/1444/512 1127/1445/513 1101/1446/513
f 1101/1446/513 1121/1447/514 1102/1448/514
f 1102/1448/514 1120/1449/515 1114/1450/515
f 1114/1450/515 1118/1451/516 1115/1452/516
f 1115/1452/516 1119/1453/517 1113/1454/517
f 1113/1454/517 1124/1455/518 1116/1559/518
f 1124/1455/518 1111/1456/519 1116/1559/518
f 1111/1456/519 1126/1458/520 1112/1459/520
f 1112/1459/520 1123/1460/521 1110/1462/521
f 1117/1461/522 1123/1460/521 1122/1464/522
f 1117/1461/522 1150/1463/523 1143/1465/523
f 1143/1465/523 1153/1466/524 1145/1468/524
f 1146/1467/525 1153/1466/524 1154/1470/525
f 1144/1469/526 1154/1470/525 1155/1472/526
f 1147/1471/527 1155/1472/526 1157/1474/527
f 1148/1473/528 1157/1474/527 1156/1476/528
f 1149/1475/529 1156/1476/528 1151/1478/529
f 1149/1475/529 1152/1477/498 1135/1560/498
o wood_barrel_low
v -0.246973 0.600744 0.072756
v -0.207947 0.600744 0.076600
v -0.170420 0.600744 0.087984
v -0.135835 0.600744 0.106469
v -0.105521 0.600744 0.131347
v -0.080643 0.600744 0.161661
v -0.080643 1.350322 0.161661
v -0.062158 0.600744 0.196246
v -0.050774 0.600744 0.233773
v -0.050774 1.350322 0.233773
v -0.046930 0.600744 0.272799
v -0.046930 1.350322 0.272799
v -0.050774 0.600744 0.311826
v -0.062158 0.600744 0.349352
v -0.080643 0.600744 0.383937
v -0.080643 1.350322 0.383937
v -0.105521 0.600744 0.414251
v -0.135835 0.600744 0.439129
v -0.135835 1.350322 0.439129
v -0.170420 0.600744 0.457615
v -0.207947 0.600744 0.468999
v -0.246973 0.600744 0.472842
v -0.286000 0.600744 0.468999
v -0.286000 1.350322 0.468999
v -0.323526 0.600744 0.457615
v -0.358111 0.600744 0.439129
v -0.388425 0.600744 0.414251
v -0.413303 0.600744 0.383937
v -0.431789 0.600744 0.349352
v -0.443173 0.600744 0.311826
v -0.447016 0.600744 0.272799
v -0.443173 0.600744 0.233773
v -0.431789 0.600744 0.196246
v -0.431789 1.350322 0.196246
v -0.413303 0.600744 0.161661
v -0.413303 1.350322 0.161661
v -0.388425 0.600744 0.131347
v -0.358111 0.600744 0.106469
v -0.358111 1.350322 0.106469
v -0.323526 0.600744 0.087984
v -0.286000 0.600744 0.076600
v -0.246973 1.250524 0.017040
v -0.246973 0.700542 0.017040
v -0.246973 1.152088 0.006265
v -0.246973 1.036370 0.000601
v -0.246973 0.914696 0.000601
v -0.246973 0.798978 0.006265
v -0.197077 0.700542 0.021954
v -0.197077 1.250524 0.021954
v -0.194975 0.798978 0.011387
v -0.193870 0.914696 0.005831
v -0.193870 1.036370 0.005831
v -0.194975 1.152088 0.011387
v -0.149098 0.700542 0.036508
v -0.149098 1.250524 0.036508
v -0.144975 0.798978 0.026554
v -0.142807 0.914696 0.021321
v -0.142807 1.036370 0.021321
v -0.144975 1.152088 0.026554
v -0.104881 0.700542 0.060143
v -0.104881 1.250524 0.060143
v -0.098895 0.798978 0.051184
v -0.095748 0.914696 0.046474
v -0.095748 1.036370 0.046474
v -0.098895 1.152088 0.051184
v -0.066124 0.700542 0.091950
v -0.066124 1.250524 0.091950
v -0.058505 0.798978 0.084331
v -0.054500 0.914696 0.080326
v -0.054500 1.036370 0.080326
v -0.058505 1.152088 0.084331
v -0.034317 0.700542 0.130707
v -0.034317 1.250524 0.130707
v -0.025358 0.798978 0.124721
v -0.020648 0.914696 0.121574
v -0.020648 1.036370 0.121574
v -0.025358 1.152088 0.124721
v -0.010682 0.700542 0.174924
v -0.010682 1.250524 0.174924
v -0.000728 0.798978 0.170801
v 0.004505 0.914696 0.168633
v 0.004505 1.036370 0.168633
v -0.000728 1.152088 0.170801
v 0.003872 0.700542 0.222903
v 0.003872 1.250524 0.222903
v 0.014439 0.798978 0.220801
v 0.019995 0.914696 0.219696
v 0.019995 1.036370 0.219696
v 0.014439 1.152088 0.220801
v 0.008786 0.700542 0.272799
v 0.008786 1.250524 0.272799
v 0.019561 0.798978 0.272799
v 0.025225 0.914696 0.272799
v 0.025225 1.036370 0.272799
v 0.019561 1.152088 0.272799
v 0.003872 0.700542 0.322695
v 0.003872 1.250524 0.322695
v 0.014439 0.798978 0.324797
v 0.019995 0.914696 0.325903
v 0.019995 1.036370 0.325903
v 0.014439 1.152088 0.324797
v -0.010682 0.700542 0.370674
v -0.010682 1.250524 0.370674
v -0.000728 0.798978 0.374797
v 0.004505 0.914696 0.376965
v 0.004505 1.036370 0.376965
v -0.000728 1.152088 0.374797
v -0.034317 0.700542 0.414892
v -0.034317 1.250524 0.414892
v -0.025358 0.798978 0.420878
v -0.020648 0.914696 0.424025
v -0.020648 1.036370 0.424025
v -0.025358 1.152088 0.420878
v -0.066124 0.700542 0.453649
v -0.066124 1.250524 0.453649
v -0.058505 0.798978 0.461267
v -0.054500 0.914696 0.465273
v -0.054500 1.036370 0.465273
v -0.058505 1.152088 0.461267
v -0.104881 0.700542 0.485455
v -0.104881 1.250524 0.485455
v -0.098895 0.798978 0.494414
v -0.095748 0.914696 0.499124
v -0.095748 1.036370 0.499124
v -0.098895 1.152088 0.494414
v -0.149098 0.700542 0.509090
v -0.149098 1.250524 0.509090
v -0.144975 0.798978 0.519045
v -0.142807 0.914696 0.524278
v -0.142807 1.036370 0.524278
v -0.144975 1.152088 0.519045
v -0.197077 0.700542 0.523644
v -0.197077 1.250524 0.523644
v -0.194975 0.798978 0.534212
v -0.193870 0.914696 0.539768
v -0.193870 1.036370 0.539768
v -0.194975 1.152088 0.534212
v -0.246973 0.700542 0.528559
v -0.246973 1.250524 0.528559
v -0.246973 0.798978 0.539333
v -0.246973 0.914696 0.544998
v -0.246973 1.036370 0.544998
v -0.246973 1.152088 0.539333
v -0.296869 0.700542 0.523644
v -0.296869 1.250524 0.523644
v -0.298971 0.798978 0.534212
v -0.300077 0.914696 0.539768
v -0.300077 1.036370 0.539768
v -0.298971 1.152088 0.534212
v -0.344848 0.700542 0.509090
v -0.344848 1.250524 0.509090
v -0.348971 0.798978 0.519045
v -0.351139 0.914696 0.524278
v -0.351139 1.036370 0.524278
v -0.348971 1.152088 0.519045
v -0.389066 0.700542 0.485455
v -0.389066 1.250524 0.485455
v -0.395052 0.798978 0.494414
v -0.398199 0.914696 0.499124
v -0.398199 1.036370 0.499124
v -0.395052 1.152088 0.494414
v -0.427823 0.700542 0.453649
v -0.427823 1.250524 0.453649
v -0.435441 0.798978 0.461267
v -0.439447 0.914696 0.465273
v -0.439447 1.036370 0.465273
v -0.435441 1.152088 0.461267
v -0.459629 0.700542 0.414892
v -0.459629 1.250524 0.414892
v -0.468588 0.798978 0.420878
v -0.473298 0.914696 0.424025
v -0.473298 1.036370 0.424025
v -0.468588 1.152088 0.420878
v -0.483264 0.700542 0.370674
v -0.483264 1.250524 0.370674
v -0.493219 0.798978 0.374797
v -0.498452 0.914696 0.376965
v -0.498452 1.036370 0.376965
v -0.493219 1.152088 0.374797
v -0.497818 0.700542 0.322695
v -0.497818 1.250524 0.322695
v -0.508386 0.798978 0.324797
v -0.513942 0.914696 0.325903
v -0.513942 1.036370 0.325903
v -0.508386 1.152088 0.324797
v -0.502733 0.700542 0.272799
v -0.502733 1.250524 0.272799
v -0.513507 0.798978 0.272799
v -0.519172 0.914696 0.272799
v -0.519172 1.036370 0.272799
v -0.513507 1.152088 0.272799
v -0.497818 0.700542 0.222903
v -0.497818 1.250524 0.222903
v -0.508386 0.798978 0.220801
v -0.513942 0.914696 0.219696
v -0.513942 1.036370 0.219696
v -0.508386 1.152088 0.220801
v -0.483264 0.700542 0.174924
v -0.483264 1.250524 0.174924
v -0.493219 0.798978 0.170801
v -0.498452 0.914696 0.168633
v -0.498452 1.036370 0.168633
v -0.493219 1.152088 0.170801
v -0.459629 0.700542 0.130707
v -0.459629 1.250524 0.130707
v -0.468588 0.798978 0.124721
v -0.473298 0.914696 0.121574
v -0.473298 1.036370 0.121574
v -0.468588 1.152088 0.124721
v -0.427823 0.700542 0.091950
v -0.427823 1.250524 0.091950
v -0.435441 0.798978 0.084331
v -0.439447 0.914696 0.080326
v -0.439447 1.036370 0.080326
v -0.435441 1.152088 0.084331
v -0.389066 0.700542 0.060143
v -0.389066 1.250524 0.060143
v -0.395052 0.798978 0.051184
v -0.398199 0.914696 0.046474
v -0.398199 1.036370 0.046474
v -0.395052 1.152088 0.051184
v -0.344848 0.700542 0.036508
v -0.344848 1.250524 0.036508
v -0.348971 0.798978 0.026554
v -0.351139 0.914696 0.021321
v -0.351139 1.036370 0.021321
v -0.348971 1.152088 0.026554
v -0.296869 0.700542 0.021954
v -0.296869 1.250524 0.021954
v -0.298971 0.798978 0.011387
v -0.300077 0.914696 0.005831
v -0.300077 1.036370 0.005831
v -0.298971 1.152088 0.011387
v -0.246973 0.600744 0.032075
v -0.200010 0.600744 0.036700
v -0.154852 0.600744 0.050399
v -0.154852 1.350322 0.050399
v -0.113234 0.600744 0.072644
v -0.076756 0.600744 0.102582
v -0.076756 1.350322 0.102582
v -0.046818 0.600744 0.139060
v -0.024573 0.600744 0.180678
v -0.010874 0.600744 0.225836
v -0.006249 0.600744 0.272799
v -0.006249 1.350322 0.272799
v -0.010874 0.600744 0.319762
v -0.024573 0.600744 0.364920
v -0.046818 0.600744 0.406538
v -0.046818 1.350322 0.406538
v -0.076756 0.600744 0.443017
v -0.113234 0.600744 0.472954
v -0.154852 0.600744 0.495199
v -0.200010 0.600744 0.508898
v -0.200010 1.350322 0.508898
v -0.246973 0.600744 0.513523
v -0.293936 0.600744 0.508898
v -0.293936 1.350322 0.508898
v -0.339094 0.600744 0.495199
v -0.339094 1.350322 0.495199
v -0.380713 0.600744 0.472954
v -0.417191 0.600744 0.443017
v -0.447128 0.600744 0.406538
v -0.469373 0.600744 0.364920
v -0.483072 0.600744 0.319762
v -0.487697 0.600744 0.272799
v -0.487697 1.350322 0.272799
v -0.483072 0.600744 0.225836
v -0.483072 1.350322 0.225836
v -0.469373 0.600744 0.180678
v -0.447128 0.600744 0.139060
v -0.447128 1.350322 0.139060
v -0.417191 0.600744 0.102582
v -0.380713 0.600744 0.072644
v -0.339094 0.600744 0.050399
v -0.293936 0.600744 0.036700
v -0.293936 1.350322 0.036700
v -0.246973 0.648798 0.272799
v -0.246973 1.302269 0.272799
v -0.207947 1.302269 0.076600
v -0.246973 1.302269 0.072756
v -0.170420 1.302269 0.087984
v -0.135835 1.302269 0.106469
v -0.105521 1.302269 0.131347
v -0.080643 1.302269 0.161661
v -0.062158 1.302269 0.196246
v -0.050774 1.302269 0.233773
v -0.046930 1.302269 0.272799
v -0.050774 1.302269 0.311826
v -0.062158 1.302269 0.349352
v -0.080643 1.302269 0.383937
v -0.105521 1.302269 0.414251
v -0.135835 1.302269 0.439129
v -0.170420 1.302269 0.457615
v -0.207947 1.302269 0.468999
v -0.246973 1.302269 0.472842
v -0.286000 1.302269 0.468999
v -0.323526 1.302269 0.457615
v -0.358111 1.302269 0.439129
v -0.388425 1.302269 0.414251
v -0.413303 1.302269 0.383937
v -0.431789 1.302269 0.349352
v -0.443173 1.302269 0.311826
v -0.447016 1.302269 0.272799
v -0.443173 1.302269 0.233773
v -0.431789 1.302269 0.196246
v -0.413303 1.302269 0.161661
v -0.388425 1.302269 0.131347
v -0.358111 1.302269 0.106469
v -0.323526 1.302269 0.087984
v -0.286000 1.302269 0.076600
v -0.246973 0.648797 0.072756
v -0.207947 0.648797 0.076600
v -0.170420 0.648797 0.087984
v -0.135835 0.648797 0.106469
v -0.105521 0.648797 0.131347
v -0.080643 0.648797 0.161661
v -0.062158 0.648797 0.196246
v -0.050774 0.648797 0.233773
v -0.046930 0.648797 0.272799
v -0.050774 0.648797 0.311826
v -0.062158 0.648797 0.349352
v -0.080643 0.648797 0.383937
v -0.105521 0.648797 0.414251
v -0.135835 0.648797 0.439129
v -0.170420 0.648797 0.457615
v -0.207947 0.648797 0.468999
v -0.246973 0.648797 0.472842
v -0.286000 0.648797 0.468999
v -0.323526 0.648797 0.457615
v -0.358111 0.648797 0.439129
v -0.388425 0.648797 0.414251
v -0.413303 0.648797 0.383937
v -0.431789 0.648797 0.349352
v -0.443173 0.648797 0.311826
v -0.447016 0.648797 0.272799
v -0.443173 0.648797 0.233773
v -0.431789 0.648797 0.196246
v -0.413303 0.648797 0.161661
v -0.388425 0.648797 0.131347
v -0.358111 0.648797 0.106469
v -0.323526 0.648797 0.087984
v -0.286000 0.648797 0.076600
v -0.246973 1.350322 0.072756
v -0.207947 1.350322 0.076600
v -0.170420 1.350322 0.087984
v -0.135835 1.350322 0.106469
v -0.105521 1.350322 0.131347
v -0.062158 1.350322 0.196246
v -0.050774 1.350322 0.311826
v -0.062158 1.350322 0.349352
v -0.105521 1.350322 0.414251
v -0.170420 1.350322 0.457615
v -0.207947 1.350322 0.468999
v -0.246973 1.350322 0.472842
v -0.323526 1.350322 0.457615
v -0.358111 1.350322 0.439129
v -0.388425 1.350322 0.414251
v -0.413303 1.350322 0.383937
v -0.431789 1.350322 0.349352
v -0.443173 1.350322 0.311826
v -0.447016 1.350322 0.272799
v -0.443173 1.350322 0.233773
v -0.388425 1.350322 0.131347
v -0.323526 1.350322 0.087984
v -0.286000 1.350322 0.076600
v -0.246973 1.350322 0.032075
v -0.200010 1.350322 0.036700
v -0.113234 1.350322 0.072644
v -0.046818 1.350322 0.139060
v -0.024573 1.350322 0.180678
v -0.010874 1.350322 0.225836
v -0.010874 1.350322 0.319762
v -0.024573 1.350322 0.364920
v -0.076756 1.350322 0.443017
v -0.113234 1.350322 0.472954
v -0.154852 1.350322 0.495199
v -0.246973 1.350322 0.513523
v -0.380713 1.350322 0.472954
v -0.417191 1.350322 0.443017
v -0.447128 1.350322 0.406538
v -0.469373 1.350322 0.364920
v -0.483072 1.350322 0.319762
v -0.469373 1.350322 0.180678
v -0.417191 1.350322 0.102582
v -0.380713 1.350322 0.072644
v -0.339094 1.350322 0.050399
vn -0.1935 -0.1287 -0.9726
vn -0.0000 -0.1490 -0.9888
vn -0.1929 -0.1490 -0.9698
vn 0.3795 -0.1287 -0.9162
vn 0.5494 -0.1490 -0.8222
vn 0.3784 -0.1490 -0.9136
vn 0.5509 -0.1287 -0.8246
vn 0.6992 -0.1490 -0.6992
vn 0.8246 -0.1287 -0.5509
vn 0.8222 -0.1490 -0.5494
vn 0.9136 -0.1490 -0.3784
vn 0.9162 -0.1287 -0.3795
vn 0.9698 -0.1490 -0.1929
vn 0.9726 -0.1287 -0.1935
vn 0.9888 -0.1490 -0.0000
vn 0.9917 -0.1287 -0.0000
vn 0.9698 -0.1490 0.1929
vn 0.9162 -0.1287 0.3795
vn 0.9136 -0.1490 0.3784
vn 0.8222 -0.1490 0.5494
vn 0.8246 -0.1287 0.5509
vn 0.6992 -0.1490 0.6992
vn 0.7012 -0.1287 0.7012
vn 0.5494 -0.1490 0.8222
vn 0.3795 -0.1287 0.9162
vn 0.3784 -0.1490 0.9136
vn 0.1929 -0.1490 0.9698
vn 0.1935 -0.1287 0.9726
vn -0.0000 -0.1490 0.9888
vn -0.0000 -0.1287 0.9917
vn -0.1929 -0.1490 0.9698
vn -0.3795 -0.1287 0.9162
vn -0.3784 -0.1490 0.9136
vn -0.5494 -0.1490 0.8222
vn -0.5509 -0.1287 0.8246
vn -0.6992 -0.1490 0.6992
vn -0.7012 -0.1287 0.7012
vn -0.8222 -0.1490 0.5494
vn -0.9162 -0.1287 0.3795
vn -0.9136 -0.1490 0.3784
vn -0.9698 -0.1490 0.1929
vn -0.9726 -0.1287 0.1935
vn -0.9888 -0.1490 -0.0000
vn -0.9917 -0.1287 -0.0000
vn -0.9698 -0.1490 -0.1929
vn -0.9162 -0.1287 -0.3795
vn -0.9136 -0.1490 -0.3784
vn -0.8222 -0.1490 -0.5494
vn -0.8246 -0.1287 -0.5509
vn -0.6992 -0.1490 -0.6992
vn -0.7012 -0.1287 -0.7012
vn -0.5494 -0.1490 -0.8222
vn -0.3795 -0.1287 -0.9162
vn -0.3784 -0.1490 -0.9136
vn 0.3827 -0.0000 -0.9239
vn 0.1951 -0.0000 -0.9808
vn -0.0000 -0.1287 -0.9917
vn 0.1929 -0.1490 -0.9698
vn 0.1951 -0.0000 0.9808
vn 0.3827 -0.0000 0.9239
vn 0.1935 -0.1287 -0.9726
vn -0.3784 0.1490 -0.9136
vn -0.1935 0.1287 -0.9726
vn -0.3795 0.1287 -0.9162
vn -0.5494 0.1490 -0.8222
vn -0.5509 0.1287 -0.8246
vn -0.6992 0.1490 -0.6992
vn -0.7012 0.1287 -0.7012
vn -0.8246 0.1287 -0.5509
vn -0.9136 0.1490 -0.3784
vn -0.9162 0.1287 -0.3795
vn -0.9698 0.1490 -0.1929
vn -0.9726 0.1287 -0.1935
vn -0.9888 0.1490 -0.0000
vn -0.9917 0.1287 -0.0000
vn -0.9698 0.1490 0.1929
vn -0.9726 0.1287 0.1935
vn -0.9162 0.1287 0.3795
vn -0.8222 0.1490 0.5494
vn -0.8246 0.1287 0.5509
vn -0.6992 0.1490 0.6992
vn -0.7012 0.1287 0.7012
vn -0.5494 0.1490 0.8222
vn -0.5509 0.1287 0.8246
vn -0.3795 0.1287 0.9162
vn -0.1929 0.1490 0.9698
vn -0.1935 0.1287 0.9726
vn -0.0000 0.1490 0.9888
vn -0.0000 0.1287 0.9917
vn 0.1935 0.1287 0.9726
vn 0.3784 0.1490 0.9136
vn 0.3795 0.1287 0.9162
vn 0.5494 0.1490 0.8222
vn 0.5509 0.1287 0.8246
vn 0.6992 0.1490 0.6992
vn 0.7012 0.1287 0.7012
vn 0.8246 0.1287 0.5509
vn 0.9136 0.1490 0.3784
vn 0.9162 0.1287 0.3795
vn 0.9698 0.1490 0.1929
vn 0.9726 0.1287 0.1935
vn 0.9917 0.1287 -0.0000
vn 0.9698 0.1490 -0.1929
vn 0.9726 0.1287 -0.1935
vn 0.9162 0.1287 -0.3795
vn 0.8222 0.1490 -0.5494
vn 0.8246 0.1287 -0.5509
vn 0.7012 0.1287 -0.7012
vn 0.5494 0.1490 -0.8222
vn 0.5509 0.1287 -0.8246
vn 0.3795 0.1287 -0.9162
vn 0.1929 0.1490 -0.9698
vn 0.1935 0.1287 -0.9726
vn -0.0000 0.1490 -0.9888
vn -0.0000 0.1287 -0.9917
vn -0.0000 0.0787 -0.9969
vn -0.1945 0.0787 -0.9777
vn -0.1950 0.0244 -0.9805
vn -0.0000 0.0244 -0.9997
vn -0.1950 -0.0244 -0.9805
vn -0.0000 -0.0244 -0.9997
vn -0.1945 -0.0787 -0.9777
vn -0.0000 -0.0787 -0.9969
vn -0.3815 0.0787 -0.9210
vn -0.3826 0.0244 -0.9236
vn -0.3826 -0.0244 -0.9236
vn -0.3815 -0.0787 -0.9210
vn -0.5538 0.0787 -0.8289
vn -0.5554 0.0244 -0.8312
vn -0.5554 -0.0244 -0.8312
vn -0.5538 -0.0787 -0.8289
vn -0.5509 -0.1287 -0.8246
vn -0.7049 0.0787 -0.7049
vn -0.7069 0.0244 -0.7069
vn -0.7069 -0.0244 -0.7069
vn -0.7049 -0.0787 -0.7049
vn -0.8289 0.0787 -0.5538
vn -0.8312 0.0244 -0.5554
vn -0.8312 -0.0244 -0.5554
vn -0.8289 -0.0787 -0.5538
vn -0.9210 0.0787 -0.3815
vn -0.9236 0.0244 -0.3826
vn -0.9236 -0.0244 -0.3826
vn -0.9210 -0.0787 -0.3815
vn -0.9777 0.0787 -0.1945
vn -0.9805 0.0244 -0.1950
vn -0.9805 -0.0244 -0.1950
vn -0.9777 -0.0787 -0.1945
vn -0.9726 -0.1287 -0.1935
vn -0.9969 0.0787 -0.0000
vn -0.9997 0.0244 -0.0000
vn -0.9997 -0.0244 -0.0000
vn -0.9969 -0.0787 -0.0000
vn -0.9777 0.0787 0.1945
vn -0.9805 0.0244 0.1950
vn -0.9805 -0.0244 0.1950
vn -0.9777 -0.0787 0.1945
vn -0.9210 0.0787 0.3815
vn -0.9236 0.0244 0.3826
vn -0.9236 -0.0244 0.3826
vn -0.9210 -0.0787 0.3815
vn -0.8289 0.0787 0.5538
vn -0.8312 0.0244 0.5554
vn -0.8312 -0.0244 0.5554
vn -0.8289 -0.0787 0.5538
vn -0.8246 -0.1287 0.5509
vn -0.7049 0.0787 0.7049
vn -0.7069 0.0244 0.7069
vn -0.7069 -0.0244 0.7069
vn -0.7049 -0.0787 0.7049
vn -0.5538 0.0787 0.8289
vn -0.5554 0.0244 0.8312
vn -0.5554 -0.0244 0.8312
vn -0.5538 -0.0787 0.8289
vn -0.3815 0.0787 0.9210
vn -0.3826 0.0244 0.9236
vn -0.3826 -0.0244 0.9236
vn -0.3815 -0.0787 0.9210
vn -0.1945 0.0787 0.9777
vn -0.1950 0.0244 0.9805
vn -0.1950 -0.0244 0.9805
vn -0.1945 -0.0787 0.9777
vn -0.1935 -0.1287 0.9726
vn -0.0000 0.0787 0.9969
vn -0.0000 0.0244 0.9997
vn -0.0000 -0.0244 0.9997
vn -0.0000 -0.0787 0.9969
vn 0.1945 0.0787 0.9777
vn 0.1950 0.0244 0.9805
vn 0.1950 -0.0244 0.9805
vn 0.1945 -0.0787 0.9777
vn 0.3815 0.0787 0.9210
vn 0.3826 0.0244 0.9236
vn 0.3826 -0.0244 0.9236
vn 0.3815 -0.0787 0.9210
vn 0.5538 0.0787 0.8289
vn 0.5554 0.0244 0.8312
vn 0.5554 -0.0244 0.8312
vn 0.5538 -0.0787 0.8289
vn 0.5509 -0.1287 0.8246
vn 0.7049 0.0787 0.7049
vn 0.7069 0.0244 0.7069
vn 0.7069 -0.0244 0.7069
vn 0.7049 -0.0787 0.7049
vn 0.8289 0.0787 0.5538
vn 0.8312 0.0244 0.5554
vn 0.8312 -0.0244 0.5554
vn 0.8289 -0.0787 0.5538
vn 0.9210 0.0787 0.3815
vn 0.9236 0.0244 0.3826
vn 0.9236 -0.0244 0.3826
vn 0.9210 -0.0787 0.3815
vn 0.9777 0.0787 0.1945
vn 0.9805 0.0244 0.1950
vn 0.9805 -0.0244 0.1950
vn 0.9777 -0.0787 0.1945
vn 0.9726 -0.1287 0.1935
vn 0.9969 0.0787 -0.0000
vn 0.9997 0.0244 -0.0000
vn 0.9997 -0.0244 -0.0000
vn 0.9969 -0.0787 -0.0000
vn 0.9777 0.0787 -0.1945
vn 0.9805 0.0244 -0.1950
vn 0.9805 -0.0244 -0.1950
vn 0.9777 -0.0787 -0.1945
vn 0.9210 0.0787 -0.3815
vn 0.9236 0.0244 -0.3826
vn 0.9236 -0.0244 -0.3826
vn 0.9210 -0.0787 -0.3815
vn 0.8289 0.0787 -0.5538
vn 0.8312 0.0244 -0.5554
vn 0.8312 -0.0244 -0.5554
vn 0.8289 -0.0787 -0.5538
vn 0.7049 0.0787 -0.7049
vn 0.7069 0.0244 -0.7069
vn 0.7069 -0.0244 -0.7069
vn 0.7049 -0.0787 -0.7049
vn 0.7012 -0.1287 -0.7012
vn 0.5538 0.0787 -0.8289
vn 0.5554 0.0244 -0.8312
vn 0.5554 -0.0244 -0.8312
vn 0.5538 -0.0787 -0.8289
vn 0.3815 0.0787 -0.9210
vn 0.3826 0.0244 -0.9236
vn 0.3826 -0.0244 -0.9236
vn 0.3815 -0.0787 -0.9210
vn 0.1945 0.0787 -0.9777
vn 0.1950 0.0244 -0.9805
vn 0.1950 -0.0244 -0.9805
vn 0.1945 -0.0787 -0.9777
vn -0.0000 -1.0000 -0.0000
vn -0.0000 1.0000 -0.0000
vn -0.8315 -0.0000 0.5556
vn -0.7071 -0.0000 0.7071
vn -0.0000 -0.0000 1.0000
vn 0.5556 -0.0000 -0.8315
vn -0.9239 -0.0000 0.3827
vn 0.7071 -0.0000 -0.7071
vn -0.9808 -0.0000 0.1951
vn 0.8315 -0.0000 -0.5556
vn -1.0000 -0.0000 -0.0000
vn 0.9239 -0.0000 -0.3827
vn -0.9808 -0.0000 -0.1951
vn 0.9808 -0.0000 -0.1951
vn -0.9239 -0.0000 -0.3827
vn 1.0000 -0.0000 -0.0000
vn -0.8315 -0.0000 -0.5556
vn 0.9808 -0.0000 0.1951
vn -0.7071 -0.0000 -0.7071
vn 0.9239 -0.0000 0.3827
vn -0.5556 -0.0000 -0.8315
vn 0.8315 -0.0000 0.5556
vn -0.3827 -0.0000 -0.9239
vn -0.1951 -0.0000 0.9808
vn 0.7071 -0.0000 0.7071
vn -0.1951 -0.0000 -0.9808
vn -0.3827 -0.0000 0.9239
vn 0.5556 -0.0000 0.8315
vn -0.0000 -0.0000 -1.0000
vn -0.5556 -0.0000 0.8315
vn -0.1929 0.1490 -0.9698
vn -0.8222 0.1490 -0.5494
vn -0.9136 0.1490 0.3784
vn -0.3784 0.1490 0.9136
vn 0.1929 0.1490 0.9698
vn 0.8222 0.1490 0.5494
vn 0.9888 0.1490 -0.0000
vn 0.9136 0.1490 -0.3784
vn 0.6992 0.1490 -0.6992
vn 0.3784 0.1490 -0.9136
vt 1.246527 0.370595
vt 1.284447 0.348910
vt 1.284447 0.370595
vt 1.246527 0.305541
vt 1.284447 0.283856
vt 1.284447 0.305541
vt 1.246527 0.283856
vt 1.284447 0.262171
vt 1.246527 0.240486
vt 1.284447 0.240486
vt 1.284447 0.218801
vt 1.246527 0.218802
vt 1.284447 0.197117
vt 1.246527 0.197117
vt 1.284447 0.175432
vt 1.246527 0.175432
vt 1.284447 0.153747
vt 1.246527 0.132062
vt 1.284447 0.132062
vt 1.284447 0.110377
vt 1.246527 0.110377
vt 1.284447 0.088692
vt 1.246527 0.088692
vt 1.284447 0.067008
vt 1.246527 0.045323
vt 1.284447 0.045323
vt 1.284447 0.023638
vt 1.246527 0.023638
vt 1.284447 0.001953
vt 1.246527 0.695868
vt 1.284447 0.674183
vt 1.284447 0.695868
vt 1.246527 0.652498
vt 1.284447 0.652498
vt 1.284447 0.630813
vt 1.246527 0.630813
vt 1.284447 0.609128
vt 1.246527 0.609128
vt 1.284447 0.587444
vt 1.246527 0.565759
vt 1.284447 0.565759
vt 1.284447 0.544074
vt 1.246527 0.544074
vt 1.284447 0.522389
vt 1.246527 0.522389
vt 1.284447 0.500704
vt 1.246527 0.479019
vt 1.284447 0.479019
vt 1.284447 0.457335
vt 1.246527 0.457335
vt 1.284447 0.435650
vt 1.246527 0.435650
vt 1.284447 0.413965
vt 1.246527 0.392280
vt 1.284447 0.392280
vt 1.501738 0.851318
vt 1.518397 0.833433
vt 1.518397 0.851318
vt 1.246527 0.348910
vt 1.284447 0.327226
vt 1.285164 0.851318
vt 1.301824 0.833433
vt 1.301824 0.851318
vt 1.246527 0.327226
vt 1.001953 0.392280
vt 1.039872 0.370595
vt 1.039872 0.392280
vt 1.001953 0.413965
vt 1.039872 0.413965
vt 1.001953 0.435650
vt 1.039872 0.435650
vt 1.039872 0.457335
vt 1.001953 0.479019
vt 1.039872 0.479019
vt 1.001953 0.500704
vt 1.039872 0.500704
vt 1.001953 0.522389
vt 1.039872 0.522389
vt 1.001953 0.544074
vt 1.039872 0.544074
vt 1.039872 0.565759
vt 1.001953 0.587444
vt 1.039872 0.587444
vt 1.001953 0.609128
vt 1.039872 0.609128
vt 1.001953 0.630813
vt 1.039872 0.630813
vt 1.039872 0.652498
vt 1.001953 0.674183
vt 1.039872 0.674183
vt 1.001953 0.695868
vt 1.039872 0.695868
vt 1.039872 0.023638
vt 1.001953 0.001953
vt 1.039872 0.001953
vt 1.001953 0.045323
vt 1.039872 0.045323
vt 1.001953 0.067008
vt 1.039872 0.067008
vt 1.001953 0.088692
vt 1.039872 0.088692
vt 1.039872 0.110377
vt 1.001953 0.132062
vt 1.039872 0.132062
vt 1.001953 0.153747
vt 1.039872 0.153747
vt 1.039872 0.175432
vt 1.001953 0.197117
vt 1.039872 0.197117
vt 1.039872 0.218802
vt 1.001953 0.240486
vt 1.039872 0.240486
vt 1.039872 0.262171
vt 1.001953 0.283856
vt 1.039872 0.283856
vt 1.039872 0.305541
vt 1.001953 0.327226
vt 1.039872 0.327226
vt 1.001953 0.348910
vt 1.039872 0.348910
vt 1.077019 0.348910
vt 1.077019 0.370595
vt 1.120419 0.370595
vt 1.120419 0.348910
vt 1.165981 0.370595
vt 1.165981 0.348910
vt 1.209381 0.370595
vt 1.209380 0.348910
vt 1.077019 0.392280
vt 1.120419 0.392280
vt 1.165981 0.392280
vt 1.209381 0.392280
vt 1.077019 0.413965
vt 1.120419 0.413965
vt 1.165981 0.413965
vt 1.209381 0.413965
vt 1.246527 0.413965
vt 1.077019 0.435650
vt 1.120419 0.435650
vt 1.165981 0.435650
vt 1.209381 0.435650
vt 1.077019 0.457335
vt 1.120419 0.457335
vt 1.165981 0.457335
vt 1.209380 0.457335
vt 1.077019 0.479019
vt 1.120419 0.479019
vt 1.165981 0.479019
vt 1.209381 0.479019
vt 1.077019 0.500704
vt 1.120419 0.500704
vt 1.165981 0.500704
vt 1.209380 0.500704
vt 1.246527 0.500704
vt 1.077019 0.522389
vt 1.120419 0.522389
vt 1.165981 0.522389
vt 1.209381 0.522389
vt 1.077019 0.544074
vt 1.120419 0.544074
vt 1.165981 0.544074
vt 1.209381 0.544074
vt 1.077019 0.565759
vt 1.120419 0.565759
vt 1.165981 0.565759
vt 1.209381 0.565759
vt 1.077019 0.587444
vt 1.120419 0.587444
vt 1.165981 0.587444
vt 1.209381 0.587444
vt 1.246527 0.587444
vt 1.077019 0.609128
vt 1.120419 0.609128
vt 1.165981 0.609128
vt 1.209381 0.609128
vt 1.077019 0.630813
vt 1.120419 0.630813
vt 1.165981 0.630813
vt 1.209380 0.630813
vt 1.077019 0.652498
vt 1.120419 0.652498
vt 1.165981 0.652498
vt 1.209381 0.652498
vt 1.077019 0.674183
vt 1.120419 0.674183
vt 1.165981 0.674183
vt 1.209381 0.674183
vt 1.246527 0.674183
vt 1.077019 0.695868
vt 1.120419 0.695868
vt 1.165981 0.695868
vt 1.209380 0.695868
vt 1.077019 0.001953
vt 1.077019 0.023638
vt 1.120419 0.023638
vt 1.120419 0.001953
vt 1.165981 0.023638
vt 1.165981 0.001953
vt 1.209381 0.023638
vt 1.209380 0.001953
vt 1.077019 0.045323
vt 1.120419 0.045323
vt 1.165981 0.045323
vt 1.209381 0.045323
vt 1.077019 0.067008
vt 1.120419 0.067008
vt 1.165981 0.067008
vt 1.209381 0.067008
vt 1.246527 0.067008
vt 1.077019 0.088692
vt 1.120419 0.088692
vt 1.165981 0.088692
vt 1.209381 0.088692
vt 1.077019 0.110377
vt 1.120419 0.110377
vt 1.165981 0.110377
vt 1.209381 0.110377
vt 1.077019 0.132062
vt 1.120419 0.132062
vt 1.165981 0.132062
vt 1.209381 0.132062
vt 1.077019 0.153747
vt 1.120419 0.153747
vt 1.165981 0.153747
vt 1.209380 0.153747
vt 1.246527 0.153747
vt 1.077019 0.175432
vt 1.120419 0.175432
vt 1.165981 0.175432
vt 1.209381 0.175432
vt 1.077019 0.197117
vt 1.120419 0.197117
vt 1.165981 0.197117
vt 1.209381 0.197117
vt 1.077019 0.218801
vt 1.120419 0.218802
vt 1.165981 0.218802
vt 1.209381 0.218802
vt 1.077019 0.240486
vt 1.120419 0.240486
vt 1.165981 0.240486
vt 1.209380 0.240486
vt 1.077019 0.262171
vt 1.120419 0.262171
vt 1.165981 0.262171
vt 1.209381 0.262171
vt 1.246527 0.262171
vt 1.077019 0.283856
vt 1.120419 0.283856
vt 1.165981 0.283856
vt 1.209381 0.283856
vt 1.077019 0.305541
vt 1.120419 0.305541
vt 1.165981 0.305541
vt 1.209380 0.305541
vt 1.077019 0.327226
vt 1.120419 0.327226
vt 1.165981 0.327226
vt 1.209381 0.327226
vt 1.294902 0.826577
vt 1.313211 0.809337
vt 1.313211 0.826577
vt 1.294901 0.785240
vt 1.313210 0.802481
vt 1.313210 0.785240
vt 1.331521 0.809337
vt 1.331521 0.826577
vt 1.331519 0.785240
vt 1.349830 0.826577
vt 1.349830 0.809337
vt 1.331519 0.802481
vt 1.349828 0.785240
vt 1.368139 0.809337
vt 1.368139 0.826577
vt 1.368138 0.802481
vt 1.368138 0.785240
vt 1.386449 0.826577
vt 1.386449 0.809337
vt 1.386447 0.785240
vt 1.404758 0.809337
vt 1.404758 0.826577
vt 1.404756 0.802481
vt 1.404756 0.785240
vt 1.423067 0.809337
vt 1.423067 0.826577
vt 1.423066 0.785240
vt 1.441376 0.809337
vt 1.441376 0.826577
vt 1.423066 0.802481
vt 1.441375 0.785240
vt 1.459686 0.809337
vt 1.459686 0.826577
vt 1.459684 0.802481
vt 1.459684 0.785240
vt 1.477995 0.809337
vt 1.477995 0.826577
vt 1.477993 0.785240
vt 1.496304 0.826577
vt 1.496304 0.809337
vt 1.477993 0.802481
vt 1.496302 0.785240
vt 1.514614 0.809337
vt 1.514614 0.826577
vt 1.514612 0.802481
vt 1.514612 0.785240
vt 1.532923 0.826577
vt 1.532923 0.809337
vt 1.532921 0.785240
vt 1.551232 0.809337
vt 1.551232 0.826577
vt 1.551230 0.802481
vt 1.551230 0.785240
vt 1.569541 0.809337
vt 1.569541 0.826577
vt 1.569540 0.785240
vt 1.587851 0.809337
vt 1.587851 0.826577
vt 1.569540 0.802481
vt 1.587849 0.785240
vt 1.001953 0.826577
vt 1.020262 0.809337
vt 1.020262 0.826577
vt 1.001953 0.785240
vt 1.020262 0.802481
vt 1.020262 0.785240
vt 1.038572 0.809337
vt 1.038572 0.826577
vt 1.038572 0.785240
vt 1.056881 0.826577
vt 1.056881 0.809337
vt 1.038572 0.802481
vt 1.056881 0.785240
vt 1.075190 0.809337
vt 1.075190 0.826577
vt 1.075190 0.802481
vt 1.075190 0.785240
vt 1.093500 0.826577
vt 1.093500 0.809337
vt 1.093499 0.785240
vt 1.111809 0.809337
vt 1.111809 0.826577
vt 1.111808 0.802481
vt 1.111808 0.785240
vt 1.130118 0.809337
vt 1.130118 0.826577
vt 1.130118 0.785240
vt 1.148428 0.809337
vt 1.148428 0.826577
vt 1.130118 0.802481
vt 1.148427 0.785240
vt 1.166737 0.809337
vt 1.166737 0.826577
vt 1.166736 0.802481
vt 1.166736 0.785240
vt 1.185046 0.809337
vt 1.185046 0.826577
vt 1.185046 0.785240
vt 1.203356 0.826577
vt 1.203356 0.809337
vt 1.185046 0.802481
vt 1.203355 0.785240
vt 1.221665 0.809337
vt 1.221665 0.826577
vt 1.221664 0.802481
vt 1.221664 0.785240
vt 1.239974 0.826577
vt 1.239974 0.809337
vt 1.239973 0.785240
vt 1.258283 0.809337
vt 1.258283 0.826577
vt 1.258282 0.802481
vt 1.258282 0.785240
vt 1.276593 0.809337
vt 1.276593 0.826577
vt 1.276592 0.785240
vt 1.294902 0.809337
vt 1.276592 0.802481
vt 1.185207 0.851318
vt 1.201867 0.833433
vt 1.201867 0.851318
vt 1.798876 0.301824
vt 1.780991 0.285165
vt 1.798876 0.285165
vt 1.798876 0.501738
vt 1.780991 0.518398
vt 1.780991 0.501738
vt 1.798876 0.201867
vt 1.780991 0.185208
vt 1.798876 0.185208
vt 1.268505 0.851318
vt 1.285164 0.833433
vt 1.485078 0.851318
vt 1.501738 0.833433
vt 1.168548 0.851318
vt 1.185207 0.833433
vt 1.780991 0.268505
vt 1.798876 0.268505
vt 1.780991 0.485079
vt 1.798876 0.485079
vt 1.798876 0.168548
vt 1.780991 0.168548
vt 1.468419 0.851318
vt 1.485078 0.833433
vt 1.151888 0.851318
vt 1.168548 0.833433
vt 1.780991 0.468419
vt 1.798876 0.468419
vt 1.780991 0.151889
vt 1.798876 0.151889
vt 1.451759 0.851318
vt 1.468419 0.833433
vt 1.135229 0.851318
vt 1.151888 0.833433
vt 1.780991 0.451760
vt 1.798876 0.451760
vt 1.780991 0.135229
vt 1.798876 0.135229
vt 1.435100 0.851318
vt 1.451759 0.833433
vt 1.118569 0.851318
vt 1.135229 0.833433
vt 1.780991 0.435100
vt 1.798876 0.435100
vt 1.798876 0.118570
vt 1.780991 0.118570
vt 1.418440 0.851318
vt 1.435100 0.833433
vt 1.101910 0.851318
vt 1.118569 0.833433
vt 1.780991 0.418441
vt 1.798876 0.418441
vt 1.780991 0.101910
vt 1.798876 0.101910
vt 1.401781 0.851318
vt 1.418440 0.833433
vt 1.085250 0.851318
vt 1.101910 0.833433
vt 1.780991 0.401781
vt 1.798876 0.401781
vt 1.780991 0.085251
vt 1.798876 0.085251
vt 1.385121 0.851318
vt 1.401781 0.833433
vt 1.068591 0.851318
vt 1.085250 0.833433
vt 1.780991 0.385122
vt 1.798876 0.385122
vt 1.798876 0.068591
vt 1.780991 0.068591
vt 1.368462 0.851318
vt 1.385121 0.833433
vt 1.051931 0.851318
vt 1.068591 0.833433
vt 1.780991 0.368462
vt 1.798876 0.368462
vt 1.780991 0.051932
vt 1.798876 0.051932
vt 1.351802 0.851318
vt 1.368462 0.833433
vt 1.035272 0.851318
vt 1.051931 0.833433
vt 1.251846 0.851318
vt 1.268505 0.833433
vt 1.780991 0.351803
vt 1.798876 0.351803
vt 1.798876 0.035272
vt 1.780991 0.035272
vt 1.780991 0.251846
vt 1.798876 0.251846
vt 1.335143 0.851318
vt 1.351802 0.833433
vt 1.018613 0.851318
vt 1.035272 0.833433
vt 1.235186 0.851318
vt 1.251846 0.833433
vt 1.798876 0.335143
vt 1.780991 0.335143
vt 1.780991 0.018613
vt 1.798876 0.018613
vt 1.780991 0.235186
vt 1.798876 0.235186
vt 1.318483 0.851318
vt 1.335143 0.833433
vt 1.001953 0.851318
vt 1.018613 0.833433
vt 1.218526 0.851318
vt 1.235186 0.833433
vt 1.780991 0.318484
vt 1.798876 0.318484
vt 1.798876 0.001953
vt 1.780991 0.001953
vt 1.780991 0.218527
vt 1.798876 0.218527
vt 1.318483 0.833433
vt 1.535057 0.833433
vt 1.535057 0.851318
vt 1.218526 0.833433
vt 1.780991 0.301824
vt 1.798876 0.535058
vt 1.798876 0.518398
vt 1.780991 0.201867
vt 1.576193 0.283136
vt 1.567863 0.367709
vt 1.551523 0.364459
vt 1.584522 0.367709
vt 1.600862 0.364459
vt 1.616253 0.358084
vt 1.630105 0.348828
vt 1.641885 0.337048
vt 1.651141 0.323196
vt 1.657516 0.307805
vt 1.660767 0.291465
vt 1.660767 0.274806
vt 1.657516 0.258466
vt 1.651141 0.243075
vt 1.641885 0.229223
vt 1.630105 0.217443
vt 1.616253 0.208187
vt 1.600862 0.201812
vt 1.584522 0.198562
vt 1.567863 0.198562
vt 1.551523 0.201812
vt 1.536132 0.208187
vt 1.522280 0.217443
vt 1.510500 0.229223
vt 1.501245 0.243075
vt 1.494869 0.258466
vt 1.491619 0.274806
vt 1.491619 0.291465
vt 1.494869 0.307805
vt 1.501245 0.323196
vt 1.510500 0.337048
vt 1.522280 0.348828
vt 1.536132 0.358084
vt 1.576193 0.669497
vt 1.657516 0.694167
vt 1.651140 0.709558
vt 1.641885 0.723410
vt 1.630105 0.735190
vt 1.616253 0.744446
vt 1.600862 0.750821
vt 1.584522 0.754071
vt 1.567863 0.754071
vt 1.551523 0.750821
vt 1.536131 0.744446
vt 1.522280 0.735190
vt 1.510499 0.723410
vt 1.501244 0.709558
vt 1.494869 0.694167
vt 1.491619 0.677827
vt 1.491619 0.661167
vt 1.494869 0.644828
vt 1.501244 0.629436
vt 1.510500 0.615584
vt 1.522280 0.603804
vt 1.536132 0.594549
vt 1.551523 0.588174
vt 1.567863 0.584923
vt 1.584522 0.584923
vt 1.600862 0.588174
vt 1.616253 0.594549
vt 1.630105 0.603805
vt 1.641885 0.615585
vt 1.651141 0.629437
vt 1.657516 0.644828
vt 1.660766 0.661168
vt 1.660766 0.677827
vt 1.246527 0.001953
vt 1.001953 0.370595
vt 1.001953 0.457335
vt 1.001953 0.565759
vt 1.001953 0.652498
vt 1.001953 0.023638
vt 1.001953 0.110377
vt 1.001953 0.175432
vt 1.001953 0.218801
vt 1.001953 0.262171
vt 1.001953 0.305541
vt 1.294901 0.802481
vt 1.349828 0.802481
vt 1.386447 0.802481
vt 1.441375 0.802481
vt 1.496302 0.802481
vt 1.532921 0.802481
vt 1.587849 0.802481
vt 1.001953 0.809337
vt 1.001953 0.802481
vt 1.056881 0.802481
vt 1.093499 0.802481
vt 1.148427 0.802481
vt 1.203355 0.802481
vt 1.239973 0.802481
vt 1.001953 0.833433
vt 1.780991 0.535058
s 1
usemtl cart
f 1392/1561/573 1398/1562/574 1439/1563/575
f 1218/1564/576 1402/1565/577 1400/1566/578
f 1224/1567/579 1403/1568/580 1402/1565/577
f 1403/1568/580 1236/1569/581 1405/1570/582
f 1236/1569/581 1406/1571/583 1405/1570/582
f 1242/1572/584 1407/1573/585 1406/1571/583
f 1248/1574/586 1408/1575/587 1407/1573/585
f 1254/1576/588 1410/1577/589 1408/1575/587
f 1410/1577/589 1266/1578/590 1411/1579/591
f 1266/1578/590 1412/1580/592 1411/1579/591
f 1272/1581/593 1414/1582/594 1412/1580/592
f 1278/1583/595 1415/1584/596 1414/1582/594
f 1415/1584/596 1290/1585/597 1416/1586/598
f 1290/1585/597 1417/1587/599 1416/1586/598
f 1296/1588/600 1419/1589/601 1417/1587/599
f 1302/1590/602 1420/1591/603 1419/1592/601
f 1420/1591/603 1314/1593/604 1422/1594/605
f 1314/1593/604 1424/1595/606 1422/1594/605
f 1320/1596/607 1425/1597/608 1424/1595/606
f 1326/1598/609 1426/1599/610 1425/1597/608
f 1426/1599/610 1338/1600/611 1427/1601/612
f 1338/1600/611 1428/1602/613 1427/1601/612
f 1344/1603/614 1429/1604/615 1428/1602/613
f 1350/1605/616 1431/1606/617 1429/1604/615
f 1431/1606/617 1362/1607/618 1433/1608/619
f 1362/1607/618 1434/1609/620 1433/1608/619
f 1368/1610/621 1436/1611/622 1434/1609/620
f 1374/1612/623 1437/1613/624 1436/1611/622
f 1437/1613/624 1386/1614/625 1438/1615/626
f 1386/1614/625 1439/1563/575 1438/1615/626
f 1189/1616/627 1492/1617/628 1187/1618/628
f 1207/1619/629 1399/1620/630 1398/1562/574
f 1205/1621/631 1505/1622/632 1204/1623/632
f 1212/1624/633 1400/1566/578 1399/1620/630
f 1550/1625/634 1393/1626/635 1387/1627/636
f 1549/1628/637 1387/1627/636 1381/1629/638
f 1548/1630/639 1381/1629/638 1375/1631/640
f 1369/1632/641 1548/1630/639 1375/1631/640
f 1547/1633/642 1369/1632/641 1363/1634/643
f 1432/1635/644 1363/1634/643 1357/1636/645
f 1430/1637/646 1357/1636/645 1351/1638/647
f 1546/1639/648 1351/1638/647 1345/1640/649
f 1339/1641/650 1546/1639/648 1345/1640/649
f 1544/1642/651 1339/1641/650 1333/1643/652
f 1543/1644/653 1333/1643/652 1327/1645/654
f 1542/1646/655 1327/1645/654 1321/1647/656
f 1315/1648/657 1542/1646/655 1321/1647/656
f 1421/1649/658 1315/1648/657 1309/1650/659
f 1541/1651/660 1309/1650/659 1303/1652/661
f 1297/1653/662 1541/1654/660 1303/1655/661
f 1540/1656/663 1297/1653/662 1291/1657/664
f 1539/1658/665 1291/1657/664 1285/1659/666
f 1538/1660/667 1285/1659/666 1279/1661/668
f 1273/1662/669 1538/1660/667 1279/1661/668
f 1537/1663/670 1273/1662/669 1267/1664/671
f 1536/1665/672 1267/1664/671 1261/1666/673
f 1255/1667/674 1536/1665/672 1261/1666/673
f 1535/1668/675 1255/1667/674 1249/1669/676
f 1243/1670/677 1535/1668/675 1249/1669/676
f 1533/1671/678 1243/1670/677 1237/1672/679
f 1231/1673/680 1533/1671/678 1237/1672/679
f 1532/1674/681 1231/1673/680 1225/1675/682
f 1219/1676/683 1532/1674/681 1225/1675/682
f 1531/1677/684 1219/1676/683 1213/1678/685
f 1530/1679/686 1213/1678/685 1206/1680/687
f 1393/1626/635 1208/1681/688 1397/1682/689
f 1208/1681/688 1396/1683/690 1397/1682/689
f 1209/1684/691 1395/1685/692 1396/1683/690
f 1210/1686/693 1394/1687/694 1395/1685/692
f 1211/1688/695 1392/1561/573 1394/1687/694
f 1393/1626/635 1391/1689/696 1387/1627/636
f 1397/1682/689 1390/1690/697 1391/1689/696
f 1396/1683/690 1389/1691/698 1390/1690/697
f 1395/1685/692 1388/1692/699 1389/1691/698
f 1394/1687/694 1386/1614/625 1388/1692/699
f 1381/1629/638 1391/1689/696 1385/1693/700
f 1391/1689/696 1384/1694/701 1385/1693/700
f 1390/1690/697 1383/1695/702 1384/1694/701
f 1383/1695/702 1388/1692/699 1382/1696/703
f 1388/1692/699 1380/1697/704 1382/1696/703
f 1381/1629/638 1379/1698/705 1375/1631/640
f 1385/1693/700 1378/1699/706 1379/1698/705
f 1384/1694/701 1377/1700/707 1378/1699/706
f 1383/1695/702 1376/1701/708 1377/1700/707
f 1382/1696/703 1374/1612/623 1376/1701/708
f 1375/1631/640 1373/1702/709 1369/1632/641
f 1379/1698/705 1372/1703/710 1373/1702/709
f 1378/1699/706 1371/1704/711 1372/1703/710
f 1377/1700/707 1370/1705/712 1371/1704/711
f 1370/1705/712 1374/1612/623 1368/1610/621
f 1369/1632/641 1367/1706/713 1363/1634/643
f 1367/1706/713 1372/1703/710 1366/1707/714
f 1372/1703/710 1365/1708/715 1366/1707/714
f 1371/1704/711 1364/1709/716 1365/1708/715
f 1364/1709/716 1368/1610/621 1362/1607/618
f 1363/1634/643 1361/1710/717 1357/1636/645
f 1367/1706/713 1360/1711/718 1361/1710/717
f 1366/1707/714 1359/1712/719 1360/1711/718
f 1365/1708/715 1358/1713/720 1359/1712/719
f 1364/1709/716 1356/1714/721 1358/1713/720
f 1357/1636/645 1355/1715/722 1351/1638/647
f 1361/1710/717 1354/1716/723 1355/1715/722
f 1360/1711/718 1353/1717/724 1354/1716/723
f 1359/1712/719 1352/1718/725 1353/1717/724
f 1352/1718/725 1356/1714/721 1350/1605/616
f 1345/1640/649 1355/1715/722 1349/1719/726
f 1355/1715/722 1348/1720/727 1349/1719/726
f 1354/1716/723 1347/1721/728 1348/1720/727
f 1353/1717/724 1346/1722/729 1347/1721/728
f 1352/1718/725 1344/1603/614 1346/1722/729
f 1345/1640/649 1343/1723/730 1339/1641/650
f 1349/1719/726 1342/1724/731 1343/1723/730
f 1348/1720/727 1341/1725/732 1342/1724/731
f 1347/1721/728 1340/1726/733 1341/1725/732
f 1346/1722/729 1338/1600/611 1340/1726/733
f 1333/1643/652 1343/1723/730 1337/1727/734
f 1343/1723/730 1336/1728/735 1337/1727/734
f 1342/1724/731 1335/1729/736 1336/1728/735
f 1335/1729/736 1340/1726/733 1334/1730/737
f 1340/1726/733 1332/1731/738 1334/1730/737
f 1333/1643/652 1331/1732/739 1327/1645/654
f 1337/1727/734 1330/1733/740 1331/1732/739
f 1336/1728/735 1329/1734/741 1330/1733/740
f 1335/1729/736 1328/1735/742 1329/1734/741
f 1334/1730/737 1326/1598/609 1328/1735/742
f 1327/1645/654 1325/1736/743 1321/1647/656
f 1331/1732/739 1324/1737/744 1325/1736/743
f 1330/1733/740 1323/1738/745 1324/1737/744
f 1329/1734/741 1322/1739/746 1323/1738/745
f 1322/1739/746 1326/1598/609 1320/1596/607
f 1321/1647/656 1319/1740/747 1315/1648/657
f 1319/1740/747 1324/1737/744 1318/1741/748
f 1324/1737/744 1317/1742/749 1318/1741/748
f 1323/1738/745 1316/1743/750 1317/1742/749
f 1316/1743/750 1320/1596/607 1314/1593/604
f 1315/1648/657 1313/1744/751 1309/1650/659
f 1319/1740/747 1312/1745/752 1313/1744/751
f 1318/1741/748 1311/1746/753 1312/1745/752
f 1317/1742/749 1310/1747/754 1311/1746/753
f 1316/1743/750 1308/1748/755 1310/1747/754
f 1309/1650/659 1307/1749/756 1303/1652/661
f 1313/1744/751 1306/1750/757 1307/1749/756
f 1312/1745/752 1305/1751/758 1306/1750/757
f 1311/1746/753 1304/1752/759 1305/1751/758
f 1304/1752/759 1308/1748/755 1302/1590/602
f 1297/1653/662 1307/1753/756 1301/1754/760
f 1307/1753/756 1300/1755/761 1301/1754/760
f 1306/1756/757 1299/1757/762 1300/1755/761
f 1305/1758/758 1298/1759/763 1299/1757/762
f 1304/1760/759 1296/1588/600 1298/1759/763
f 1297/1653/662 1295/1761/764 1291/1657/664
f 1301/1754/760 1294/1762/765 1295/1761/764
f 1300/1755/761 1293/1763/766 1294/1762/765
f 1293/1763/766 1298/1759/763 1292/1764/767
f 1292/1764/767 1296/1588/600 1290/1585/597
f 1291/1657/664 1289/1765/768 1285/1659/666
f 1295/1761/764 1288/1766/769 1289/1765/768
f 1294/1762/765 1287/1767/770 1288/1766/769
f 1293/1763/766 1286/1768/771 1287/1767/770
f 1292/1764/767 1284/1769/772 1286/1768/771
f 1285/1659/666 1283/1770/773 1279/1661/668
f 1289/1765/768 1282/1771/774 1283/1770/773
f 1288/1766/769 1281/1772/775 1282/1771/774
f 1287/1767/770 1280/1773/776 1281/1772/775
f 1280/1773/776 1284/1769/772 1278/1583/595
f 1273/1662/669 1283/1770/773 1277/1774/777
f 1283/1770/773 1276/1775/778 1277/1774/777
f 1282/1771/774 1275/1776/779 1276/1775/778
f 1281/1772/775 1274/1777/780 1275/1776/779
f 1280/1773/776 1272/1581/593 1274/1777/780
f 1273/1662/669 1271/1778/781 1267/1664/671
f 1277/1774/777 1270/1779/782 1271/1778/781
f 1276/1775/778 1269/1780/783 1270/1779/782
f 1269/1780/783 1274/1777/780 1268/1781/784
f 1274/1777/780 1266/1578/590 1268/1781/784
f 1267/1664/671 1265/1782/785 1261/1666/673
f 1271/1778/781 1264/1783/786 1265/1782/785
f 1270/1779/782 1263/1784/787 1264/1783/786
f 1269/1780/783 1262/1785/788 1263/1784/787
f 1268/1781/784 1260/1786/789 1262/1785/788
f 1261/1666/673 1259/1787/790 1255/1667/674
f 1265/1782/785 1258/1788/791 1259/1787/790
f 1264/1783/786 1257/1789/792 1258/1788/791
f 1263/1784/787 1256/1790/793 1257/1789/792
f 1256/1790/793 1260/1786/789 1254/1576/588
f 1249/1669/676 1259/1787/790 1253/1791/794
f 1259/1787/790 1252/1792/795 1253/1791/794
f 1258/1788/791 1251/1793/796 1252/1792/795
f 1257/1789/792 1250/1794/797 1251/1793/796
f 1256/1790/793 1248/1574/586 1250/1794/797
f 1249/1669/676 1247/1795/798 1243/1670/677
f 1253/1791/794 1246/1796/799 1247/1795/798
f 1252/1792/795 1245/1797/800 1246/1796/799
f 1251/1793/796 1244/1798/801 1245/1797/800
f 1250/1794/797 1242/1572/584 1244/1798/801
f 1243/1670/677 1241/1799/802 1237/1672/679
f 1241/1799/802 1246/1796/799 1240/1800/803
f 1246/1796/799 1239/1801/804 1240/1800/803
f 1245/1797/800 1238/1802/805 1239/1801/804
f 1244/1798/801 1236/1569/581 1238/1802/805
f 1237/1672/679 1235/1803/806 1231/1673/680
f 1235/1803/806 1240/1800/803 1234/1804/807
f 1240/1800/803 1233/1805/808 1234/1804/807
f 1239/1801/804 1232/1806/809 1233/1805/808
f 1238/1802/805 1230/1807/810 1232/1806/809
f 1231/1673/680 1229/1808/811 1225/1675/682
f 1229/1808/811 1234/1804/807 1228/1809/812
f 1234/1804/807 1227/1810/813 1228/1809/812
f 1233/1805/808 1226/1811/814 1227/1810/813
f 1232/1806/809 1224/1567/579 1226/1811/814
f 1225/1675/682 1223/1812/815 1219/1676/683
f 1229/1808/811 1222/1813/816 1223/1812/815
f 1228/1809/812 1221/1814/817 1222/1813/816
f 1221/1814/817 1226/1811/814 1220/1815/818
f 1220/1815/818 1224/1567/579 1218/1564/576
f 1213/1678/685 1223/1812/815 1217/1816/819
f 1223/1812/815 1216/1817/820 1217/1816/819
f 1222/1813/816 1215/1818/821 1216/1817/820
f 1221/1814/817 1214/1819/822 1215/1818/821
f 1220/1815/818 1212/1624/633 1214/1819/822
f 1213/1678/685 1208/1681/688 1206/1680/687
f 1217/1816/819 1209/1684/691 1208/1681/688
f 1216/1817/820 1210/1686/693 1209/1684/691
f 1215/1818/821 1211/1688/695 1210/1686/693
f 1211/1688/695 1212/1624/633 1207/1619/629
f 1393/1626/635 1530/1679/686 1206/1680/687
f 1165/1820/823 1399/1821/823 1166/1822/823
f 1507/1823/824 1440/1824/824 1529/1825/824
f 1166/1822/823 1400/1826/823 1167/1827/823
f 1440/1824/824 1528/1828/824 1529/1825/824
f 1168/1829/823 1400/1826/823 1402/1830/823
f 1550/1831/824 1203/1832/824 1528/1828/824
f 1168/1829/823 1403/1833/823 1169/1834/823
f 1203/1832/824 1548/1835/824 1527/1836/824
f 1170/1837/823 1403/1833/823 1405/1838/823
f 1548/1835/824 1200/1839/824 1527/1836/824
f 1170/1837/823 1406/1840/823 1172/1841/823
f 1200/1839/824 1547/1842/824 1198/1843/824
f 1172/1841/823 1407/1844/823 1173/1845/823
f 1547/1842/824 1526/1846/824 1198/1843/824
f 1173/1845/823 1408/1847/823 1175/1848/823
f 1432/1849/824 1525/1850/824 1526/1846/824
f 1175/1848/823 1410/1851/823 1177/1852/823
f 1525/1850/824 1546/1853/824 1524/1854/824
f 1177/1852/823 1411/1855/823 1178/1856/823
f 1546/1853/824 1523/1857/824 1524/1854/824
f 1179/1858/823 1411/1855/823 1412/1859/823
f 1545/1860/824 1522/1861/824 1523/1857/824
f 1179/1858/823 1414/1862/823 1181/1863/823
f 1522/1861/824 1543/1864/824 1521/1865/824
f 1182/1866/823 1414/1862/823 1415/1867/823
f 1543/1864/824 1520/1868/824 1521/1865/824
f 1182/1866/823 1416/1869/823 1184/1870/823
f 1520/1868/824 1423/1871/824 1519/1872/824
f 1184/1870/823 1417/1873/823 1185/1874/823
f 1423/1871/824 1188/1875/824 1519/1872/824
f 1185/1874/823 1419/1876/823 1186/1877/823
f 1421/1878/824 1518/1879/824 1188/1875/824
f 1186/1880/823 1420/1881/823 1187/1882/823
f 1518/1883/824 1418/1884/824 1517/1885/824
f 1187/1882/823 1422/1886/823 1189/1887/823
f 1418/1884/824 1516/1888/824 1517/1885/824
f 1190/1889/823 1422/1886/823 1424/1890/823
f 1540/1891/824 1183/1892/824 1516/1888/824
f 1190/1889/823 1425/1893/823 1191/1894/823
f 1183/1892/824 1538/1895/824 1515/1896/824
f 1192/1897/823 1425/1893/823 1426/1898/823
f 1538/1895/824 1180/1899/824 1515/1896/824
f 1192/1897/823 1427/1900/823 1193/1901/823
f 1180/1899/824 1537/1902/824 1514/1903/824
f 1193/1901/823 1428/1904/823 1194/1905/823
f 1537/1902/824 1513/1906/824 1514/1903/824
f 1194/1905/823 1429/1907/823 1195/1908/823
f 1536/1909/824 1176/1910/824 1513/1906/824
f 1195/1908/823 1431/1911/823 1196/1912/823
f 1176/1910/824 1535/1913/824 1174/1914/824
f 1196/1912/823 1433/1915/823 1197/1916/823
f 1535/1913/824 1512/1917/824 1174/1914/824
f 1199/1918/823 1433/1915/823 1434/1919/823
f 1534/1920/824 1171/1921/824 1512/1917/824
f 1199/1918/823 1436/1922/823 1201/1923/823
f 1171/1921/824 1404/1924/824 1511/1925/824
f 1202/1926/823 1436/1922/823 1437/1927/823
f 1404/1924/824 1510/1928/824 1511/1925/824
f 1202/1926/823 1438/1929/823 1204/1930/823
f 1510/1928/824 1401/1931/824 1509/1932/824
f 1204/1930/823 1439/1933/823 1205/1934/823
f 1401/1931/824 1508/1935/824 1509/1932/824
f 1205/1934/823 1398/1936/823 1165/1820/823
f 1531/1937/824 1507/1823/824 1508/1935/824
f 1170/1938/825 1479/1939/826 1169/1940/826
f 1528/1941/632 1474/1942/631 1529/1943/631
f 1519/1944/627 1460/1945/628 1461/1946/627
f 1511/1947/826 1448/1948/825 1171/1949/825
f 1165/1950/827 1506/1951/631 1205/1621/631
f 1190/1952/828 1493/1953/627 1189/1616/627
f 1172/1954/829 1480/1955/825 1170/1938/825
f 1529/1943/631 1444/1956/827 1507/1957/827
f 1519/1944/627 1462/1958/828 1520/1959/828
f 1512/1960/829 1448/1948/825 1449/1961/829
f 1191/1962/830 1494/1963/828 1190/1952/828
f 1173/1964/831 1481/1965/829 1172/1954/829
f 1520/1959/828 1463/1966/830 1521/1967/830
f 1512/1960/829 1450/1968/831 1174/1969/831
f 1192/1970/832 1495/1971/830 1191/1962/830
f 1175/1972/833 1482/1973/831 1173/1964/831
f 1521/1967/830 1464/1974/832 1522/1975/832
f 1174/1969/831 1451/1976/833 1176/1977/833
f 1193/1978/834 1496/1979/832 1192/1970/832
f 1177/1980/835 1483/1981/833 1175/1972/833
f 1522/1975/832 1465/1982/834 1523/1983/834
f 1513/1984/835 1451/1976/833 1452/1985/835
f 1194/1986/836 1497/1987/834 1193/1978/834
f 1178/1988/837 1484/1989/835 1177/1980/835
f 1523/1983/834 1466/1990/836 1524/1991/836
f 1513/1984/835 1453/1992/837 1514/1993/837
f 1195/1994/838 1498/1995/836 1194/1986/836
f 1179/1996/839 1485/1997/837 1178/1988/837
f 1524/1991/836 1467/1998/838 1525/1999/838
f 1514/1993/837 1454/2000/839 1180/2001/839
f 1196/2002/840 1499/2003/838 1195/1994/838
f 1181/2004/841 1486/2005/839 1179/1996/839
f 1525/1999/838 1468/2006/840 1526/2007/840
f 1515/2008/841 1454/2000/839 1455/2009/841
f 1197/2010/842 1500/2011/840 1196/2002/840
f 1182/2012/843 1487/2013/841 1181/2004/841
f 1526/2007/840 1469/2014/842 1198/2015/842
f 1515/2008/841 1456/2016/843 1183/2017/843
f 1199/2018/844 1501/2019/842 1197/2010/842
f 1184/2020/845 1488/2021/843 1182/2012/843
f 1166/2022/846 1475/2023/827 1165/1950/827
f 1198/2015/842 1470/2024/844 1200/2025/844
f 1516/2026/845 1456/2016/843 1457/2027/845
f 1507/1957/827 1443/2028/846 1508/2029/846
f 1201/2030/847 1502/2031/844 1199/2018/844
f 1185/2032/848 1489/2033/845 1184/2020/845
f 1167/2034/849 1476/2035/846 1166/2022/846
f 1527/2036/847 1470/2024/844 1471/2037/847
f 1516/2026/845 1458/2038/848 1517/2039/848
f 1508/2029/846 1445/2040/849 1509/2041/849
f 1202/2042/850 1503/2043/847 1201/2030/847
f 1186/2044/851 1490/2045/848 1185/2032/848
f 1168/2046/852 1477/2047/849 1167/2034/849
f 1527/2036/847 1472/2048/850 1203/2049/850
f 1518/2050/851 1458/2038/848 1459/2051/851
f 1509/2041/849 1446/2052/852 1510/2053/852
f 1204/1623/632 1504/2054/850 1202/2042/850
f 1187/1618/628 1491/2055/851 1186/2056/851
f 1169/1940/826 1478/2057/852 1168/2046/852
f 1528/1941/632 1472/2048/850 1473/2058/632
f 1518/2059/851 1460/1945/628 1188/2060/628
f 1510/2053/852 1447/2061/826 1511/1947/826
f 1442/2062/824 1443/2063/824 1444/2064/824
f 1442/2062/824 1445/2065/824 1443/2063/824
f 1442/2062/824 1446/2066/824 1445/2065/824
f 1442/2062/824 1447/2067/824 1446/2066/824
f 1442/2062/824 1448/2068/824 1447/2067/824
f 1442/2062/824 1449/2069/824 1448/2068/824
f 1442/2062/824 1450/2070/824 1449/2069/824
f 1442/2062/824 1451/2071/824 1450/2070/824
f 1442/2062/824 1452/2072/824 1451/2071/824
f 1442/2062/824 1453/2073/824 1452/2072/824
f 1442/2062/824 1454/2074/824 1453/2073/824
f 1442/2062/824 1455/2075/824 1454/2074/824
f 1442/2062/824 1456/2076/824 1455/2075/824
f 1442/2062/824 1457/2077/824 1456/2076/824
f 1442/2062/824 1458/2078/824 1457/2077/824
f 1442/2062/824 1459/2079/824 1458/2078/824
f 1442/2062/824 1460/2080/824 1459/2079/824
f 1442/2062/824 1461/2081/824 1460/2080/824
f 1442/2062/824 1462/2082/824 1461/2081/824
f 1442/2062/824 1463/2083/824 1462/2082/824
f 1442/2062/824 1464/2084/824 1463/2083/824
f 1442/2062/824 1465/2085/824 1464/2084/824
f 1442/2062/824 1466/2086/824 1465/2085/824
f 1442/2062/824 1467/2087/824 1466/2086/824
f 1442/2062/824 1468/2088/824 1467/2087/824
f 1442/2062/824 1469/2089/824 1468/2088/824
f 1442/2062/824 1470/2090/824 1469/2089/824
f 1442/2062/824 1471/2091/824 1470/2090/824
f 1442/2062/824 1472/2092/824 1471/2091/824
f 1442/2062/824 1473/2093/824 1472/2092/824
f 1442/2062/824 1474/2094/824 1473/2093/824
f 1442/2062/824 1444/2064/824 1474/2094/824
f 1441/2095/823 1475/2096/823 1476/2097/823
f 1441/2095/823 1476/2097/823 1477/2098/823
f 1441/2095/823 1477/2098/823 1478/2099/823
f 1441/2095/823 1478/2099/823 1479/2100/823
f 1441/2095/823 1479/2100/823 1480/2101/823
f 1441/2095/823 1480/2101/823 1481/2102/823
f 1441/2095/823 1481/2102/823 1482/2103/823
f 1441/2095/823 1482/2103/823 1483/2104/823
f 1441/2095/823 1483/2104/823 1484/2105/823
f 1441/2095/823 1484/2105/823 1485/2106/823
f 1441/2095/823 1485/2106/823 1486/2107/823
f 1441/2095/823 1486/2107/823 1487/2108/823
f 1441/2095/823 1487/2108/823 1488/2109/823
f 1441/2095/823 1488/2109/823 1489/2110/823
f 1441/2095/823 1489/2110/823 1490/2111/823
f 1441/2095/823 1490/2111/823 1491/2112/823
f 1441/2095/823 1491/2112/823 1492/2113/823
f 1441/2095/823 1492/2113/823 1493/2114/823
f 1441/2095/823 1493/2114/823 1494/2115/823
f 1441/2095/823 1494/2115/823 1495/2116/823
f 1441/2095/823 1495/2116/823 1496/2117/823
f 1441/2095/823 1496/2117/823 1497/2118/823
f 1441/2095/823 1497/2118/823 1498/2119/823
f 1441/2095/823 1498/2119/823 1499/2120/823
f 1441/2095/823 1499/2120/823 1500/2121/823
f 1441/2095/823 1500/2121/823 1501/2122/823
f 1441/2095/823 1501/2122/823 1502/2123/823
f 1441/2095/823 1502/2123/823 1503/2124/823
f 1441/2095/823 1503/2124/823 1504/2125/823
f 1441/2095/823 1504/2125/823 1505/2126/823
f 1441/2095/823 1505/2126/823 1506/2127/823
f 1441/2095/823 1506/2127/823 1475/2096/823
f 1392/1561/573 1207/1619/629 1398/1562/574
f 1218/1564/576 1224/1567/579 1402/1565/577
f 1224/1567/579 1230/1807/810 1403/1568/580
f 1403/1568/580 1230/1807/810 1236/1569/581
f 1236/1569/581 1242/1572/584 1406/1571/583
f 1242/1572/584 1248/1574/586 1407/1573/585
f 1248/1574/586 1254/1576/588 1408/1575/587
f 1254/1576/588 1260/1786/789 1410/1577/589
f 1410/1577/589 1260/1786/789 1266/1578/590
f 1266/1578/590 1272/1581/593 1412/1580/592
f 1272/1581/593 1278/1583/595 1414/1582/594
f 1278/1583/595 1284/1769/772 1415/1584/596
f 1415/1584/596 1284/1769/772 1290/1585/597
f 1290/1585/597 1296/1588/600 1417/1587/599
f 1296/1588/600 1302/2128/602 1419/1589/601
f 1302/1590/602 1308/1748/755 1420/1591/603
f 1420/1591/603 1308/1748/755 1314/1593/604
f 1314/1593/604 1320/1596/607 1424/1595/606
f 1320/1596/607 1326/1598/609 1425/1597/608
f 1326/1598/609 1332/1731/738 1426/1599/610
f 1426/1599/610 1332/1731/738 1338/1600/611
f 1338/1600/611 1344/1603/614 1428/1602/613
f 1344/1603/614 1350/1605/616 1429/1604/615
f 1350/1605/616 1356/1714/721 1431/1606/617
f 1431/1606/617 1356/1714/721 1362/1607/618
f 1362/1607/618 1368/1610/621 1434/1609/620
f 1368/1610/621 1374/1612/623 1436/1611/622
f 1374/1612/623 1380/1697/704 1437/1613/624
f 1437/1613/624 1380/1697/704 1386/1614/625
f 1386/1614/625 1392/1561/573 1439/1563/575
f 1189/1616/627 1493/1953/627 1492/1617/628
f 1207/1619/629 1212/1624/633 1399/1620/630
f 1205/1621/631 1506/1951/631 1505/1622/632
f 1212/1624/633 1218/1564/576 1400/1566/578
f 1550/1625/634 1440/2129/853 1393/1626/635
f 1549/1628/637 1550/1625/634 1387/1627/636
f 1548/1630/639 1549/1628/637 1381/1629/638
f 1369/1632/641 1435/2130/854 1548/1630/639
f 1547/1633/642 1435/2130/854 1369/1632/641
f 1432/1635/644 1547/1633/642 1363/1634/643
f 1430/1637/646 1432/1635/644 1357/1636/645
f 1546/1639/648 1430/1637/646 1351/1638/647
f 1339/1641/650 1545/2131/855 1546/1639/648
f 1544/1642/651 1545/2131/855 1339/1641/650
f 1543/1644/653 1544/1642/651 1333/1643/652
f 1542/1646/655 1543/1644/653 1327/1645/654
f 1315/1648/657 1423/2132/856 1542/1646/655
f 1421/1649/658 1423/2132/856 1315/1648/657
f 1541/1651/660 1421/1649/658 1309/1650/659
f 1297/1653/662 1418/2133/857 1541/1654/660
f 1540/1656/663 1418/2133/857 1297/1653/662
f 1539/1658/665 1540/1656/663 1291/1657/664
f 1538/1660/667 1539/1658/665 1285/1659/666
f 1273/1662/669 1413/2134/858 1538/1660/667
f 1537/1663/670 1413/2134/858 1273/1662/669
f 1536/1665/672 1537/1663/670 1267/1664/671
f 1255/1667/674 1409/2135/859 1536/1665/672
f 1535/1668/675 1409/2135/859 1255/1667/674
f 1243/1670/677 1534/2136/860 1535/1668/675
f 1533/1671/678 1534/2136/860 1243/1670/677
f 1231/1673/680 1404/2137/861 1533/1671/678
f 1532/1674/681 1404/2137/861 1231/1673/680
f 1219/1676/683 1401/2138/862 1532/1674/681
f 1531/1677/684 1401/2138/862 1219/1676/683
f 1530/1679/686 1531/1677/684 1213/1678/685
f 1393/1626/635 1206/1680/687 1208/1681/688
f 1208/1681/688 1209/1684/691 1396/1683/690
f 1209/1684/691 1210/1686/693 1395/1685/692
f 1210/1686/693 1211/1688/695 1394/1687/694
f 1211/1688/695 1207/1619/629 1392/1561/573
f 1393/1626/635 1397/1682/689 1391/1689/696
f 1397/1682/689 1396/1683/690 1390/1690/697
f 1396/1683/690 1395/1685/692 1389/1691/698
f 1395/1685/692 1394/1687/694 1388/1692/699
f 1394/1687/694 1392/1561/573 1386/1614/625
f 1381/1629/638 1387/1627/636 1391/1689/696
f 1391/1689/696 1390/1690/697 1384/1694/701
f 1390/1690/697 1389/1691/698 1383/1695/702
f 1383/1695/702 1389/1691/698 1388/1692/699
f 1388/1692/699 1386/1614/625 1380/1697/704
f 1381/1629/638 1385/1693/700 1379/1698/705
f 1385/1693/700 1384/1694/701 1378/1699/706
f 1384/1694/701 1383/1695/702 1377/1700/707
f 1383/1695/702 1382/1696/703 1376/1701/708
f 1382/1696/703 1380/1697/704 1374/1612/623
f 1375/1631/640 1379/1698/705 1373/1702/709
f 1379/1698/705 1378/1699/706 1372/1703/710
f 1378/1699/706 1377/1700/707 1371/1704/711
f 1377/1700/707 1376/1701/708 1370/1705/712
f 1370/1705/712 1376/1701/708 1374/1612/623
f 1369/1632/641 1373/1702/709 1367/1706/713
f 1367/1706/713 1373/1702/709 1372/1703/710
f 1372/1703/710 1371/1704/711 1365/1708/715
f 1371/1704/711 1370/1705/712 1364/1709/716
f 1364/1709/716 1370/1705/712 1368/1610/621
f 1363/1634/643 1367/1706/713 1361/1710/717
f 1367/1706/713 1366/1707/714 1360/1711/718
f 1366/1707/714 1365/1708/715 1359/1712/719
f 1365/1708/715 1364/1709/716 1358/1713/720
f 1364/1709/716 1362/1607/618 1356/1714/721
f 1357/1636/645 1361/1710/717 1355/1715/722
f 1361/1710/717 1360/1711/718 1354/1716/723
f 1360/1711/718 1359/1712/719 1353/1717/724
f 1359/1712/719 1358/1713/720 1352/1718/725
f 1352/1718/725 1358/1713/720 1356/1714/721
f 1345/1640/649 1351/1638/647 1355/1715/722
f 1355/1715/722 1354/1716/723 1348/1720/727
f 1354/1716/723 1353/1717/724 1347/1721/728
f 1353/1717/724 1352/1718/725 1346/1722/729
f 1352/1718/725 1350/1605/616 1344/1603/614
f 1345/1640/649 1349/1719/726 1343/1723/730
f 1349/1719/726 1348/1720/727 1342/1724/731
f 1348/1720/727 1347/1721/728 1341/1725/732
f 1347/1721/728 1346/1722/729 1340/1726/733
f 1346/1722/729 1344/1603/614 1338/1600/611
f 1333/1643/652 1339/1641/650 1343/1723/730
f 1343/1723/730 1342/1724/731 1336/1728/735
f 1342/1724/731 1341/1725/732 1335/1729/736
f 1335/1729/736 1341/1725/732 1340/1726/733
f 1340/1726/733 1338/1600/611 1332/1731/738
f 1333/1643/652 1337/1727/734 1331/1732/739
f 1337/1727/734 1336/1728/735 1330/1733/740
f 1336/1728/735 1335/1729/736 1329/1734/741
f 1335/1729/736 1334/1730/737 1328/1735/742
f 1334/1730/737 1332/1731/738 1326/1598/609
f 1327/1645/654 1331/1732/739 1325/1736/743
f 1331/1732/739 1330/1733/740 1324/1737/744
f 1330/1733/740 1329/1734/741 1323/1738/745
f 1329/1734/741 1328/1735/742 1322/1739/746
f 1322/1739/746 1328/1735/742 1326/1598/609
f 1321/1647/656 1325/1736/743 1319/1740/747
f 1319/1740/747 1325/1736/743 1324/1737/744
f 1324/1737/744 1323/1738/745 1317/1742/749
f 1323/1738/745 1322/1739/746 1316/1743/750
f 1316/1743/750 1322/1739/746 1320/1596/607
f 1315/1648/657 1319/1740/747 1313/1744/751
f 1319/1740/747 1318/1741/748 1312/1745/752
f 1318/1741/748 1317/1742/749 1311/1746/753
f 1317/1742/749 1316/1743/750 1310/1747/754
f 1316/1743/750 1314/1593/604 1308/1748/755
f 1309/1650/659 1313/1744/751 1307/1749/756
f 1313/1744/751 1312/1745/752 1306/1750/757
f 1312/1745/752 1311/1746/753 1305/1751/758
f 1311/1746/753 1310/1747/754 1304/1752/759
f 1304/1752/759 1310/1747/754 1308/1748/755
f 1297/1653/662 1303/1655/661 1307/1753/756
f 1307/1753/756 1306/1756/757 1300/1755/761
f 1306/1756/757 1305/1758/758 1299/1757/762
f 1305/1758/758 1304/1760/759 1298/1759/763
f 1304/1760/759 1302/2128/602 1296/1588/600
f 1297/1653/662 1301/1754/760 1295/1761/764
f 1301/1754/760 1300/1755/761 1294/1762/765
f 1300/1755/761 1299/1757/762 1293/1763/766
f 1293/1763/766 1299/1757/762 1298/1759/763
f 1292/1764/767 1298/1759/763 1296/1588/600
f 1291/1657/664 1295/1761/764 1289/1765/768
f 1295/1761/764 1294/1762/765 1288/1766/769
f 1294/1762/765 1293/1763/766 1287/1767/770
f 1293/1763/766 1292/1764/767 1286/1768/771
f 1292/1764/767 1290/1585/597 1284/1769/772
f 1285/1659/666 1289/1765/768 1283/1770/773
f 1289/1765/768 1288/1766/769 1282/1771/774
f 1288/1766/769 1287/1767/770 1281/1772/775
f 1287/1767/770 1286/1768/771 1280/1773/776
f 1280/1773/776 1286/1768/771 1284/1769/772
f 1273/1662/669 1279/1661/668 1283/1770/773
f 1283/1770/773 1282/1771/774 1276/1775/778
f 1282/1771/774 1281/1772/775 1275/1776/779
f 1281/1772/775 1280/1773/776 1274/1777/780
f 1280/1773/776 1278/1583/595 1272/1581/593
f 1273/1662/669 1277/1774/777 1271/1778/781
f 1277/1774/777 1276/1775/778 1270/1779/782
f 1276/1775/778 1275/1776/779 1269/1780/783
f 1269/1780/783 1275/1776/779 1274/1777/780
f 1274/1777/780 1272/1581/593 1266/1578/590
f 1267/1664/671 1271/1778/781 1265/1782/785
f 1271/1778/781 1270/1779/782 1264/1783/786
f 1270/1779/782 1269/1780/783 1263/1784/787
f 1269/1780/783 1268/1781/784 1262/1785/788
f 1268/1781/784 1266/1578/590 1260/1786/789
f 1261/1666/673 1265/1782/785 1259/1787/790
f 1265/1782/785 1264/1783/786 1258/1788/791
f 1264/1783/786 1263/1784/787 1257/1789/792
f 1263/1784/787 1262/1785/788 1256/1790/793
f 1256/1790/793 1262/1785/788 1260/1786/789
f 1249/1669/676 1255/1667/674 1259/1787/790
f 1259/1787/790 1258/1788/791 1252/1792/795
f 1258/1788/791 1257/1789/792 1251/1793/796
f 1257/1789/792 1256/1790/793 1250/1794/797
f 1256/1790/793 1254/1576/588 1248/1574/586
f 1249/1669/676 1253/1791/794 1247/1795/798
f 1253/1791/794 1252/1792/795 1246/1796/799
f 1252/1792/795 1251/1793/796 1245/1797/800
f 1251/1793/796 1250/1794/797 1244/1798/801
f 1250/1794/797 1248/1574/586 1242/1572/584
f 1243/1670/677 1247/1795/798 1241/1799/802
f 1241/1799/802 1247/1795/798 1246/1796/799
f 1246/1796/799 1245/1797/800 1239/1801/804
f 1245/1797/800 1244/1798/801 1238/1802/805
f 1244/1798/801 1242/1572/584 1236/1569/581
f 1237/1672/679 1241/1799/802 1235/1803/806
f 1235/1803/806 1241/1799/802 1240/1800/803
f 1240/1800/803 1239/1801/804 1233/1805/808
f 1239/1801/804 1238/1802/805 1232/1806/809
f 1238/1802/805 1236/1569/581 1230/1807/810
f 1231/1673/680 1235/1803/806 1229/1808/811
f 1229/1808/811 1235/1803/806 1234/1804/807
f 1234/1804/807 1233/1805/808 1227/1810/813
f 1233/1805/808 1232/1806/809 1226/1811/814
f 1232/1806/809 1230/1807/810 1224/1567/579
f 1225/1675/682 1229/1808/811 1223/1812/815
f 1229/1808/811 1228/1809/812 1222/1813/816
f 1228/1809/812 1227/1810/813 1221/1814/817
f 1221/1814/817 1227/1810/813 1226/1811/814
f 1220/1815/818 1226/1811/814 1224/1567/579
f 1213/1678/685 1219/1676/683 1223/1812/815
f 1223/1812/815 1222/1813/816 1216/1817/820
f 1222/1813/816 1221/1814/817 1215/1818/821
f 1221/1814/817 1220/1815/818 1214/1819/822
f 1220/1815/818 1218/1564/576 1212/1624/633
f 1213/1678/685 1217/1816/819 1208/1681/688
f 1217/1816/819 1216/1817/820 1209/1684/691
f 1216/1817/820 1215/1818/821 1210/1686/693
f 1215/1818/821 1214/1819/822 1211/1688/695
f 1211/1688/695 1214/1819/822 1212/1624/633
f 1393/1626/635 1440/2129/853 1530/1679/686
f 1165/1820/823 1398/1936/823 1399/1821/823
f 1507/1823/824 1530/2139/824 1440/1824/824
f 1166/1822/823 1399/1821/823 1400/1826/823
f 1440/1824/824 1550/1831/824 1528/1828/824
f 1168/1829/823 1167/1827/823 1400/1826/823
f 1550/1831/824 1549/2140/824 1203/1832/824
f 1168/1829/823 1402/1830/823 1403/1833/823
f 1203/1832/824 1549/2140/824 1548/1835/824
f 1170/1837/823 1169/1834/823 1403/1833/823
f 1548/1835/824 1435/2141/824 1200/1839/824
f 1170/1837/823 1405/1838/823 1406/1840/823
f 1200/1839/824 1435/2141/824 1547/1842/824
f 1172/1841/823 1406/1840/823 1407/1844/823
f 1547/1842/824 1432/1849/824 1526/1846/824
f 1173/1845/823 1407/1844/823 1408/1847/823
f 1432/1849/824 1430/2142/824 1525/1850/824
f 1175/1848/823 1408/1847/823 1410/1851/823
f 1525/1850/824 1430/2142/824 1546/1853/824
f 1177/1852/823 1410/1851/823 1411/1855/823
f 1546/1853/824 1545/1860/824 1523/1857/824
f 1179/1858/823 1178/1856/823 1411/1855/823
f 1545/1860/824 1544/2143/824 1522/1861/824
f 1179/1858/823 1412/1859/823 1414/1862/823
f 1522/1861/824 1544/2143/824 1543/1864/824
f 1182/1866/823 1181/1863/823 1414/1862/823
f 1543/1864/824 1542/2144/824 1520/1868/824
f 1182/1866/823 1415/1867/823 1416/1869/823
f 1520/1868/824 1542/2144/824 1423/1871/824
f 1184/1870/823 1416/1869/823 1417/1873/823
f 1423/1871/824 1421/1878/824 1188/1875/824
f 1185/1874/823 1417/1873/823 1419/1876/823
f 1421/1878/824 1541/2145/824 1518/1879/824
f 1186/1880/823 1419/2146/823 1420/1881/823
f 1518/1883/824 1541/2147/824 1418/1884/824
f 1187/1882/823 1420/1881/823 1422/1886/823
f 1418/1884/824 1540/1891/824 1516/1888/824
f 1190/1889/823 1189/1887/823 1422/1886/823
f 1540/1891/824 1539/2148/824 1183/1892/824
f 1190/1889/823 1424/1890/823 1425/1893/823
f 1183/1892/824 1539/2148/824 1538/1895/824
f 1192/1897/823 1191/1894/823 1425/1893/823
f 1538/1895/824 1413/2149/824 1180/1899/824
f 1192/1897/823 1426/1898/823 1427/1900/823
f 1180/1899/824 1413/2149/824 1537/1902/824
f 1193/1901/823 1427/1900/823 1428/1904/823
f 1537/1902/824 1536/1909/824 1513/1906/824
f 1194/1905/823 1428/1904/823 1429/1907/823
f 1536/1909/824 1409/2150/824 1176/1910/824
f 1195/1908/823 1429/1907/823 1431/1911/823
f 1176/1910/824 1409/2150/824 1535/1913/824
f 1196/1912/823 1431/1911/823 1433/1915/823
f 1535/1913/824 1534/1920/824 1512/1917/824
f 1199/1918/823 1197/1916/823 1433/1915/823
f 1534/1920/824 1533/2151/824 1171/1921/824
f 1199/1918/823 1434/1919/823 1436/1922/823
f 1171/1921/824 1533/2151/824 1404/1924/824
f 1202/1926/823 1201/1923/823 1436/1922/823
f 1404/1924/824 1532/2152/824 1510/1928/824
f 1202/1926/823 1437/1927/823 1438/1929/823
f 1510/1928/824 1532/2152/824 1401/1931/824
f 1204/1930/823 1438/1929/823 1439/1933/823
f 1401/1931/824 1531/1937/824 1508/1935/824
f 1205/1934/823 1439/1933/823 1398/1936/823
f 1531/1937/824 1530/2139/824 1507/1823/824
f 1170/1938/825 1480/1955/825 1479/1939/826
f 1528/1941/632 1473/2058/632 1474/1942/631
f 1519/1944/627 1188/2060/628 1460/1945/628
f 1511/1947/826 1447/2061/826 1448/1948/825
f 1165/1950/827 1475/2023/827 1506/1951/631
f 1190/1952/828 1494/1963/828 1493/1953/627
f 1172/1954/829 1481/1965/829 1480/1955/825
f 1529/1943/631 1474/1942/631 1444/1956/827
f 1519/1944/627 1461/1946/627 1462/1958/828
f 1512/1960/829 1171/1949/825 1448/1948/825
f 1191/1962/830 1495/1971/830 1494/1963/828
f 1173/1964/831 1482/1973/831 1481/1965/829
f 1520/1959/828 1462/1958/828 1463/1966/830
f 1512/1960/829 1449/1961/829 1450/1968/831
f 1192/1970/832 1496/1979/832 1495/1971/830
f 1175/1972/833 1483/1981/833 1482/1973/831
f 1521/1967/830 1463/1966/830 1464/1974/832
f 1174/1969/831 1450/1968/831 1451/1976/833
f 1193/1978/834 1497/1987/834 1496/1979/832
f 1177/1980/835 1484/1989/835 1483/1981/833
f 1522/1975/832 1464/1974/832 1465/1982/834
f 1513/1984/835 1176/1977/833 1451/1976/833
f 1194/1986/836 1498/1995/836 1497/1987/834
f 1178/1988/837 1485/1997/837 1484/1989/835
f 1523/1983/834 1465/1982/834 1466/1990/836
f 1513/1984/835 1452/1985/835 1453/1992/837
f 1195/1994/838 1499/2003/838 1498/1995/836
f 1179/1996/839 1486/2005/839 1485/1997/837
f 1524/1991/836 1466/1990/836 1467/1998/838
f 1514/1993/837 1453/1992/837 1454/2000/839
f 1196/2002/840 1500/2011/840 1499/2003/838
f 1181/2004/841 1487/2013/841 1486/2005/839
f 1525/1999/838 1467/1998/838 1468/2006/840
f 1515/2008/841 1180/2001/839 1454/2000/839
f 1197/2010/842 1501/2019/842 1500/2011/840
f 1182/2012/843 1488/2021/843 1487/2013/841
f 1526/2007/840 1468/2006/840 1469/2014/842
f 1515/2008/841 1455/2009/841 1456/2016/843
f 1199/2018/844 1502/2031/844 1501/2019/842
f 1184/2020/845 1489/2033/845 1488/2021/843
f 1166/2022/846 1476/2035/846 1475/2023/827
f 1198/2015/842 1469/2014/842 1470/2024/844
f 1516/2026/845 1183/2017/843 1456/2016/843
f 1507/1957/827 1444/1956/827 1443/2028/846
f 1201/2030/847 1503/2043/847 1502/2031/844
f 1185/2032/848 1490/2045/848 1489/2033/845
f 1167/2034/849 1477/2047/849 1476/2035/846
f 1527/2036/847 1200/2025/844 1470/2024/844
f 1516/2026/845 1457/2027/845 1458/2038/848
f 1508/2029/846 1443/2028/846 1445/2040/849
f 1202/2042/850 1504/2054/850 1503/2043/847
f 1186/2044/851 1491/2153/851 1490/2045/848
f 1168/2046/852 1478/2057/852 1477/2047/849
f 1527/2036/847 1471/2037/847 1472/2048/850
f 1518/2050/851 1517/2039/848 1458/2038/848
f 1509/2041/849 1445/2040/849 1446/2052/852
f 1204/1623/632 1505/1622/632 1504/2054/850
f 1187/1618/628 1492/1617/628 1491/2055/851
f 1169/1940/826 1479/1939/826 1478/2057/852
f 1528/1941/632 1203/2049/850 1472/2048/850
f 1518/2059/851 1459/2154/851 1460/1945/628
f 1510/2053/852 1446/2052/852 1447/2061/826
o metal_barrel_low
v -0.246973 1.206695 -0.006377
v -0.246973 1.100953 -0.014742
v -0.246973 0.850113 -0.014742
v -0.246973 0.744371 -0.006377
v -0.192509 0.744371 -0.001013
v -0.190877 0.850113 -0.009217
v -0.190877 1.100953 -0.009217
v -0.192509 1.206695 -0.001013
v -0.140137 0.744371 0.014874
v -0.136936 0.850113 0.007146
v -0.136936 1.100953 0.007146
v -0.140137 1.206695 0.014874
v -0.091871 0.744371 0.040673
v -0.087224 0.850113 0.033717
v -0.087224 1.100953 0.033717
v -0.091871 1.206695 0.040673
v -0.049566 0.744371 0.075392
v -0.043651 0.850113 0.069477
v -0.043651 1.100953 0.069477
v -0.049566 1.206695 0.075392
v -0.014847 0.744371 0.117697
v -0.007891 0.850113 0.113050
v -0.007891 1.100953 0.113050
v -0.014847 1.206695 0.117697
v 0.010952 0.744371 0.165963
v 0.018680 0.850113 0.162762
v 0.018680 1.100953 0.162762
v 0.010952 1.206695 0.165963
v 0.026839 0.744371 0.218335
v 0.035043 0.850113 0.216703
v 0.035043 1.100953 0.216703
v 0.026839 1.206695 0.218335
v 0.032203 0.744371 0.272799
v 0.040568 0.850113 0.272799
v 0.040568 1.100953 0.272799
v 0.032203 1.206695 0.272799
v 0.026839 0.744371 0.327264
v 0.035043 0.850113 0.328896
v 0.035043 1.100953 0.328896
v 0.026839 1.206695 0.327264
v 0.010952 0.744371 0.379635
v 0.018680 0.850113 0.382837
v 0.018680 1.100953 0.382837
v 0.010952 1.206695 0.379635
v -0.014847 0.744371 0.427901
v -0.007891 0.850113 0.432549
v -0.007891 1.100953 0.432549
v -0.014847 1.206695 0.427901
v -0.049566 0.744371 0.470207
v -0.043651 0.850113 0.476122
v -0.043651 1.100953 0.476122
v -0.049566 1.206695 0.470207
v -0.091871 0.744371 0.504926
v -0.087224 0.850113 0.511881
v -0.087224 1.100953 0.511881
v -0.091871 1.206695 0.504926
v -0.140137 0.744371 0.530724
v -0.136936 0.850113 0.538453
v -0.136936 1.100953 0.538453
v -0.140137 1.206695 0.530724
v -0.192509 0.744371 0.546611
v -0.190877 0.850113 0.554816
v -0.190877 1.100953 0.554816
v -0.192509 1.206695 0.546611
v -0.246973 0.744371 0.551975
v -0.246973 0.850113 0.560341
v -0.246973 1.100953 0.560341
v -0.246973 1.206695 0.551975
v -0.301438 0.744371 0.546611
v -0.303070 0.850113 0.554816
v -0.303070 1.100953 0.554816
v -0.301438 1.206695 0.546611
v -0.353809 0.744371 0.530724
v -0.357011 0.850113 0.538453
v -0.357011 1.100953 0.538453
v -0.353809 1.206695 0.530724
v -0.402075 0.744371 0.504926
v -0.406723 0.850113 0.511881
v -0.406723 1.100953 0.511881
v -0.402075 1.206695 0.504926
v -0.444381 0.744371 0.470207
v -0.450296 0.850113 0.476122
v -0.450296 1.100953 0.476122
v -0.444381 1.206695 0.470207
v -0.479100 0.744371 0.427901
v -0.486055 0.850113 0.432549
v -0.486055 1.100953 0.432549
v -0.479100 1.206695 0.427901
v -0.504898 0.744371 0.379635
v -0.512627 0.850113 0.382837
v -0.512627 1.100953 0.382837
v -0.504898 1.206695 0.379635
v -0.520785 0.744371 0.327264
v -0.528990 0.850113 0.328896
v -0.528990 1.100953 0.328896
v -0.520785 1.206695 0.327264
v -0.526149 0.744371 0.272799
v -0.534515 0.850113 0.272799
v -0.534515 1.100953 0.272799
v -0.526149 1.206695 0.272799
v -0.520785 0.744371 0.218335
v -0.528990 0.850113 0.216703
v -0.528990 1.100953 0.216703
v -0.520785 1.206695 0.218335
v -0.504898 0.744371 0.165963
v -0.512627 0.850113 0.162762
v -0.512627 1.100953 0.162762
v -0.504898 1.206695 0.165963
v -0.479100 0.744371 0.117697
v -0.486055 0.850113 0.113050
v -0.486055 1.100953 0.113050
v -0.479100 1.206695 0.117697
v -0.444381 0.744371 0.075392
v -0.450296 0.850113 0.069477
v -0.450296 1.100953 0.069477
v -0.444381 1.206695 0.075392
v -0.402075 0.744371 0.040673
v -0.406723 0.850113 0.033717
v -0.406723 1.100953 0.033717
v -0.402075 1.206695 0.040673
v -0.353809 0.744371 0.014874
v -0.357011 0.850113 0.007146
v -0.357011 1.100953 0.007146
v -0.353809 1.206695 0.014874
v -0.301438 0.744371 -0.001013
v -0.303070 0.850113 -0.009217
v -0.303070 1.100953 -0.009217
v -0.301438 1.206695 -0.001013
v -0.246973 1.204797 0.012035
v -0.246973 1.099055 0.003669
v -0.246973 0.852011 0.003669
v -0.246973 0.746269 0.012035
v -0.196101 0.746269 0.017045
v -0.194469 0.852011 0.008840
v -0.194469 1.099055 0.008840
v -0.196101 1.204797 0.017045
v -0.147183 0.746269 0.031884
v -0.143982 0.852011 0.024156
v -0.143982 1.099055 0.024156
v -0.147183 1.204797 0.031884
v -0.102100 0.746269 0.055981
v -0.097453 0.852011 0.049026
v -0.097453 1.099055 0.049026
v -0.102100 1.204797 0.055981
v -0.062585 0.746269 0.088411
v -0.056670 0.852011 0.082496
v -0.056670 1.099055 0.082496
v -0.062585 1.204797 0.088411
v -0.030155 0.746269 0.127926
v -0.023200 0.852011 0.123279
v -0.023200 1.099055 0.123279
v -0.030155 1.204797 0.127926
v -0.006058 0.746269 0.173009
v 0.001670 0.852011 0.169808
v 0.001670 1.099055 0.169808
v -0.006058 1.204797 0.173009
v 0.008781 0.746269 0.221927
v 0.016986 0.852011 0.220295
v 0.016986 1.099055 0.220295
v 0.008781 1.204797 0.221927
v 0.013791 0.746269 0.272799
v 0.022157 0.852011 0.272799
v 0.022157 1.099055 0.272799
v 0.013791 1.204797 0.272799
v 0.008781 0.746269 0.323672
v 0.016986 0.852011 0.325304
v 0.016986 1.099055 0.325304
v 0.008781 1.204797 0.323672
v -0.006058 0.746269 0.372590
v 0.001670 0.852011 0.375791
v 0.001670 1.099055 0.375791
v -0.006058 1.204797 0.372590
v -0.030155 0.746269 0.417672
v -0.023200 0.852011 0.422320
v -0.023200 1.099055 0.422320
v -0.030155 1.204797 0.417672
v -0.062585 0.746269 0.457188
v -0.056670 0.852011 0.463103
v -0.056670 1.099055 0.463103
v -0.062585 1.204797 0.457188
v -0.102100 0.746269 0.489617
v -0.097453 0.852011 0.496573
v -0.097453 1.099055 0.496573
v -0.102100 1.204797 0.489617
v -0.147183 0.746269 0.513714
v -0.143982 0.852011 0.521443
v -0.143982 1.099055 0.521443
v -0.147183 1.204797 0.513714
v -0.196101 0.746269 0.528553
v -0.194469 0.852011 0.536758
v -0.194469 1.099055 0.536758
v -0.196101 1.204797 0.528553
v -0.246973 0.746269 0.533564
v -0.246973 0.852011 0.541929
v -0.246973 1.099055 0.541929
v -0.246973 1.204797 0.533564
v -0.297846 0.746269 0.528553
v -0.299478 0.852011 0.536758
v -0.299478 1.099055 0.536758
v -0.297846 1.204797 0.528553
v -0.346764 0.746269 0.513714
v -0.349965 0.852011 0.521443
v -0.349965 1.099055 0.521443
v -0.346764 1.204797 0.513714
v -0.391846 0.746269 0.489617
v -0.396494 0.852011 0.496573
v -0.396494 1.099055 0.496573
v -0.391846 1.204797 0.489617
v -0.431362 0.746269 0.457188
v -0.437277 0.852011 0.463103
v -0.437277 1.099055 0.463103
v -0.431362 1.204797 0.457188
v -0.463791 0.746269 0.417672
v -0.470747 0.852011 0.422320
v -0.470747 1.099055 0.422320
v -0.463791 1.204797 0.417672
v -0.487888 0.746269 0.372590
v -0.495617 0.852011 0.375791
v -0.495617 1.099055 0.375791
v -0.487888 1.204797 0.372590
v -0.502727 0.746269 0.323672
v -0.510932 0.852011 0.325304
v -0.510932 1.099055 0.325304
v -0.502727 1.204797 0.323672
v -0.507738 0.746269 0.272799
v -0.516103 0.852011 0.272799
v -0.516103 1.099055 0.272799
v -0.507738 1.204797 0.272799
v -0.502727 0.746269 0.221927
v -0.510932 0.852011 0.220295
v -0.510932 1.099055 0.220295
v -0.502727 1.204797 0.221927
v -0.487888 0.746269 0.173009
v -0.495617 0.852011 0.169808
v -0.495617 1.099055 0.169808
v -0.487888 1.204797 0.173009
v -0.463791 0.746269 0.127926
v -0.470747 0.852011 0.123279
v -0.470747 1.099055 0.123279
v -0.463791 1.204797 0.127926
v -0.431362 0.746269 0.088411
v -0.437277 0.852011 0.082496
v -0.437277 1.099055 0.082496
v -0.431362 1.204797 0.088411
v -0.391846 0.746269 0.055981
v -0.396494 0.852011 0.049026
v -0.396494 1.099055 0.049026
v -0.391846 1.204797 0.055981
v -0.346764 0.746269 0.031884
v -0.349965 0.852011 0.024156
v -0.349965 1.099055 0.024156
v -0.346764 1.204797 0.031884
v -0.297846 0.746269 0.017045
v -0.299478 0.852011 0.008840
v -0.299478 1.099055 0.008840
v -0.297846 1.204797 0.017045
vn -0.1945 0.0789 -0.9777
vn -0.0000 0.0789 -0.9969
vn -0.0000 -0.0789 -0.9969
vn -0.1945 -0.0789 -0.9777
vn -0.3815 0.0789 -0.9210
vn -0.3815 -0.0789 -0.9210
vn -0.5538 0.0789 -0.8289
vn -0.5538 -0.0789 -0.8289
vn -0.7049 0.0789 -0.7049
vn -0.7049 -0.0789 -0.7049
vn -0.8289 0.0789 -0.5538
vn -0.8289 -0.0789 -0.5538
vn -0.9210 0.0789 -0.3815
vn -0.9210 -0.0789 -0.3815
vn -0.9777 0.0789 -0.1945
vn -0.9777 -0.0789 -0.1945
vn -0.9969 0.0789 -0.0000
vn -0.9969 -0.0789 -0.0000
vn -0.9777 0.0789 0.1945
vn -0.9777 -0.0789 0.1945
vn -0.9210 0.0789 0.3815
vn -0.9210 -0.0789 0.3815
vn -0.8289 0.0789 0.5538
vn -0.8289 -0.0789 0.5538
vn -0.7049 0.0789 0.7049
vn -0.7049 -0.0789 0.7049
vn -0.5538 0.0789 0.8289
vn -0.5538 -0.0789 0.8289
vn -0.3815 0.0789 0.9210
vn -0.3815 -0.0789 0.9210
vn -0.1945 0.0789 0.9777
vn -0.1945 -0.0789 0.9777
vn -0.0000 0.0789 0.9969
vn -0.0000 -0.0789 0.9969
vn 0.1945 0.0789 0.9777
vn 0.1945 -0.0789 0.9777
vn 0.3815 0.0789 0.9210
vn 0.3815 -0.0789 0.9210
vn 0.5538 0.0789 0.8289
vn 0.5538 -0.0789 0.8289
vn 0.7049 0.0789 0.7049
vn 0.7049 -0.0789 0.7049
vn 0.8289 0.0789 0.5538
vn 0.8289 -0.0789 0.5538
vn 0.9210 0.0789 0.3815
vn 0.9210 -0.0789 0.3815
vn 0.9777 0.0789 0.1945
vn 0.9777 -0.0789 0.1945
vn 0.9969 0.0789 -0.0000
vn 0.9969 -0.0789 -0.0000
vn 0.9777 0.0789 -0.1945
vn 0.9777 -0.0789 -0.1945
vn 0.9210 0.0789 -0.3815
vn 0.9210 -0.0789 -0.3815
vn 0.8289 0.0789 -0.5538
vn 0.8289 -0.0789 -0.5538
vn 0.7049 0.0789 -0.7049
vn 0.7049 -0.0789 -0.7049
vn 0.5538 0.0789 -0.8289
vn 0.5538 -0.0789 -0.8289
vn 0.3815 0.0789 -0.9210
vn 0.3815 -0.0789 -0.9210
vn 0.1945 0.0789 -0.9777
vn 0.1945 -0.0789 -0.9777
vn -0.0200 -0.9947 -0.1006
vn -0.0000 -0.9947 -0.1025
vn 0.0200 0.9947 0.1006
vn -0.0000 0.9947 0.1025
vn 0.0200 -0.9947 0.1006
vn -0.0000 -0.9947 0.1025
vn -0.0200 0.9947 -0.1006
vn -0.0000 0.9947 -0.1025
vn -0.0392 -0.9947 -0.0947
vn 0.0392 0.9947 0.0947
vn 0.0392 -0.9947 0.0947
vn -0.0392 0.9947 -0.0947
vn -0.0570 -0.9947 -0.0852
vn 0.0570 0.9947 0.0852
vn 0.0570 -0.9947 0.0852
vn -0.0570 0.9947 -0.0852
vn -0.0725 -0.9947 -0.0725
vn 0.0725 0.9947 0.0725
vn 0.0725 -0.9947 0.0725
vn -0.0725 0.9947 -0.0725
vn -0.0852 -0.9947 -0.0570
vn 0.0852 0.9947 0.0570
vn 0.0852 -0.9947 0.0570
vn -0.0852 0.9947 -0.0570
vn -0.0947 -0.9947 -0.0392
vn 0.0947 0.9947 0.0392
vn 0.0947 -0.9947 0.0392
vn -0.0947 0.9947 -0.0392
vn -0.1006 -0.9947 -0.0200
vn 0.1006 0.9947 0.0200
vn 0.1006 -0.9947 0.0200
vn -0.1006 0.9947 -0.0200
vn -0.1025 -0.9947 -0.0000
vn 0.1025 0.9947 -0.0000
vn 0.1025 -0.9947 -0.0000
vn -0.1025 0.9947 -0.0000
vn -0.1006 -0.9947 0.0200
vn 0.1006 0.9947 -0.0200
vn 0.1006 -0.9947 -0.0200
vn -0.1006 0.9947 0.0200
vn -0.0947 -0.9947 0.0392
vn 0.0947 0.9947 -0.0392
vn 0.0947 -0.9947 -0.0392
vn -0.0947 0.9947 0.0392
vn -0.0852 -0.9947 0.0570
vn 0.0852 0.9947 -0.0570
vn 0.0852 -0.9947 -0.0570
vn -0.0852 0.9947 0.0570
vn -0.0725 -0.9947 0.0725
vn 0.0725 0.9947 -0.0725
vn 0.0725 -0.9947 -0.0725
vn -0.0725 0.9947 0.0725
vn -0.0570 -0.9947 0.0852
vn 0.0570 0.9947 -0.0852
vn 0.0570 -0.9947 -0.0852
vn -0.0570 0.9947 0.0852
vn -0.0392 -0.9947 0.0947
vn 0.0392 0.9947 -0.0947
vn 0.0392 -0.9947 -0.0947
vn -0.0392 0.9947 0.0947
vn -0.0200 -0.9947 0.1006
vn 0.0200 0.9947 -0.1006
vn 0.0200 -0.9947 -0.1006
vn -0.0200 0.9947 0.1006
vt 1.734610 0.356019
vt 1.774136 0.379623
vt 1.734610 0.379623
vt 1.688227 0.379622
vt 1.727754 0.356018
vt 1.727754 0.379622
vt 1.734610 0.332414
vt 1.774136 0.356019
vt 1.688227 0.332413
vt 1.688227 0.356018
vt 1.734610 0.308810
vt 1.774136 0.332414
vt 1.688227 0.308809
vt 1.727754 0.332413
vt 1.734610 0.285205
vt 1.774136 0.308810
vt 1.688227 0.285205
vt 1.727754 0.308809
vt 1.734610 0.261601
vt 1.774136 0.285205
vt 1.688227 0.261601
vt 1.727754 0.285205
vt 1.734610 0.237997
vt 1.774136 0.261601
vt 1.688227 0.237996
vt 1.727754 0.261601
vt 1.774136 0.214392
vt 1.774136 0.237997
vt 1.688227 0.214392
vt 1.727754 0.237996
vt 1.734610 0.214392
vt 1.774136 0.190788
vt 1.688227 0.190788
vt 1.727754 0.214392
vt 1.734610 0.167184
vt 1.734610 0.190788
vt 1.688227 0.167183
vt 1.727754 0.190788
vt 1.734610 0.143579
vt 1.774136 0.167184
vt 1.688227 0.143579
vt 1.727754 0.167183
vt 1.734610 0.119975
vt 1.774136 0.143579
vt 1.688227 0.119975
vt 1.727754 0.143579
vt 1.734610 0.096371
vt 1.774136 0.119975
vt 1.688228 0.096370
vt 1.727754 0.119975
vt 1.734610 0.072766
vt 1.774136 0.096371
vt 1.688228 0.072766
vt 1.727754 0.096370
vt 1.734610 0.049162
vt 1.774136 0.072766
vt 1.688228 0.049162
vt 1.727754 0.072766
vt 1.734610 0.025558
vt 1.774136 0.049162
vt 1.688228 0.025557
vt 1.727754 0.049162
vt 1.774136 0.001953
vt 1.774136 0.025558
vt 1.688228 0.001953
vt 1.727754 0.025557
vt 1.734610 0.733688
vt 1.774136 0.757293
vt 1.734610 0.757293
vt 1.688228 0.733687
vt 1.727754 0.757291
vt 1.688228 0.757291
vt 1.734610 0.710084
vt 1.774136 0.733688
vt 1.688227 0.710082
vt 1.727754 0.733687
vt 1.734610 0.686480
vt 1.774136 0.710084
vt 1.688227 0.686478
vt 1.727754 0.710082
vt 1.774136 0.662875
vt 1.774136 0.686480
vt 1.688227 0.662874
vt 1.727754 0.686478
vt 1.734610 0.639271
vt 1.734610 0.662875
vt 1.688227 0.639269
vt 1.727754 0.662874
vt 1.734610 0.615667
vt 1.774136 0.639271
vt 1.688227 0.615665
vt 1.727754 0.639269
vt 1.734610 0.592062
vt 1.774136 0.615667
vt 1.688227 0.592061
vt 1.727754 0.615665
vt 1.774136 0.568458
vt 1.774136 0.592062
vt 1.688227 0.568456
vt 1.727754 0.592061
vt 1.734610 0.544853
vt 1.734610 0.568458
vt 1.688227 0.544852
vt 1.727754 0.568456
vt 1.774136 0.521249
vt 1.774136 0.544853
vt 1.688227 0.521248
vt 1.727754 0.544852
vt 1.734610 0.521249
vt 1.774136 0.497645
vt 1.688227 0.497644
vt 1.727754 0.521248
vt 1.734610 0.497645
vt 1.774136 0.474040
vt 1.688227 0.474039
vt 1.727754 0.497644
vt 1.734610 0.450436
vt 1.734610 0.474040
vt 1.688227 0.450435
vt 1.727754 0.474039
vt 1.734610 0.426831
vt 1.774136 0.450436
vt 1.727754 0.426830
vt 1.727754 0.450435
vt 1.774136 0.403227
vt 1.774136 0.426831
vt 1.688227 0.403226
vt 1.688227 0.426830
vt 1.734610 0.403227
vt 1.727754 0.403226
vt 1.395184 0.877581
vt 1.372052 0.869744
vt 1.395184 0.869744
vt 1.383365 0.899129
vt 1.360929 0.906966
vt 1.360929 0.899129
vt 1.899865 0.383353
vt 1.907702 0.360918
vt 1.907702 0.383353
vt 1.348918 0.892274
vt 1.372049 0.884437
vt 1.372049 0.892274
vt 1.418315 0.877581
vt 1.418315 0.869744
vt 1.405801 0.906966
vt 1.383365 0.906966
vt 1.899865 0.405789
vt 1.907702 0.405789
vt 1.325787 0.892274
vt 1.348918 0.884437
vt 1.441446 0.869744
vt 1.441446 0.877581
vt 1.405801 0.899129
vt 1.428237 0.906966
vt 1.907702 0.428224
vt 1.899865 0.428224
vt 1.302656 0.892274
vt 1.325787 0.884437
vt 1.464577 0.877581
vt 1.464577 0.869744
vt 1.428237 0.899129
vt 1.450673 0.906966
vt 1.899865 0.450659
vt 1.907702 0.450659
vt 1.279525 0.892274
vt 1.302656 0.884437
vt 1.487708 0.869744
vt 1.487708 0.877581
vt 1.450673 0.899129
vt 1.473109 0.906966
vt 1.899865 0.473094
vt 1.907702 0.473094
vt 1.256394 0.884437
vt 1.279525 0.884437
vt 1.510839 0.877581
vt 1.510839 0.869744
vt 1.495545 0.899129
vt 1.473109 0.899129
vt 1.899865 0.495530
vt 1.907702 0.495530
vt 1.233263 0.892274
vt 1.256394 0.892274
vt 1.533971 0.869744
vt 1.533971 0.877581
vt 1.517981 0.899129
vt 1.495545 0.906966
vt 1.907702 0.517965
vt 1.899865 0.517965
vt 1.210132 0.884437
vt 1.233263 0.884437
vt 1.557102 0.869744
vt 1.557102 0.877581
vt 1.540417 0.906966
vt 1.517981 0.906966
vt 1.907702 0.540400
vt 1.899865 0.540400
vt 1.210132 0.892274
vt 1.187001 0.884437
vt 1.580233 0.869744
vt 1.580233 0.877581
vt 1.562853 0.899129
vt 1.540417 0.899129
vt 1.899866 0.562836
vt 1.907702 0.562836
vt 1.163870 0.892274
vt 1.187001 0.892274
vt 1.603364 0.869744
vt 1.603364 0.877581
vt 1.585289 0.906966
vt 1.562853 0.906966
vt 1.907702 0.585271
vt 1.899866 0.585271
vt 1.140739 0.892274
vt 1.163870 0.884437
vt 1.626496 0.869744
vt 1.626496 0.877581
vt 1.585289 0.899129
vt 1.607725 0.906966
vt 1.907702 0.607706
vt 1.899866 0.607706
vt 1.117608 0.892274
vt 1.140739 0.884437
vt 1.649627 0.877581
vt 1.649627 0.869744
vt 1.607725 0.899129
vt 1.630161 0.906966
vt 1.899866 0.630141
vt 1.907702 0.630141
vt 1.094477 0.892274
vt 1.117608 0.884437
vt 1.672758 0.869744
vt 1.672758 0.877581
vt 1.630161 0.899129
vt 1.652597 0.906966
vt 1.899866 0.652577
vt 1.907702 0.652577
vt 1.071346 0.884437
vt 1.094477 0.884437
vt 1.695889 0.869744
vt 1.695889 0.877581
vt 1.675033 0.899129
vt 1.652597 0.899129
vt 1.899866 0.675012
vt 1.907702 0.675012
vt 1.048215 0.892274
vt 1.071346 0.892274
vt 1.719020 0.869744
vt 1.719020 0.877581
vt 1.697469 0.899129
vt 1.675033 0.906966
vt 1.899866 0.697447
vt 1.907702 0.697447
vt 1.025084 0.884437
vt 1.048215 0.884437
vt 1.742151 0.869744
vt 1.742151 0.877581
vt 1.719905 0.906966
vt 1.697469 0.906966
vt 1.907702 0.719883
vt 1.899866 0.719883
vt 1.025084 0.892274
vt 1.001953 0.884437
vt 1.025084 0.877581
vt 1.001953 0.869744
vt 1.025084 0.869744
vt 1.024389 0.899129
vt 1.001953 0.906966
vt 1.001953 0.899129
vt 1.899865 0.024389
vt 1.907702 0.001953
vt 1.907702 0.024389
vt 1.719013 0.892274
vt 1.742144 0.884437
vt 1.742144 0.892274
vt 1.048216 0.877581
vt 1.048216 0.869744
vt 1.046825 0.899129
vt 1.024389 0.906966
vt 1.907702 0.046824
vt 1.899865 0.046824
vt 1.695882 0.892274
vt 1.719013 0.884437
vt 1.071347 0.869744
vt 1.071347 0.877581
vt 1.069261 0.899129
vt 1.046825 0.906966
vt 1.899865 0.069259
vt 1.907702 0.069259
vt 1.672752 0.884437
vt 1.695882 0.884437
vt 1.094478 0.869744
vt 1.094478 0.877581
vt 1.091697 0.906966
vt 1.069261 0.906966
vt 1.907702 0.091694
vt 1.899865 0.091694
vt 1.672752 0.892274
vt 1.649620 0.884437
vt 1.117609 0.877581
vt 1.117609 0.869744
vt 1.114133 0.899129
vt 1.091697 0.899129
vt 1.899865 0.114130
vt 1.907702 0.114130
vt 1.649620 0.892274
vt 1.626490 0.884437
vt 1.140740 0.869744
vt 1.140740 0.877581
vt 1.136569 0.899129
vt 1.114133 0.906966
vt 1.907702 0.136565
vt 1.899865 0.136565
vt 1.626490 0.892274
vt 1.603359 0.884437
vt 1.163872 0.869744
vt 1.163872 0.877581
vt 1.159005 0.899129
vt 1.136569 0.906966
vt 1.907702 0.159000
vt 1.899865 0.159000
vt 1.603359 0.892274
vt 1.580228 0.884437
vt 1.187003 0.869744
vt 1.187003 0.877581
vt 1.181441 0.906966
vt 1.159005 0.906966
vt 1.907702 0.181436
vt 1.899865 0.181436
vt 1.580228 0.892274
vt 1.557097 0.884437
vt 1.210134 0.869744
vt 1.210134 0.877581
vt 1.203877 0.899129
vt 1.181441 0.899129
vt 1.899865 0.203871
vt 1.907702 0.203871
vt 1.533966 0.892274
vt 1.557097 0.892274
vt 1.233265 0.869744
vt 1.233265 0.877581
vt 1.226313 0.906966
vt 1.203877 0.906966
vt 1.907702 0.226306
vt 1.899865 0.226306
vt 1.510835 0.892274
vt 1.533966 0.884437
vt 1.256396 0.877581
vt 1.256396 0.869744
vt 1.248749 0.899129
vt 1.226313 0.899129
vt 1.907702 0.248742
vt 1.899865 0.248742
vt 1.487704 0.892274
vt 1.510835 0.884437
vt 1.279528 0.877581
vt 1.279528 0.869744
vt 1.271185 0.906966
vt 1.248749 0.906966
vt 1.907702 0.271177
vt 1.899865 0.271177
vt 1.464573 0.884437
vt 1.487704 0.884437
vt 1.302659 0.877581
vt 1.302659 0.869744
vt 1.293621 0.899129
vt 1.271185 0.899129
vt 1.899865 0.293612
vt 1.907702 0.293612
vt 1.441442 0.892274
vt 1.464573 0.892274
vt 1.325790 0.877581
vt 1.325790 0.869744
vt 1.316057 0.899129
vt 1.293621 0.906966
vt 1.907702 0.316047
vt 1.899865 0.316047
vt 1.418311 0.892274
vt 1.441442 0.884437
vt 1.348921 0.869744
vt 1.348921 0.877581
vt 1.338493 0.899129
vt 1.316057 0.906966
vt 1.907702 0.338483
vt 1.899865 0.338483
vt 1.395180 0.884437
vt 1.418311 0.884437
vt 1.372052 0.877581
vt 1.338493 0.906966
vt 1.899865 0.360918
vt 1.395180 0.892274
vt 1.734610 0.001953
vt 1.727754 0.001953
vt 1.719905 0.899129
vt 1.001953 0.892274
vt 1.001953 0.877581
vt 1.899865 0.001953
s 1
usemtl cart
f 1677/2155/863 1551/2156/864 1552/2157/864
f 1554/2158/865 1676/2159/866 1553/2160/865
f 1673/2161/867 1678/2162/863 1677/2155/863
f 1671/2163/868 1676/2159/866 1675/2164/866
f 1669/2165/869 1674/2166/867 1673/2161/867
f 1667/2167/870 1672/2168/868 1671/2163/868
f 1665/2169/871 1670/2170/869 1669/2165/869
f 1663/2171/872 1668/2172/870 1667/2167/870
f 1661/2173/873 1666/2174/871 1665/2169/871
f 1659/2175/874 1664/2176/872 1663/2171/872
f 1657/2177/875 1662/2178/873 1661/2173/873
f 1655/2179/876 1660/2180/874 1659/2175/874
f 1657/2177/875 1654/2181/877 1658/2182/875
f 1651/2183/878 1656/2184/876 1655/2179/876
f 1653/2185/877 1650/2186/879 1654/2181/877
f 1647/2187/880 1652/2188/878 1651/2183/878
f 1645/2189/881 1650/2186/879 1649/2190/879
f 1643/2191/882 1648/2192/880 1647/2187/880
f 1641/2193/883 1646/2194/881 1645/2189/881
f 1639/2195/884 1644/2196/882 1643/2191/882
f 1637/2197/885 1642/2198/883 1641/2193/883
f 1635/2199/886 1640/2200/884 1639/2195/884
f 1633/2201/887 1638/2202/885 1637/2197/885
f 1631/2203/888 1636/2204/886 1635/2199/886
f 1629/2205/889 1634/2206/887 1633/2201/887
f 1627/2207/890 1632/2208/888 1631/2203/888
f 1625/2209/891 1630/2210/889 1629/2205/889
f 1623/2211/892 1628/2212/890 1627/2207/890
f 1621/2213/893 1626/2214/891 1625/2209/891
f 1619/2215/894 1624/2216/892 1623/2211/892
f 1621/2213/893 1618/2217/895 1622/2218/893
f 1615/2219/896 1620/2220/894 1619/2215/894
f 1613/2221/897 1618/2222/895 1617/2223/895
f 1611/2224/898 1616/2225/896 1615/2226/896
f 1609/2227/899 1614/2228/897 1613/2221/897
f 1607/2229/900 1612/2230/898 1611/2224/898
f 1605/2231/901 1610/2232/899 1609/2227/899
f 1603/2233/902 1608/2234/900 1607/2229/900
f 1605/2231/901 1602/2235/903 1606/2236/901
f 1599/2237/904 1604/2238/902 1603/2233/902
f 1597/2239/905 1602/2235/903 1601/2240/903
f 1595/2241/906 1600/2242/904 1599/2237/904
f 1593/2243/907 1598/2244/905 1597/2239/905
f 1591/2245/908 1596/2246/906 1595/2241/906
f 1589/2247/909 1594/2248/907 1593/2243/907
f 1587/2249/910 1592/2250/908 1591/2245/908
f 1589/2247/909 1586/2251/911 1590/2252/909
f 1583/2253/912 1588/2254/910 1587/2249/910
f 1581/2255/913 1586/2251/911 1585/2256/911
f 1579/2257/914 1584/2258/912 1583/2253/912
f 1581/2255/913 1578/2259/915 1582/2260/913
f 1575/2261/916 1580/2262/914 1579/2257/914
f 1577/2263/915 1574/2264/917 1578/2259/915
f 1571/2265/918 1576/2266/916 1575/2261/916
f 1573/2267/917 1570/2268/919 1574/2264/917
f 1567/2269/920 1572/2270/918 1571/2265/918
f 1565/2271/921 1570/2268/919 1569/2272/919
f 1563/2273/922 1568/2274/920 1567/2269/920
f 1561/2275/923 1566/2276/921 1565/2271/921
f 1563/2273/922 1560/2277/924 1564/2278/922
f 1561/2275/923 1558/2279/925 1562/2280/923
f 1555/2281/926 1560/2277/924 1559/2282/924
f 1557/2283/925 1551/2156/864 1558/2279/925
f 1554/2158/865 1556/2284/926 1555/2281/926
f 1677/2285/927 1680/2286/928 1805/2287/927
f 1678/2288/929 1679/2289/930 1551/2290/930
f 1675/2291/931 1682/2292/932 1803/2293/931
f 1676/2294/933 1681/2295/934 1553/2296/934
f 1673/2297/935 1805/2287/927 1801/2298/935
f 1678/2288/929 1802/2299/936 1806/2300/929
f 1671/2301/937 1803/2293/931 1799/2302/937
f 1672/2303/938 1804/2304/933 1676/2294/933
f 1673/2297/935 1797/2305/939 1669/2306/939
f 1674/2307/936 1798/2308/940 1802/2299/936
f 1671/2301/937 1795/2309/941 1667/2310/941
f 1668/2311/942 1800/2312/938 1672/2303/938
f 1665/2313/943 1797/2305/939 1793/2314/943
f 1670/2315/940 1794/2316/944 1798/2308/940
f 1663/2317/945 1795/2309/941 1791/2318/945
f 1664/2319/946 1796/2320/942 1668/2311/942
f 1665/2313/943 1789/2321/947 1661/2322/947
f 1666/2323/944 1790/2324/948 1794/2316/944
f 1659/2325/949 1791/2318/945 1787/2326/949
f 1664/2319/946 1788/2327/950 1792/2328/946
f 1657/2329/951 1789/2321/947 1785/2330/951
f 1658/2331/952 1790/2324/948 1662/2332/948
f 1655/2333/953 1787/2326/949 1783/2334/953
f 1656/2335/954 1788/2327/950 1660/2336/950
f 1657/2329/951 1781/2337/955 1653/2338/955
f 1654/2339/956 1786/2340/952 1658/2331/952
f 1655/2333/953 1779/2341/957 1651/2342/957
f 1656/2335/954 1780/2343/958 1784/2344/954
f 1653/2338/955 1777/2345/959 1649/2346/959
f 1654/2339/956 1778/2347/960 1782/2348/956
f 1651/2342/957 1775/2349/961 1647/2350/961
f 1652/2351/958 1776/2352/962 1780/2343/958
f 1649/2346/959 1773/2353/963 1645/2354/963
f 1646/2355/964 1778/2347/960 1650/2356/960
f 1643/2357/965 1775/2349/961 1771/2358/965
f 1644/2359/966 1776/2352/962 1648/2360/962
f 1645/2354/963 1769/2361/967 1641/2362/967
f 1646/2355/964 1770/2363/968 1774/2364/964
f 1643/2357/965 1767/2365/969 1639/2366/969
f 1640/2367/970 1772/2368/966 1644/2359/966
f 1641/2362/967 1765/2369/971 1637/2370/971
f 1642/2371/968 1766/2372/972 1770/2363/968
f 1639/2366/969 1763/2373/973 1635/2374/973
f 1636/2375/974 1768/2376/970 1640/2367/970
f 1633/2377/975 1765/2369/971 1761/2378/975
f 1638/2379/972 1762/2380/976 1766/2372/972
f 1631/2381/977 1763/2373/973 1759/2382/977
f 1632/2383/978 1764/2384/974 1636/2375/974
f 1633/2377/975 1757/2385/979 1629/2386/979
f 1634/2387/976 1758/2388/980 1762/2380/976
f 1627/2389/981 1759/2382/977 1755/2390/981
f 1632/2383/978 1756/2391/982 1760/2392/978
f 1629/2386/979 1753/2393/983 1625/2394/983
f 1626/2395/984 1758/2388/980 1630/2396/980
f 1623/2397/985 1755/2390/981 1751/2398/985
f 1624/2399/986 1756/2391/982 1628/2400/982
f 1625/2394/983 1749/2401/987 1621/2402/987
f 1622/2403/988 1754/2404/984 1626/2395/984
f 1619/2405/989 1751/2398/985 1747/2406/989
f 1624/2399/986 1748/2407/990 1752/2408/986
f 1621/2402/987 1745/2409/932 1617/2410/932
f 1622/2403/988 1746/2411/934 1750/2412/988
f 1619/2405/989 1743/2413/928 1615/2414/928
f 1620/2415/990 1744/2416/930 1748/2407/990
f 1613/2417/931 1745/2418/932 1741/2419/931
f 1614/2420/933 1746/2421/934 1618/2422/934
f 1611/2423/927 1743/2424/928 1739/2425/927
f 1612/2426/929 1744/2427/930 1616/2428/930
f 1609/2429/937 1741/2419/931 1737/2430/937
f 1610/2431/938 1742/2432/933 1614/2420/933
f 1611/2423/927 1735/2433/935 1607/2434/935
f 1608/2435/936 1740/2436/929 1612/2426/929
f 1609/2429/937 1733/2437/941 1605/2438/941
f 1606/2439/942 1738/2440/938 1610/2431/938
f 1603/2441/939 1735/2433/935 1731/2442/939
f 1608/2435/936 1732/2443/940 1736/2444/936
f 1605/2438/941 1729/2445/945 1601/2446/945
f 1606/2439/942 1730/2447/946 1734/2448/942
f 1603/2441/939 1727/2449/943 1599/2450/943
f 1604/2451/940 1728/2452/944 1732/2443/940
f 1597/2453/949 1729/2445/945 1725/2454/949
f 1598/2455/950 1730/2447/946 1602/2456/946
f 1595/2457/947 1727/2449/943 1723/2458/947
f 1600/2459/944 1724/2460/948 1728/2452/944
f 1597/2453/949 1721/2461/953 1593/2462/953
f 1594/2463/954 1726/2464/950 1598/2455/950
f 1595/2457/947 1719/2465/951 1591/2466/951
f 1596/2467/948 1720/2468/952 1724/2460/948
f 1593/2462/953 1717/2469/957 1589/2470/957
f 1590/2471/958 1722/2472/954 1594/2463/954
f 1591/2466/951 1715/2473/955 1587/2474/955
f 1592/2475/952 1716/2476/956 1720/2468/952
f 1589/2470/957 1713/2477/961 1585/2478/961
f 1590/2471/958 1714/2479/962 1718/2480/958
f 1587/2474/955 1711/2481/959 1583/2482/959
f 1588/2483/956 1712/2484/960 1716/2476/956
f 1585/2478/961 1709/2485/965 1581/2486/965
f 1582/2487/966 1714/2479/962 1586/2488/962
f 1579/2489/963 1711/2481/959 1707/2490/963
f 1580/2491/964 1712/2484/960 1584/2492/960
f 1581/2486/965 1705/2493/969 1577/2494/969
f 1582/2487/966 1706/2495/970 1710/2496/966
f 1579/2489/963 1703/2497/967 1575/2498/967
f 1576/2499/968 1708/2500/964 1580/2491/964
f 1573/2501/973 1705/2493/969 1701/2502/973
f 1574/2503/974 1706/2495/970 1578/2504/970
f 1575/2498/967 1699/2505/971 1571/2506/971
f 1572/2507/972 1704/2508/968 1576/2499/968
f 1569/2509/977 1701/2502/973 1697/2510/977
f 1574/2503/974 1698/2511/978 1702/2512/974
f 1571/2506/971 1695/2513/975 1567/2514/975
f 1572/2507/972 1696/2515/976 1700/2516/972
f 1565/2517/981 1697/2510/977 1693/2518/981
f 1566/2519/982 1698/2511/978 1570/2520/978
f 1563/2521/979 1695/2513/975 1691/2522/979
f 1564/2523/980 1696/2515/976 1568/2524/976
f 1561/2525/985 1693/2518/981 1689/2526/985
f 1562/2527/986 1694/2528/982 1566/2519/982
f 1563/2521/979 1687/2529/983 1559/2530/983
f 1560/2531/984 1692/2532/980 1564/2523/980
f 1561/2525/985 1685/2533/989 1557/2534/989
f 1558/2535/990 1690/2536/986 1562/2527/986
f 1559/2530/983 1683/2537/987 1555/2538/987
f 1560/2531/984 1684/2539/988 1688/2540/984
f 1557/2534/989 1680/2286/928 1552/2541/928
f 1558/2535/990 1679/2289/930 1686/2542/990
f 1555/2538/987 1682/2292/932 1554/2543/932
f 1556/2544/988 1681/2295/934 1684/2539/988
f 1677/2155/863 1678/2162/863 1551/2156/864
f 1554/2158/865 1675/2164/866 1676/2159/866
f 1673/2161/867 1674/2166/867 1678/2162/863
f 1671/2163/868 1672/2168/868 1676/2159/866
f 1669/2165/869 1670/2170/869 1674/2166/867
f 1667/2167/870 1668/2172/870 1672/2168/868
f 1665/2169/871 1666/2174/871 1670/2170/869
f 1663/2171/872 1664/2176/872 1668/2172/870
f 1661/2173/873 1662/2178/873 1666/2174/871
f 1659/2175/874 1660/2180/874 1664/2176/872
f 1657/2177/875 1658/2182/875 1662/2178/873
f 1655/2179/876 1656/2184/876 1660/2180/874
f 1657/2177/875 1653/2185/877 1654/2181/877
f 1651/2183/878 1652/2188/878 1656/2184/876
f 1653/2185/877 1649/2190/879 1650/2186/879
f 1647/2187/880 1648/2192/880 1652/2188/878
f 1645/2189/881 1646/2194/881 1650/2186/879
f 1643/2191/882 1644/2196/882 1648/2192/880
f 1641/2193/883 1642/2198/883 1646/2194/881
f 1639/2195/884 1640/2200/884 1644/2196/882
f 1637/2197/885 1638/2202/885 1642/2198/883
f 1635/2199/886 1636/2204/886 1640/2200/884
f 1633/2201/887 1634/2206/887 1638/2202/885
f 1631/2203/888 1632/2208/888 1636/2204/886
f 1629/2205/889 1630/2210/889 1634/2206/887
f 1627/2207/890 1628/2212/890 1632/2208/888
f 1625/2209/891 1626/2214/891 1630/2210/889
f 1623/2211/892 1624/2216/892 1628/2212/890
f 1621/2213/893 1622/2218/893 1626/2214/891
f 1619/2215/894 1620/2220/894 1624/2216/892
f 1621/2213/893 1617/2545/895 1618/2217/895
f 1615/2219/896 1616/2546/896 1620/2220/894
f 1613/2221/897 1614/2228/897 1618/2222/895
f 1611/2224/898 1612/2230/898 1616/2225/896
f 1609/2227/899 1610/2232/899 1614/2228/897
f 1607/2229/900 1608/2234/900 1612/2230/898
f 1605/2231/901 1606/2236/901 1610/2232/899
f 1603/2233/902 1604/2238/902 1608/2234/900
f 1605/2231/901 1601/2240/903 1602/2235/903
f 1599/2237/904 1600/2242/904 1604/2238/902
f 1597/2239/905 1598/2244/905 1602/2235/903
f 1595/2241/906 1596/2246/906 1600/2242/904
f 1593/2243/907 1594/2248/907 1598/2244/905
f 1591/2245/908 1592/2250/908 1596/2246/906
f 1589/2247/909 1590/2252/909 1594/2248/907
f 1587/2249/910 1588/2254/910 1592/2250/908
f 1589/2247/909 1585/2256/911 1586/2251/911
f 1583/2253/912 1584/2258/912 1588/2254/910
f 1581/2255/913 1582/2260/913 1586/2251/911
f 1579/2257/914 1580/2262/914 1584/2258/912
f 1581/2255/913 1577/2263/915 1578/2259/915
f 1575/2261/916 1576/2266/916 1580/2262/914
f 1577/2263/915 1573/2267/917 1574/2264/917
f 1571/2265/918 1572/2270/918 1576/2266/916
f 1573/2267/917 1569/2272/919 1570/2268/919
f 1567/2269/920 1568/2274/920 1572/2270/918
f 1565/2271/921 1566/2276/921 1570/2268/919
f 1563/2273/922 1564/2278/922 1568/2274/920
f 1561/2275/923 1562/2280/923 1566/2276/921
f 1563/2273/922 1559/2282/924 1560/2277/924
f 1561/2275/923 1557/2283/925 1558/2279/925
f 1555/2281/926 1556/2284/926 1560/2277/924
f 1557/2283/925 1552/2157/864 1551/2156/864
f 1554/2158/865 1553/2160/865 1556/2284/926
f 1677/2285/927 1552/2541/928 1680/2286/928
f 1678/2288/929 1806/2300/929 1679/2289/930
f 1675/2291/931 1554/2543/932 1682/2292/932
f 1676/2294/933 1804/2304/933 1681/2295/934
f 1673/2297/935 1677/2285/927 1805/2287/927
f 1678/2288/929 1674/2307/936 1802/2299/936
f 1671/2301/937 1675/2291/931 1803/2293/931
f 1672/2303/938 1800/2312/938 1804/2304/933
f 1673/2297/935 1801/2298/935 1797/2305/939
f 1674/2307/936 1670/2315/940 1798/2308/940
f 1671/2301/937 1799/2302/937 1795/2309/941
f 1668/2311/942 1796/2320/942 1800/2312/938
f 1665/2313/943 1669/2306/939 1797/2305/939
f 1670/2315/940 1666/2323/944 1794/2316/944
f 1663/2317/945 1667/2310/941 1795/2309/941
f 1664/2319/946 1792/2328/946 1796/2320/942
f 1665/2313/943 1793/2314/943 1789/2321/947
f 1666/2323/944 1662/2332/948 1790/2324/948
f 1659/2325/949 1663/2317/945 1791/2318/945
f 1664/2319/946 1660/2336/950 1788/2327/950
f 1657/2329/951 1661/2322/947 1789/2321/947
f 1658/2331/952 1786/2340/952 1790/2324/948
f 1655/2333/953 1659/2325/949 1787/2326/949
f 1656/2335/954 1784/2344/954 1788/2327/950
f 1657/2329/951 1785/2330/951 1781/2337/955
f 1654/2339/956 1782/2348/956 1786/2340/952
f 1655/2333/953 1783/2334/953 1779/2341/957
f 1656/2335/954 1652/2351/958 1780/2343/958
f 1653/2338/955 1781/2337/955 1777/2345/959
f 1654/2339/956 1650/2356/960 1778/2347/960
f 1651/2342/957 1779/2341/957 1775/2349/961
f 1652/2351/958 1648/2360/962 1776/2352/962
f 1649/2346/959 1777/2345/959 1773/2353/963
f 1646/2355/964 1774/2364/964 1778/2347/960
f 1643/2357/965 1647/2350/961 1775/2349/961
f 1644/2359/966 1772/2368/966 1776/2352/962
f 1645/2354/963 1773/2353/963 1769/2361/967
f 1646/2355/964 1642/2371/968 1770/2363/968
f 1643/2357/965 1771/2358/965 1767/2365/969
f 1640/2367/970 1768/2376/970 1772/2368/966
f 1641/2362/967 1769/2361/967 1765/2369/971
f 1642/2371/968 1638/2379/972 1766/2372/972
f 1639/2366/969 1767/2365/969 1763/2373/973
f 1636/2375/974 1764/2384/974 1768/2376/970
f 1633/2377/975 1637/2370/971 1765/2369/971
f 1638/2379/972 1634/2387/976 1762/2380/976
f 1631/2381/977 1635/2374/973 1763/2373/973
f 1632/2383/978 1760/2392/978 1764/2384/974
f 1633/2377/975 1761/2378/975 1757/2385/979
f 1634/2387/976 1630/2396/980 1758/2388/980
f 1627/2389/981 1631/2381/977 1759/2382/977
f 1632/2383/978 1628/2400/982 1756/2391/982
f 1629/2386/979 1757/2385/979 1753/2393/983
f 1626/2395/984 1754/2404/984 1758/2388/980
f 1623/2397/985 1627/2389/981 1755/2390/981
f 1624/2399/986 1752/2408/986 1756/2391/982
f 1625/2394/983 1753/2393/983 1749/2401/987
f 1622/2403/988 1750/2412/988 1754/2404/984
f 1619/2405/989 1623/2397/985 1751/2398/985
f 1624/2399/986 1620/2415/990 1748/2407/990
f 1621/2402/987 1749/2401/987 1745/2409/932
f 1622/2403/988 1618/2547/934 1746/2411/934
f 1619/2405/989 1747/2406/989 1743/2413/928
f 1620/2415/990 1616/2548/930 1744/2416/930
f 1613/2417/931 1617/2549/932 1745/2418/932
f 1614/2420/933 1742/2432/933 1746/2421/934
f 1611/2423/927 1615/2550/928 1743/2424/928
f 1612/2426/929 1740/2436/929 1744/2427/930
f 1609/2429/937 1613/2417/931 1741/2419/931
f 1610/2431/938 1738/2440/938 1742/2432/933
f 1611/2423/927 1739/2425/927 1735/2433/935
f 1608/2435/936 1736/2444/936 1740/2436/929
f 1609/2429/937 1737/2430/937 1733/2437/941
f 1606/2439/942 1734/2448/942 1738/2440/938
f 1603/2441/939 1607/2434/935 1735/2433/935
f 1608/2435/936 1604/2451/940 1732/2443/940
f 1605/2438/941 1733/2437/941 1729/2445/945
f 1606/2439/942 1602/2456/946 1730/2447/946
f 1603/2441/939 1731/2442/939 1727/2449/943
f 1604/2451/940 1600/2459/944 1728/2452/944
f 1597/2453/949 1601/2446/945 1729/2445/945
f 1598/2455/950 1726/2464/950 1730/2447/946
f 1595/2457/947 1599/2450/943 1727/2449/943
f 1600/2459/944 1596/2467/948 1724/2460/948
f 1597/2453/949 1725/2454/949 1721/2461/953
f 1594/2463/954 1722/2472/954 1726/2464/950
f 1595/2457/947 1723/2458/947 1719/2465/951
f 1596/2467/948 1592/2475/952 1720/2468/952
f 1593/2462/953 1721/2461/953 1717/2469/957
f 1590/2471/958 1718/2480/958 1722/2472/954
f 1591/2466/951 1719/2465/951 1715/2473/955
f 1592/2475/952 1588/2483/956 1716/2476/956
f 1589/2470/957 1717/2469/957 1713/2477/961
f 1590/2471/958 1586/2488/962 1714/2479/962
f 1587/2474/955 1715/2473/955 1711/2481/959
f 1588/2483/956 1584/2492/960 1712/2484/960
f 1585/2478/961 1713/2477/961 1709/2485/965
f 1582/2487/966 1710/2496/966 1714/2479/962
f 1579/2489/963 1583/2482/959 1711/2481/959
f 1580/2491/964 1708/2500/964 1712/2484/960
f 1581/2486/965 1709/2485/965 1705/2493/969
f 1582/2487/966 1578/2504/970 1706/2495/970
f 1579/2489/963 1707/2490/963 1703/2497/967
f 1576/2499/968 1704/2508/968 1708/2500/964
f 1573/2501/973 1577/2494/969 1705/2493/969
f 1574/2503/974 1702/2512/974 1706/2495/970
f 1575/2498/967 1703/2497/967 1699/2505/971
f 1572/2507/972 1700/2516/972 1704/2508/968
f 1569/2509/977 1573/2501/973 1701/2502/973
f 1574/2503/974 1570/2520/978 1698/2511/978
f 1571/2506/971 1699/2505/971 1695/2513/975
f 1572/2507/972 1568/2524/976 1696/2515/976
f 1565/2517/981 1569/2509/977 1697/2510/977
f 1566/2519/982 1694/2528/982 1698/2511/978
f 1563/2521/979 1567/2514/975 1695/2513/975
f 1564/2523/980 1692/2532/980 1696/2515/976
f 1561/2525/985 1565/2517/981 1693/2518/981
f 1562/2527/986 1690/2536/986 1694/2528/982
f 1563/2521/979 1691/2522/979 1687/2529/983
f 1560/2531/984 1688/2540/984 1692/2532/980
f 1561/2525/985 1689/2526/985 1685/2533/989
f 1558/2535/990 1686/2542/990 1690/2536/986
f 1559/2530/983 1687/2529/983 1683/2537/987
f 1560/2531/984 1556/2544/988 1684/2539/988
f 1557/2534/989 1685/2533/989 1680/2286/928
f 1558/2535/990 1551/2290/930 1679/2289/930
f 1555/2538/987 1683/2537/987 1682/2292/932
f 1556/2544/988 1553/2296/934 1681/2295/934
o wood_barrel_low.001
v -0.246973 0.600744 -0.488965
v -0.207947 0.600744 -0.485121
v -0.170420 0.600744 -0.473737
v -0.135835 0.600744 -0.455251
v -0.105521 0.600744 -0.430374
v -0.080643 0.600744 -0.400060
v -0.080643 1.350322 -0.400060
v -0.062158 0.600744 -0.365475
v -0.050774 0.600744 -0.327948
v -0.050774 1.350322 -0.327948
v -0.046930 0.600744 -0.288922
v -0.046930 1.350322 -0.288922
v -0.050774 0.600744 -0.249895
v -0.062158 0.600744 -0.212368
v -0.080643 0.600744 -0.177784
v -0.080643 1.350322 -0.177784
v -0.105521 0.600744 -0.147470
v -0.135835 0.600744 -0.122592
v -0.135835 1.350322 -0.122592
v -0.170420 0.600744 -0.104106
v -0.207947 0.600744 -0.092722
v -0.246973 0.600744 -0.088879
v -0.286000 0.600744 -0.092722
v -0.286000 1.350322 -0.092722
v -0.323526 0.600744 -0.104106
v -0.358111 0.600744 -0.122592
v -0.388425 0.600744 -0.147470
v -0.413303 0.600744 -0.177784
v -0.431789 0.600744 -0.212368
v -0.443173 0.600744 -0.249895
v -0.447016 0.600744 -0.288922
v -0.443173 0.600744 -0.327948
v -0.431789 0.600744 -0.365475
v -0.431789 1.350322 -0.365475
v -0.413303 0.600744 -0.400060
v -0.413303 1.350322 -0.400060
v -0.388425 0.600744 -0.430374
v -0.358111 0.600744 -0.455251
v -0.358111 1.350322 -0.455251
v -0.323526 0.600744 -0.473737
v -0.286000 0.600744 -0.485121
v -0.246973 1.250524 -0.544681
v -0.246973 0.700542 -0.544681
v -0.246973 1.152088 -0.555456
v -0.246973 1.036370 -0.561120
v -0.246973 0.914696 -0.561120
v -0.246973 0.798978 -0.555456
v -0.197077 0.700542 -0.539767
v -0.197077 1.250524 -0.539767
v -0.194975 0.798978 -0.550334
v -0.193870 0.914696 -0.555890
v -0.193870 1.036370 -0.555890
v -0.194975 1.152088 -0.550334
v -0.149098 0.700542 -0.525213
v -0.149098 1.250524 -0.525213
v -0.144975 0.798978 -0.535167
v -0.142807 0.914696 -0.540400
v -0.142807 1.036370 -0.540400
v -0.144975 1.152088 -0.535167
v -0.104881 0.700542 -0.501578
v -0.104881 1.250524 -0.501578
v -0.098895 0.798978 -0.510537
v -0.095748 0.914696 -0.515247
v -0.095748 1.036370 -0.515247
v -0.098895 1.152088 -0.510537
v -0.066124 0.700542 -0.469771
v -0.066124 1.250524 -0.469771
v -0.058505 0.798978 -0.477390
v -0.054500 0.914696 -0.481395
v -0.054500 1.036370 -0.481395
v -0.058505 1.152088 -0.477390
v -0.034317 0.700542 -0.431014
v -0.034317 1.250524 -0.431014
v -0.025358 0.798978 -0.437000
v -0.020648 0.914696 -0.440147
v -0.020648 1.036370 -0.440147
v -0.025358 1.152088 -0.437000
v -0.010682 0.700542 -0.386797
v -0.010682 1.250524 -0.386797
v -0.000728 0.798978 -0.390920
v 0.004505 0.914696 -0.393088
v 0.004505 1.036370 -0.393088
v -0.000728 1.152088 -0.390920
v 0.003872 0.700542 -0.338818
v 0.003872 1.250524 -0.338818
v 0.014439 0.798978 -0.340920
v 0.019995 0.914696 -0.342025
v 0.019995 1.036370 -0.342025
v 0.014439 1.152088 -0.340920
v 0.008786 0.700542 -0.288922
v 0.008786 1.250524 -0.288922
v 0.019561 0.798978 -0.288922
v 0.025225 0.914696 -0.288922
v 0.025225 1.036370 -0.288922
v 0.019561 1.152088 -0.288922
v 0.003872 0.700542 -0.239025
v 0.003872 1.250524 -0.239025
v 0.014439 0.798978 -0.236923
v 0.019995 0.914696 -0.235818
v 0.019995 1.036370 -0.235818
v 0.014439 1.152088 -0.236923
v -0.010682 0.700542 -0.191047
v -0.010682 1.250524 -0.191047
v -0.000728 0.798978 -0.186924
v 0.004505 0.914696 -0.184756
v 0.004505 1.036370 -0.184756
v -0.000728 1.152088 -0.186924
v -0.034317 0.700542 -0.146829
v -0.034317 1.250524 -0.146829
v -0.025358 0.798978 -0.140843
v -0.020648 0.914696 -0.137696
v -0.020648 1.036370 -0.137696
v -0.025358 1.152088 -0.140843
v -0.066124 0.700542 -0.108072
v -0.066124 1.250524 -0.108072
v -0.058505 0.798978 -0.100454
v -0.054500 0.914696 -0.096448
v -0.054500 1.036370 -0.096448
v -0.058505 1.152088 -0.100454
v -0.104881 0.700542 -0.076265
v -0.104881 1.250524 -0.076265
v -0.098895 0.798978 -0.067307
v -0.095748 0.914696 -0.062597
v -0.095748 1.036370 -0.062597
v -0.098895 1.152088 -0.067307
v -0.149098 0.700542 -0.052631
v -0.149098 1.250524 -0.052631
v -0.144975 0.798978 -0.042676
v -0.142807 0.914696 -0.037443
v -0.142807 1.036370 -0.037443
v -0.144975 1.152088 -0.042676
v -0.197077 0.700542 -0.038077
v -0.197077 1.250524 -0.038077
v -0.194975 0.798978 -0.027509
v -0.193870 0.914696 -0.021953
v -0.193870 1.036370 -0.021953
v -0.194975 1.152088 -0.027509
v -0.246973 0.700542 -0.033162
v -0.246973 1.250524 -0.033162
v -0.246973 0.798978 -0.022388
v -0.246973 0.914696 -0.016723
v -0.246973 1.036370 -0.016723
v -0.246973 1.152088 -0.022388
v -0.296869 0.700542 -0.038077
v -0.296869 1.250524 -0.038077
v -0.298971 0.798978 -0.027509
v -0.300077 0.914696 -0.021953
v -0.300077 1.036370 -0.021953
v -0.298971 1.152088 -0.027509
v -0.344848 0.700542 -0.052631
v -0.344848 1.250524 -0.052631
v -0.348971 0.798978 -0.042676
v -0.351139 0.914696 -0.037443
v -0.351139 1.036370 -0.037443
v -0.348971 1.152088 -0.042676
v -0.389066 0.700542 -0.076265
v -0.389066 1.250524 -0.076265
v -0.395052 0.798978 -0.067307
v -0.398199 0.914696 -0.062597
v -0.398199 1.036370 -0.062597
v -0.395052 1.152088 -0.067307
v -0.427823 0.700542 -0.108072
v -0.427823 1.250524 -0.108072
v -0.435441 0.798978 -0.100454
v -0.439447 0.914696 -0.096448
v -0.439447 1.036370 -0.096448
v -0.435441 1.152088 -0.100454
v -0.459629 0.700542 -0.146829
v -0.459629 1.250524 -0.146829
v -0.468588 0.798978 -0.140843
v -0.473298 0.914696 -0.137696
v -0.473298 1.036370 -0.137696
v -0.468588 1.152088 -0.140843
v -0.483264 0.700542 -0.191047
v -0.483264 1.250524 -0.191047
v -0.493219 0.798978 -0.186924
v -0.498452 0.914696 -0.184756
v -0.498452 1.036370 -0.184756
v -0.493219 1.152088 -0.186924
v -0.497818 0.700542 -0.239025
v -0.497818 1.250524 -0.239025
v -0.508386 0.798978 -0.236923
v -0.513942 0.914696 -0.235818
v -0.513942 1.036370 -0.235818
v -0.508386 1.152088 -0.236923
v -0.502733 0.700542 -0.288922
v -0.502733 1.250524 -0.288922
v -0.513507 0.798978 -0.288922
v -0.519172 0.914696 -0.288922
v -0.519172 1.036370 -0.288922
v -0.513507 1.152088 -0.288922
v -0.497818 0.700542 -0.338818
v -0.497818 1.250524 -0.338818
v -0.508386 0.798978 -0.340920
v -0.513942 0.914696 -0.342025
v -0.513942 1.036370 -0.342025
v -0.508386 1.152088 -0.340920
v -0.483264 0.700542 -0.386797
v -0.483264 1.250524 -0.386797
v -0.493219 0.798978 -0.390920
v -0.498452 0.914696 -0.393088
v -0.498452 1.036370 -0.393088
v -0.493219 1.152088 -0.390920
v -0.459629 0.700542 -0.431014
v -0.459629 1.250524 -0.431014
v -0.468588 0.798978 -0.437000
v -0.473298 0.914696 -0.440147
v -0.473298 1.036370 -0.440147
v -0.468588 1.152088 -0.437000
v -0.427823 0.700542 -0.469771
v -0.427823 1.250524 -0.469771
v -0.435441 0.798978 -0.477390
v -0.439447 0.914696 -0.481395
v -0.439447 1.036370 -0.481395
v -0.435441 1.152088 -0.477390
v -0.389066 0.700542 -0.501578
v -0.389066 1.250524 -0.501578
v -0.395052 0.798978 -0.510537
v -0.398199 0.914696 -0.515247
v -0.398199 1.036370 -0.515247
v -0.395052 1.152088 -0.510537
v -0.344848 0.700542 -0.525213
v -0.344848 1.250524 -0.525213
v -0.348971 0.798978 -0.535167
v -0.351139 0.914696 -0.540400
v -0.351139 1.036370 -0.540400
v -0.348971 1.152088 -0.535167
v -0.296869 0.700542 -0.539767
v -0.296869 1.250524 -0.539767
v -0.298971 0.798978 -0.550334
v -0.300077 0.914696 -0.555890
v -0.300077 1.036370 -0.555890
v -0.298971 1.152088 -0.550334
v -0.246973 0.600744 -0.529646
v -0.200010 0.600744 -0.525020
v -0.154852 0.600744 -0.511322
v -0.154852 1.350322 -0.511322
v -0.113234 0.600744 -0.489077
v -0.076756 0.600744 -0.459139
v -0.076756 1.350322 -0.459139
v -0.046818 0.600744 -0.422661
v -0.024573 0.600744 -0.381043
v -0.010874 0.600744 -0.335885
v -0.006249 0.600744 -0.288922
v -0.006249 1.350322 -0.288922
v -0.010874 0.600744 -0.241959
v -0.024573 0.600744 -0.196800
v -0.046818 0.600744 -0.155182
v -0.046818 1.350322 -0.155182
v -0.076756 0.600744 -0.118704
v -0.113234 0.600744 -0.088767
v -0.154852 0.600744 -0.066521
v -0.200010 0.600744 -0.052823
v -0.200010 1.350322 -0.052823
v -0.246973 0.600744 -0.048197
v -0.293936 0.600744 -0.052823
v -0.293936 1.350322 -0.052823
v -0.339094 0.600744 -0.066521
v -0.339094 1.350322 -0.066521
v -0.380713 0.600744 -0.088767
v -0.417191 0.600744 -0.118704
v -0.447128 0.600744 -0.155182
v -0.469373 0.600744 -0.196800
v -0.483072 0.600744 -0.241959
v -0.487697 0.600744 -0.288922
v -0.487697 1.350322 -0.288922
v -0.483072 0.600744 -0.335885
v -0.483072 1.350322 -0.335885
v -0.469373 0.600744 -0.381043
v -0.447128 0.600744 -0.422661
v -0.447128 1.350322 -0.422661
v -0.417191 0.600744 -0.459139
v -0.380713 0.600744 -0.489077
v -0.339094 0.600744 -0.511322
v -0.293936 0.600744 -0.525020
v -0.293936 1.350322 -0.525020
v -0.246973 0.648798 -0.288922
v -0.246973 1.302269 -0.288922
v -0.207947 1.302269 -0.485121
v -0.246973 1.302269 -0.488965
v -0.170420 1.302269 -0.473737
v -0.135835 1.302269 -0.455251
v -0.105521 1.302269 -0.430374
v -0.080643 1.302269 -0.400060
v -0.062158 1.302269 -0.365475
v -0.050774 1.302269 -0.327948
v -0.046930 1.302269 -0.288922
v -0.050774 1.302269 -0.249895
v -0.062158 1.302269 -0.212368
v -0.080643 1.302269 -0.177784
v -0.105521 1.302269 -0.147470
v -0.135835 1.302269 -0.122592
v -0.170420 1.302269 -0.104106
v -0.207947 1.302269 -0.092722
v -0.246973 1.302269 -0.088879
v -0.286000 1.302269 -0.092722
v -0.323526 1.302269 -0.104106
v -0.358111 1.302269 -0.122592
v -0.388425 1.302269 -0.147470
v -0.413303 1.302269 -0.177784
v -0.431789 1.302269 -0.212368
v -0.443173 1.302269 -0.249895
v -0.447016 1.302269 -0.288922
v -0.443173 1.302269 -0.327948
v -0.431789 1.302269 -0.365475
v -0.413303 1.302269 -0.400060
v -0.388425 1.302269 -0.430374
v -0.358111 1.302269 -0.455251
v -0.323526 1.302269 -0.473737
v -0.286000 1.302269 -0.485121
v -0.246973 0.648797 -0.488965
v -0.207947 0.648797 -0.485121
v -0.170420 0.648797 -0.473737
v -0.135835 0.648797 -0.455251
v -0.105521 0.648797 -0.430374
v -0.080643 0.648797 -0.400060
v -0.062158 0.648797 -0.365475
v -0.050774 0.648797 -0.327948
v -0.046930 0.648797 -0.288922
v -0.050774 0.648797 -0.249895
v -0.062158 0.648797 -0.212368
v -0.080643 0.648797 -0.177784
v -0.105521 0.648797 -0.147470
v -0.135835 0.648797 -0.122592
v -0.170420 0.648797 -0.104106
v -0.207947 0.648797 -0.092722
v -0.246973 0.648797 -0.088879
v -0.286000 0.648797 -0.092722
v -0.323526 0.648797 -0.104106
v -0.358111 0.648797 -0.122592
v -0.388425 0.648797 -0.147470
v -0.413303 0.648797 -0.177784
v -0.431789 0.648797 -0.212368
v -0.443173 0.648797 -0.249895
v -0.447016 0.648797 -0.288922
v -0.443173 0.648797 -0.327948
v -0.431789 0.648797 -0.365475
v -0.413303 0.648797 -0.400060
v -0.388425 0.648797 -0.430374
v -0.358111 0.648797 -0.455251
v -0.323526 0.648797 -0.473737
v -0.286000 0.648797 -0.485121
v -0.246973 1.350322 -0.488965
v -0.207947 1.350322 -0.485121
v -0.170420 1.350322 -0.473737
v -0.135835 1.350322 -0.455251
v -0.105521 1.350322 -0.430374
v -0.062158 1.350322 -0.365475
v -0.050774 1.350322 -0.249895
v -0.062158 1.350322 -0.212368
v -0.105521 1.350322 -0.147470
v -0.170420 1.350322 -0.104106
v -0.207947 1.350322 -0.092722
v -0.246973 1.350322 -0.088879
v -0.323526 1.350322 -0.104106
v -0.358111 1.350322 -0.122592
v -0.388425 1.350322 -0.147470
v -0.413303 1.350322 -0.177784
v -0.431789 1.350322 -0.212368
v -0.443173 1.350322 -0.249895
v -0.447016 1.350322 -0.288922
v -0.443173 1.350322 -0.327948
v -0.388425 1.350322 -0.430374
v -0.323526 1.350322 -0.473737
v -0.286000 1.350322 -0.485121
v -0.246973 1.350322 -0.529646
v -0.200010 1.350322 -0.525020
v -0.113234 1.350322 -0.489077
v -0.046818 1.350322 -0.422661
v -0.024573 1.350322 -0.381043
v -0.010874 1.350322 -0.335885
v -0.010874 1.350322 -0.241959
v -0.024573 1.350322 -0.196800
v -0.076756 1.350322 -0.118704
v -0.113234 1.350322 -0.088767
v -0.154852 1.350322 -0.066521
v -0.246973 1.350322 -0.048197
v -0.380713 1.350322 -0.088767
v -0.417191 1.350322 -0.118704
v -0.447128 1.350322 -0.155182
v -0.469373 1.350322 -0.196800
v -0.483072 1.350322 -0.241959
v -0.469373 1.350322 -0.381043
v -0.417191 1.350322 -0.459139
v -0.380713 1.350322 -0.489077
v -0.339094 1.350322 -0.511322
vn -0.1935 -0.1287 -0.9726
vn -0.0000 -0.1490 -0.9888
vn -0.1929 -0.1490 -0.9698
vn 0.3795 -0.1287 -0.9162
vn 0.5494 -0.1490 -0.8222
vn 0.3784 -0.1490 -0.9136
vn 0.5509 -0.1287 -0.8246
vn 0.6992 -0.1490 -0.6992
vn 0.8246 -0.1287 -0.5509
vn 0.8222 -0.1490 -0.5494
vn 0.9136 -0.1490 -0.3784
vn 0.9162 -0.1287 -0.3795
vn 0.9698 -0.1490 -0.1929
vn 0.9726 -0.1287 -0.1935
vn 0.9888 -0.1490 -0.0000
vn 0.9917 -0.1287 -0.0000
vn 0.9698 -0.1490 0.1929
vn 0.9162 -0.1287 0.3795
vn 0.9136 -0.1490 0.3784
vn 0.8222 -0.1490 0.5494
vn 0.8246 -0.1287 0.5509
vn 0.6992 -0.1490 0.6992
vn 0.7012 -0.1287 0.7012
vn 0.5494 -0.1490 0.8222
vn 0.3795 -0.1287 0.9162
vn 0.3784 -0.1490 0.9136
vn 0.1929 -0.1490 0.9698
vn 0.1935 -0.1287 0.9726
vn -0.0000 -0.1490 0.9888
vn -0.0000 -0.1287 0.9917
vn -0.1929 -0.1490 0.9698
vn -0.3795 -0.1287 0.9162
vn -0.3784 -0.1490 0.9136
vn -0.5494 -0.1490 0.8222
vn -0.5509 -0.1287 0.8246
vn -0.6992 -0.1490 0.6992
vn -0.7012 -0.1287 0.7012
vn -0.8222 -0.1490 0.5494
vn -0.9162 -0.1287 0.3795
vn -0.9136 -0.1490 0.3784
vn -0.9698 -0.1490 0.1929
vn -0.9726 -0.1287 0.1935
vn -0.9888 -0.1490 -0.0000
vn -0.9917 -0.1287 -0.0000
vn -0.9698 -0.1490 -0.1929
vn -0.9162 -0.1287 -0.3795
vn -0.9136 -0.1490 -0.3784
vn -0.8222 -0.1490 -0.5494
vn -0.8246 -0.1287 -0.5509
vn -0.6992 -0.1490 -0.6992
vn -0.7012 -0.1287 -0.7012
vn -0.5494 -0.1490 -0.8222
vn -0.3795 -0.1287 -0.9162
vn -0.3784 -0.1490 -0.9136
vn 0.3827 -0.0000 -0.9239
vn 0.1951 -0.0000 -0.9808
vn -0.0000 -0.1287 -0.9917
vn 0.1929 -0.1490 -0.9698
vn 0.1951 -0.0000 0.9808
vn 0.3827 -0.0000 0.9239
vn 0.1935 -0.1287 -0.9726
vn -0.3784 0.1490 -0.9136
vn -0.1935 0.1287 -0.9726
vn -0.3795 0.1287 -0.9162
vn -0.5494 0.1490 -0.8222
vn -0.5509 0.1287 -0.8246
vn -0.6992 0.1490 -0.6992
vn -0.7012 0.1287 -0.7012
vn -0.8246 0.1287 -0.5509
vn -0.9136 0.1490 -0.3784
vn -0.9162 0.1287 -0.3795
vn -0.9698 0.1490 -0.1929
vn -0.9726 0.1287 -0.1935
vn -0.9888 0.1490 -0.0000
vn -0.9917 0.1287 -0.0000
vn -0.9698 0.1490 0.1929
vn -0.9726 0.1287 0.1935
vn -0.9162 0.1287 0.3795
vn -0.8222 0.1490 0.5494
vn -0.8246 0.1287 0.5509
vn -0.6992 0.1490 0.6992
vn -0.7012 0.1287 0.7012
vn -0.5494 0.1490 0.8222
vn -0.5509 0.1287 0.8246
vn -0.3795 0.1287 0.9162
vn -0.1929 0.1490 0.9698
vn -0.1935 0.1287 0.9726
vn -0.0000 0.1490 0.9888
vn -0.0000 0.1287 0.9917
vn 0.1935 0.1287 0.9726
vn 0.3784 0.1490 0.9136
vn 0.3795 0.1287 0.9162
vn 0.5494 0.1490 0.8222
vn 0.5509 0.1287 0.8246
vn 0.6992 0.1490 0.6992
vn 0.7012 0.1287 0.7012
vn 0.8246 0.1287 0.5509
vn 0.9136 0.1490 0.3784
vn 0.9162 0.1287 0.3795
vn 0.9698 0.1490 0.1929
vn 0.9726 0.1287 0.1935
vn 0.9917 0.1287 -0.0000
vn 0.9698 0.1490 -0.1929
vn 0.9726 0.1287 -0.1935
vn 0.9162 0.1287 -0.3795
vn 0.8222 0.1490 -0.5494
vn 0.8246 0.1287 -0.5509
vn 0.7012 0.1287 -0.7012
vn 0.5494 0.1490 -0.8222
vn 0.5509 0.1287 -0.8246
vn 0.3795 0.1287 -0.9162
vn 0.1929 0.1490 -0.9698
vn 0.1935 0.1287 -0.9726
vn -0.0000 0.1490 -0.9888
vn -0.0000 0.1287 -0.9917
vn -0.0000 0.0787 -0.9969
vn -0.1945 0.0787 -0.9777
vn -0.1950 0.0244 -0.9805
vn -0.0000 0.0244 -0.9997
vn -0.1950 -0.0244 -0.9805
vn -0.0000 -0.0244 -0.9997
vn -0.1945 -0.0787 -0.9777
vn -0.0000 -0.0787 -0.9969
vn -0.3815 0.0787 -0.9210
vn -0.3826 0.0244 -0.9236
vn -0.3826 -0.0244 -0.9236
vn -0.3815 -0.0787 -0.9210
vn -0.5538 0.0787 -0.8289
vn -0.5554 0.0244 -0.8312
vn -0.5554 -0.0244 -0.8312
vn -0.5538 -0.0787 -0.8289
vn -0.5509 -0.1287 -0.8246
vn -0.7049 0.0787 -0.7049
vn -0.7069 0.0244 -0.7069
vn -0.7069 -0.0244 -0.7069
vn -0.7049 -0.0787 -0.7049
vn -0.8289 0.0787 -0.5538
vn -0.8312 0.0244 -0.5554
vn -0.8312 -0.0244 -0.5554
vn -0.8289 -0.0787 -0.5538
vn -0.9210 0.0787 -0.3815
vn -0.9236 0.0244 -0.3826
vn -0.9236 -0.0244 -0.3826
vn -0.9210 -0.0787 -0.3815
vn -0.9777 0.0787 -0.1945
vn -0.9805 0.0244 -0.1950
vn -0.9805 -0.0244 -0.1950
vn -0.9777 -0.0787 -0.1945
vn -0.9726 -0.1287 -0.1935
vn -0.9969 0.0787 -0.0000
vn -0.9997 0.0244 -0.0000
vn -0.9997 -0.0244 -0.0000
vn -0.9969 -0.0787 -0.0000
vn -0.9777 0.0787 0.1945
vn -0.9805 0.0244 0.1950
vn -0.9805 -0.0244 0.1950
vn -0.9777 -0.0787 0.1945
vn -0.9210 0.0787 0.3815
vn -0.9236 0.0244 0.3826
vn -0.9236 -0.0244 0.3826
vn -0.9210 -0.0787 0.3815
vn -0.8289 0.0787 0.5538
vn -0.8312 0.0244 0.5554
vn -0.8312 -0.0244 0.5554
vn -0.8289 -0.0787 0.5538
vn -0.8246 -0.1287 0.5509
vn -0.7049 0.0787 0.7049
vn -0.7069 0.0244 0.7069
vn -0.7069 -0.0244 0.7069
vn -0.7049 -0.0787 0.7049
vn -0.5538 0.0787 0.8289
vn -0.5554 0.0244 0.8312
vn -0.5554 -0.0244 0.8312
vn -0.5538 -0.0787 0.8289
vn -0.3815 0.0787 0.9210
vn -0.3826 0.0244 0.9236
vn -0.3826 -0.0244 0.9236
vn -0.3815 -0.0787 0.9210
vn -0.1945 0.0787 0.9777
vn -0.1950 0.0244 0.9805
vn -0.1950 -0.0244 0.9805
vn -0.1945 -0.0787 0.9777
vn -0.1935 -0.1287 0.9726
vn -0.0000 0.0787 0.9969
vn -0.0000 0.0244 0.9997
vn -0.0000 -0.0244 0.9997
vn -0.0000 -0.0787 0.9969
vn 0.1945 0.0787 0.9777
vn 0.1950 0.0244 0.9805
vn 0.1950 -0.0244 0.9805
vn 0.1945 -0.0787 0.9777
vn 0.3815 0.0787 0.9210
vn 0.3826 0.0244 0.9236
vn 0.3826 -0.0244 0.9236
vn 0.3815 -0.0787 0.9210
vn 0.5538 0.0787 0.8289
vn 0.5554 0.0244 0.8312
vn 0.5554 -0.0244 0.8312
vn 0.5538 -0.0787 0.8289
vn 0.5509 -0.1287 0.8246
vn 0.7049 0.0787 0.7049
vn 0.7069 0.0244 0.7069
vn 0.7069 -0.0244 0.7069
vn 0.7049 -0.0787 0.7049
vn 0.8289 0.0787 0.5538
vn 0.8312 0.0244 0.5554
vn 0.8312 -0.0244 0.5554
vn 0.8289 -0.0787 0.5538
vn 0.9210 0.0787 0.3815
vn 0.9236 0.0244 0.3826
vn 0.9236 -0.0244 0.3826
vn 0.9210 -0.0787 0.3815
vn 0.9777 0.0787 0.1945
vn 0.9805 0.0244 0.1950
vn 0.9805 -0.0244 0.1950
vn 0.9777 -0.0787 0.1945
vn 0.9726 -0.1287 0.1935
vn 0.9969 0.0787 -0.0000
vn 0.9997 0.0244 -0.0000
vn 0.9997 -0.0244 -0.0000
vn 0.9969 -0.0787 -0.0000
vn 0.9777 0.0787 -0.1945
vn 0.9805 0.0244 -0.1950
vn 0.9805 -0.0244 -0.1950
vn 0.9777 -0.0787 -0.1945
vn 0.9210 0.0787 -0.3815
vn 0.9236 0.0244 -0.3826
vn 0.9236 -0.0244 -0.3826
vn 0.9210 -0.0787 -0.3815
vn 0.8289 0.0787 -0.5538
vn 0.8312 0.0244 -0.5554
vn 0.8312 -0.0244 -0.5554
vn 0.8289 -0.0787 -0.5538
vn 0.7049 0.0787 -0.7049
vn 0.7069 0.0244 -0.7069
vn 0.7069 -0.0244 -0.7069
vn 0.7049 -0.0787 -0.7049
vn 0.7012 -0.1287 -0.7012
vn 0.5538 0.0787 -0.8289
vn 0.5554 0.0244 -0.8312
vn 0.5554 -0.0244 -0.8312
vn 0.5538 -0.0787 -0.8289
vn 0.3815 0.0787 -0.9210
vn 0.3826 0.0244 -0.9236
vn 0.3826 -0.0244 -0.9236
vn 0.3815 -0.0787 -0.9210
vn 0.1945 0.0787 -0.9777
vn 0.1950 0.0244 -0.9805
vn 0.1950 -0.0244 -0.9805
vn 0.1945 -0.0787 -0.9777
vn -0.0000 -1.0000 -0.0000
vn -0.0000 1.0000 -0.0000
vn -0.8315 -0.0000 0.5556
vn -0.7071 -0.0000 0.7071
vn -0.0000 -0.0000 1.0000
vn 0.5556 -0.0000 -0.8315
vn -0.9239 -0.0000 0.3827
vn 0.7071 -0.0000 -0.7071
vn -0.9808 -0.0000 0.1951
vn 0.8315 -0.0000 -0.5556
vn -1.0000 -0.0000 -0.0000
vn 0.9239 -0.0000 -0.3827
vn -0.9808 -0.0000 -0.1951
vn 0.9808 -0.0000 -0.1951
vn -0.9239 -0.0000 -0.3827
vn 1.0000 -0.0000 -0.0000
vn -0.8315 -0.0000 -0.5556
vn 0.9808 -0.0000 0.1951
vn -0.7071 -0.0000 -0.7071
vn 0.9239 -0.0000 0.3827
vn -0.5556 -0.0000 -0.8315
vn 0.8315 -0.0000 0.5556
vn -0.3827 -0.0000 -0.9239
vn -0.1951 -0.0000 0.9808
vn 0.7071 -0.0000 0.7071
vn -0.1951 -0.0000 -0.9808
vn -0.3827 -0.0000 0.9239
vn 0.5556 -0.0000 0.8315
vn -0.0000 -0.0000 -1.0000
vn -0.5556 -0.0000 0.8315
vn -0.1929 0.1490 -0.9698
vn -0.8222 0.1490 -0.5494
vn -0.9136 0.1490 0.3784
vn -0.3784 0.1490 0.9136
vn 0.1929 0.1490 0.9698
vn 0.8222 0.1490 0.5494
vn 0.9888 0.1490 -0.0000
vn 0.9136 0.1490 -0.3784
vn 0.6992 0.1490 -0.6992
vn 0.3784 0.1490 -0.9136
vt 1.246527 0.370595
vt 1.284447 0.348910
vt 1.284447 0.370595
vt 1.246527 0.305541
vt 1.284447 0.283856
vt 1.284447 0.305541
vt 1.246527 0.283856
vt 1.284447 0.262171
vt 1.246527 0.240486
vt 1.284447 0.240486
vt 1.284447 0.218801
vt 1.246527 0.218802
vt 1.284447 0.197117
vt 1.246527 0.197117
vt 1.284447 0.175432
vt 1.246527 0.175432
vt 1.284447 0.153747
vt 1.246527 0.132062
vt 1.284447 0.132062
vt 1.284447 0.110377
vt 1.246527 0.110377
vt 1.284447 0.088692
vt 1.246527 0.088692
vt 1.284447 0.067008
vt 1.246527 0.045323
vt 1.284447 0.045323
vt 1.284447 0.023638
vt 1.246527 0.023638
vt 1.284447 0.001953
vt 1.246527 0.695868
vt 1.284447 0.674183
vt 1.284447 0.695868
vt 1.246527 0.652498
vt 1.284447 0.652498
vt 1.284447 0.630813
vt 1.246527 0.630813
vt 1.284447 0.609128
vt 1.246527 0.609128
vt 1.284447 0.587444
vt 1.246527 0.565759
vt 1.284447 0.565759
vt 1.284447 0.544074
vt 1.246527 0.544074
vt 1.284447 0.522389
vt 1.246527 0.522389
vt 1.284447 0.500704
vt 1.246527 0.479019
vt 1.284447 0.479019
vt 1.284447 0.457335
vt 1.246527 0.457335
vt 1.284447 0.435650
vt 1.246527 0.435650
vt 1.284447 0.413965
vt 1.246527 0.392280
vt 1.284447 0.392280
vt 1.501738 0.851318
vt 1.518397 0.833433
vt 1.518397 0.851318
vt 1.246527 0.348910
vt 1.284447 0.327226
vt 1.285164 0.851318
vt 1.301824 0.833433
vt 1.301824 0.851318
vt 1.246527 0.327226
vt 1.001953 0.392280
vt 1.039872 0.370595
vt 1.039872 0.392280
vt 1.001953 0.413965
vt 1.039872 0.413965
vt 1.001953 0.435650
vt 1.039872 0.435650
vt 1.039872 0.457335
vt 1.001953 0.479019
vt 1.039872 0.479019
vt 1.001953 0.500704
vt 1.039872 0.500704
vt 1.001953 0.522389
vt 1.039872 0.522389
vt 1.001953 0.544074
vt 1.039872 0.544074
vt 1.039872 0.565759
vt 1.001953 0.587444
vt 1.039872 0.587444
vt 1.001953 0.609128
vt 1.039872 0.609128
vt 1.001953 0.630813
vt 1.039872 0.630813
vt 1.039872 0.652498
vt 1.001953 0.674183
vt 1.039872 0.674183
vt 1.001953 0.695868
vt 1.039872 0.695868
vt 1.039872 0.023638
vt 1.001953 0.001953
vt 1.039872 0.001953
vt 1.001953 0.045323
vt 1.039872 0.045323
vt 1.001953 0.067008
vt 1.039872 0.067008
vt 1.001953 0.088692
vt 1.039872 0.088692
vt 1.039872 0.110377
vt 1.001953 0.132062
vt 1.039872 0.132062
vt 1.001953 0.153747
vt 1.039872 0.153747
vt 1.039872 0.175432
vt 1.001953 0.197117
vt 1.039872 0.197117
vt 1.039872 0.218802
vt 1.001953 0.240486
vt 1.039872 0.240486
vt 1.039872 0.262171
vt 1.001953 0.283856
vt 1.039872 0.283856
vt 1.039872 0.305541
vt 1.001953 0.327226
vt 1.039872 0.327226
vt 1.001953 0.348910
vt 1.039872 0.348910
vt 1.077019 0.348910
vt 1.077019 0.370595
vt 1.120419 0.370595
vt 1.120419 0.348910
vt 1.165981 0.370595
vt 1.165981 0.348910
vt 1.209381 0.370595
vt 1.209380 0.348910
vt 1.077019 0.392280
vt 1.120419 0.392280
vt 1.165981 0.392280
vt 1.209381 0.392280
vt 1.077019 0.413965
vt 1.120419 0.413965
vt 1.165981 0.413965
vt 1.209381 0.413965
vt 1.246527 0.413965
vt 1.077019 0.435650
vt 1.120419 0.435650
vt 1.165981 0.435650
vt 1.209381 0.435650
vt 1.077019 0.457335
vt 1.120419 0.457335
vt 1.165981 0.457335
vt 1.209380 0.457335
vt 1.077019 0.479019
vt 1.120419 0.479019
vt 1.165981 0.479019
vt 1.209381 0.479019
vt 1.077019 0.500704
vt 1.120419 0.500704
vt 1.165981 0.500704
vt 1.209380 0.500704
vt 1.246527 0.500704
vt 1.077019 0.522389
vt 1.120419 0.522389
vt 1.165981 0.522389
vt 1.209381 0.522389
vt 1.077019 0.544074
vt 1.120419 0.544074
vt 1.165981 0.544074
vt 1.209381 0.544074
vt 1.077019 0.565759
vt 1.120419 0.565759
vt 1.165981 0.565759
vt 1.209381 0.565759
vt 1.077019 0.587444
vt 1.120419 0.587444
vt 1.165981 0.587444
vt 1.209381 0.587444
vt 1.246527 0.587444
vt 1.077019 0.609128
vt 1.120419 0.609128
vt 1.165981 0.609128
vt 1.209381 0.609128
vt 1.077019 0.630813
vt 1.120419 0.630813
vt 1.165981 0.630813
vt 1.209380 0.630813
vt 1.077019 0.652498
vt 1.120419 0.652498
vt 1.165981 0.652498
vt 1.209381 0.652498
vt 1.077019 0.674183
vt 1.120419 0.674183
vt 1.165981 0.674183
vt 1.209381 0.674183
vt 1.246527 0.674183
vt 1.077019 0.695868
vt 1.120419 0.695868
vt 1.165981 0.695868
vt 1.209380 0.695868
vt 1.077019 0.001953
vt 1.077019 0.023638
vt 1.120419 0.023638
vt 1.120419 0.001953
vt 1.165981 0.023638
vt 1.165981 0.001953
vt 1.209381 0.023638
vt 1.209380 0.001953
vt 1.077019 0.045323
vt 1.120419 0.045323
vt 1.165981 0.045323
vt 1.209381 0.045323
vt 1.077019 0.067008
vt 1.120419 0.067008
vt 1.165981 0.067008
vt 1.209381 0.067008
vt 1.246527 0.067008
vt 1.077019 0.088692
vt 1.120419 0.088692
vt 1.165981 0.088692
vt 1.209381 0.088692
vt 1.077019 0.110377
vt 1.120419 0.110377
vt 1.165981 0.110377
vt 1.209381 0.110377
vt 1.077019 0.132062
vt 1.120419 0.132062
vt 1.165981 0.132062
vt 1.209381 0.132062
vt 1.077019 0.153747
vt 1.120419 0.153747
vt 1.165981 0.153747
vt 1.209380 0.153747
vt 1.246527 0.153747
vt 1.077019 0.175432
vt 1.120419 0.175432
vt 1.165981 0.175432
vt 1.209381 0.175432
vt 1.077019 0.197117
vt 1.120419 0.197117
vt 1.165981 0.197117
vt 1.209381 0.197117
vt 1.077019 0.218801
vt 1.120419 0.218802
vt 1.165981 0.218802
vt 1.209381 0.218802
vt 1.077019 0.240486
vt 1.120419 0.240486
vt 1.165981 0.240486
vt 1.209380 0.240486
vt 1.077019 0.262171
vt 1.120419 0.262171
vt 1.165981 0.262171
vt 1.209381 0.262171
vt 1.246527 0.262171
vt 1.077019 0.283856
vt 1.120419 0.283856
vt 1.165981 0.283856
vt 1.209381 0.283856
vt 1.077019 0.305541
vt 1.120419 0.305541
vt 1.165981 0.305541
vt 1.209380 0.305541
vt 1.077019 0.327226
vt 1.120419 0.327226
vt 1.165981 0.327226
vt 1.209381 0.327226
vt 1.294902 0.826577
vt 1.313211 0.809337
vt 1.313211 0.826577
vt 1.294901 0.785240
vt 1.313210 0.802481
vt 1.313210 0.785240
vt 1.331521 0.809337
vt 1.331521 0.826577
vt 1.331519 0.785240
vt 1.349830 0.826577
vt 1.349830 0.809337
vt 1.331519 0.802481
vt 1.349828 0.785240
vt 1.368139 0.809337
vt 1.368139 0.826577
vt 1.368138 0.802481
vt 1.368138 0.785240
vt 1.386449 0.826577
vt 1.386449 0.809337
vt 1.386447 0.785240
vt 1.404758 0.809337
vt 1.404758 0.826577
vt 1.404756 0.802481
vt 1.404756 0.785240
vt 1.423067 0.809337
vt 1.423067 0.826577
vt 1.423066 0.785240
vt 1.441376 0.809337
vt 1.441376 0.826577
vt 1.423066 0.802481
vt 1.441375 0.785240
vt 1.459686 0.809337
vt 1.459686 0.826577
vt 1.459684 0.802481
vt 1.459684 0.785240
vt 1.477995 0.809337
vt 1.477995 0.826577
vt 1.477993 0.785240
vt 1.496304 0.826577
vt 1.496304 0.809337
vt 1.477993 0.802481
vt 1.496302 0.785240
vt 1.514614 0.809337
vt 1.514614 0.826577
vt 1.514612 0.802481
vt 1.514612 0.785240
vt 1.532923 0.826577
vt 1.532923 0.809337
vt 1.532921 0.785240
vt 1.551232 0.809337
vt 1.551232 0.826577
vt 1.551230 0.802481
vt 1.551230 0.785240
vt 1.569541 0.809337
vt 1.569541 0.826577
vt 1.569540 0.785240
vt 1.587851 0.809337
vt 1.587851 0.826577
vt 1.569540 0.802481
vt 1.587849 0.785240
vt 1.001953 0.826577
vt 1.020262 0.809337
vt 1.020262 0.826577
vt 1.001953 0.785240
vt 1.020262 0.802481
vt 1.020262 0.785240
vt 1.038572 0.809337
vt 1.038572 0.826577
vt 1.038572 0.785240
vt 1.056881 0.826577
vt 1.056881 0.809337
vt 1.038572 0.802481
vt 1.056881 0.785240
vt 1.075190 0.809337
vt 1.075190 0.826577
vt 1.075190 0.802481
vt 1.075190 0.785240
vt 1.093500 0.826577
vt 1.093500 0.809337
vt 1.093499 0.785240
vt 1.111809 0.809337
vt 1.111809 0.826577
vt 1.111808 0.802481
vt 1.111808 0.785240
vt 1.130118 0.809337
vt 1.130118 0.826577
vt 1.130118 0.785240
vt 1.148428 0.809337
vt 1.148428 0.826577
vt 1.130118 0.802481
vt 1.148427 0.785240
vt 1.166737 0.809337
vt 1.166737 0.826577
vt 1.166736 0.802481
vt 1.166736 0.785240
vt 1.185046 0.809337
vt 1.185046 0.826577
vt 1.185046 0.785240
vt 1.203356 0.826577
vt 1.203356 0.809337
vt 1.185046 0.802481
vt 1.203355 0.785240
vt 1.221665 0.809337
vt 1.221665 0.826577
vt 1.221664 0.802481
vt 1.221664 0.785240
vt 1.239974 0.826577
vt 1.239974 0.809337
vt 1.239973 0.785240
vt 1.258283 0.809337
vt 1.258283 0.826577
vt 1.258282 0.802481
vt 1.258282 0.785240
vt 1.276593 0.809337
vt 1.276593 0.826577
vt 1.276592 0.785240
vt 1.294902 0.809337
vt 1.276592 0.802481
vt 1.185207 0.851318
vt 1.201867 0.833433
vt 1.201867 0.851318
vt 1.798876 0.301824
vt 1.780991 0.285165
vt 1.798876 0.285165
vt 1.798876 0.501738
vt 1.780991 0.518398
vt 1.780991 0.501738
vt 1.798876 0.201867
vt 1.780991 0.185208
vt 1.798876 0.185208
vt 1.268505 0.851318
vt 1.285164 0.833433
vt 1.485078 0.851318
vt 1.501738 0.833433
vt 1.168548 0.851318
vt 1.185207 0.833433
vt 1.780991 0.268505
vt 1.798876 0.268505
vt 1.780991 0.485079
vt 1.798876 0.485079
vt 1.798876 0.168548
vt 1.780991 0.168548
vt 1.468419 0.851318
vt 1.485078 0.833433
vt 1.151888 0.851318
vt 1.168548 0.833433
vt 1.780991 0.468419
vt 1.798876 0.468419
vt 1.780991 0.151889
vt 1.798876 0.151889
vt 1.451759 0.851318
vt 1.468419 0.833433
vt 1.135229 0.851318
vt 1.151888 0.833433
vt 1.780991 0.451760
vt 1.798876 0.451760
vt 1.780991 0.135229
vt 1.798876 0.135229
vt 1.435100 0.851318
vt 1.451759 0.833433
vt 1.118569 0.851318
vt 1.135229 0.833433
vt 1.780991 0.435100
vt 1.798876 0.435100
vt 1.798876 0.118570
vt 1.780991 0.118570
vt 1.418440 0.851318
vt 1.435100 0.833433
vt 1.101910 0.851318
vt 1.118569 0.833433
vt 1.780991 0.418441
vt 1.798876 0.418441
vt 1.780991 0.101910
vt 1.798876 0.101910
vt 1.401781 0.851318
vt 1.418440 0.833433
vt 1.085250 0.851318
vt 1.101910 0.833433
vt 1.780991 0.401781
vt 1.798876 0.401781
vt 1.780991 0.085251
vt 1.798876 0.085251
vt 1.385121 0.851318
vt 1.401781 0.833433
vt 1.068591 0.851318
vt 1.085250 0.833433
vt 1.780991 0.385122
vt 1.798876 0.385122
vt 1.798876 0.068591
vt 1.780991 0.068591
vt 1.368462 0.851318
vt 1.385121 0.833433
vt 1.051931 0.851318
vt 1.068591 0.833433
vt 1.780991 0.368462
vt 1.798876 0.368462
vt 1.780991 0.051932
vt 1.798876 0.051932
vt 1.351802 0.851318
vt 1.368462 0.833433
vt 1.035272 0.851318
vt 1.051931 0.833433
vt 1.251846 0.851318
vt 1.268505 0.833433
vt 1.780991 0.351803
vt 1.798876 0.351803
vt 1.798876 0.035272
vt 1.780991 0.035272
vt 1.780991 0.251846
vt 1.798876 0.251846
vt 1.335143 0.851318
vt 1.351802 0.833433
vt 1.018613 0.851318
vt 1.035272 0.833433
vt 1.235186 0.851318
vt 1.251846 0.833433
vt 1.798876 0.335143
vt 1.780991 0.335143
vt 1.780991 0.018613
vt 1.798876 0.018613
vt 1.780991 0.235186
vt 1.798876 0.235186
vt 1.318483 0.851318
vt 1.335143 0.833433
vt 1.001953 0.851318
vt 1.018613 0.833433
vt 1.218526 0.851318
vt 1.235186 0.833433
vt 1.780991 0.318484
vt 1.798876 0.318484
vt 1.798876 0.001953
vt 1.780991 0.001953
vt 1.780991 0.218527
vt 1.798876 0.218527
vt 1.318483 0.833433
vt 1.535057 0.833433
vt 1.535057 0.851318
vt 1.218526 0.833433
vt 1.780991 0.301824
vt 1.798876 0.535058
vt 1.798876 0.518398
vt 1.780991 0.201867
vt 1.576193 0.283136
vt 1.567863 0.367709
vt 1.551523 0.364459
vt 1.584522 0.367709
vt 1.600862 0.364459
vt 1.616253 0.358084
vt 1.630105 0.348828
vt 1.641885 0.337048
vt 1.651141 0.323196
vt 1.657516 0.307805
vt 1.660767 0.291465
vt 1.660767 0.274806
vt 1.657516 0.258466
vt 1.651141 0.243075
vt 1.641885 0.229223
vt 1.630105 0.217443
vt 1.616253 0.208187
vt 1.600862 0.201812
vt 1.584522 0.198562
vt 1.567863 0.198562
vt 1.551523 0.201812
vt 1.536132 0.208187
vt 1.522280 0.217443
vt 1.510500 0.229223
vt 1.501245 0.243075
vt 1.494869 0.258466
vt 1.491619 0.274806
vt 1.491619 0.291465
vt 1.494869 0.307805
vt 1.501245 0.323196
vt 1.510500 0.337048
vt 1.522280 0.348828
vt 1.536132 0.358084
vt 1.576193 0.669497
vt 1.657516 0.694167
vt 1.651140 0.709558
vt 1.641885 0.723410
vt 1.630105 0.735190
vt 1.616253 0.744446
vt 1.600862 0.750821
vt 1.584522 0.754071
vt 1.567863 0.754071
vt 1.551523 0.750821
vt 1.536131 0.744446
vt 1.522280 0.735190
vt 1.510499 0.723410
vt 1.501244 0.709558
vt 1.494869 0.694167
vt 1.491619 0.677827
vt 1.491619 0.661167
vt 1.494869 0.644828
vt 1.501244 0.629436
vt 1.510500 0.615584
vt 1.522280 0.603804
vt 1.536132 0.594549
vt 1.551523 0.588174
vt 1.567863 0.584923
vt 1.584522 0.584923
vt 1.600862 0.588174
vt 1.616253 0.594549
vt 1.630105 0.603805
vt 1.641885 0.615585
vt 1.651141 0.629437
vt 1.657516 0.644828
vt 1.660766 0.661168
vt 1.660766 0.677827
vt 1.246527 0.001953
vt 1.001953 0.370595
vt 1.001953 0.457335
vt 1.001953 0.565759
vt 1.001953 0.652498
vt 1.001953 0.023638
vt 1.001953 0.110377
vt 1.001953 0.175432
vt 1.001953 0.218801
vt 1.001953 0.262171
vt 1.001953 0.305541
vt 1.294901 0.802481
vt 1.349828 0.802481
vt 1.386447 0.802481
vt 1.441375 0.802481
vt 1.496302 0.802481
vt 1.532921 0.802481
vt 1.587849 0.802481
vt 1.001953 0.809337
vt 1.001953 0.802481
vt 1.056881 0.802481
vt 1.093499 0.802481
vt 1.148427 0.802481
vt 1.203355 0.802481
vt 1.239973 0.802481
vt 1.001953 0.833433
vt 1.780991 0.535058
s 1
usemtl cart
f 2034/2551/991 2040/2552/992 2081/2553/993
f 1860/2554/994 2044/2555/995 2042/2556/996
f 1866/2557/997 2045/2558/998 2044/2555/995
f 2045/2558/998 1878/2559/999 2047/2560/1000
f 1878/2559/999 2048/2561/1001 2047/2560/1000
f 1884/2562/1002 2049/2563/1003 2048/2561/1001
f 1890/2564/1004 2050/2565/1005 2049/2563/1003
f 1896/2566/1006 2052/2567/1007 2050/2565/1005
f 2052/2567/1007 1908/2568/1008 2053/2569/1009
f 1908/2568/1008 2054/2570/1010 2053/2569/1009
f 1914/2571/1011 2056/2572/1012 2054/2570/1010
f 1920/2573/1013 2057/2574/1014 2056/2572/1012
f 2057/2574/1014 1932/2575/1015 2058/2576/1016
f 1932/2575/1015 2059/2577/1017 2058/2576/1016
f 1938/2578/1018 2061/2579/1019 2059/2577/1017
f 1944/2580/1020 2062/2581/1021 2061/2582/1019
f 2062/2581/1021 1956/2583/1022 2064/2584/1023
f 1956/2583/1022 2066/2585/1024 2064/2584/1023
f 1962/2586/1025 2067/2587/1026 2066/2585/1024
f 1968/2588/1027 2068/2589/1028 2067/2587/1026
f 2068/2589/1028 1980/2590/1029 2069/2591/1030
f 1980/2590/1029 2070/2592/1031 2069/2591/1030
f 1986/2593/1032 2071/2594/1033 2070/2592/1031
f 1992/2595/1034 2073/2596/1035 2071/2594/1033
f 2073/2596/1035 2004/2597/1036 2075/2598/1037
f 2004/2597/1036 2076/2599/1038 2075/2598/1037
f 2010/2600/1039 2078/2601/1040 2076/2599/1038
f 2016/2602/1041 2079/2603/1042 2078/2601/1040
f 2079/2603/1042 2028/2604/1043 2080/2605/1044
f 2028/2604/1043 2081/2553/993 2080/2605/1044
f 1831/2606/1045 2134/2607/1046 1829/2608/1046
f 1849/2609/1047 2041/2610/1048 2040/2552/992
f 1847/2611/1049 2147/2612/1050 1846/2613/1050
f 1854/2614/1051 2042/2556/996 2041/2610/1048
f 2192/2615/1052 2035/2616/1053 2029/2617/1054
f 2191/2618/1055 2029/2617/1054 2023/2619/1056
f 2190/2620/1057 2023/2619/1056 2017/2621/1058
f 2011/2622/1059 2190/2620/1057 2017/2621/1058
f 2189/2623/1060 2011/2622/1059 2005/2624/1061
f 2074/2625/1062 2005/2624/1061 1999/2626/1063
f 2072/2627/1064 1999/2626/1063 1993/2628/1065
f 2188/2629/1066 1993/2628/1065 1987/2630/1067
f 1981/2631/1068 2188/2629/1066 1987/2630/1067
f 2186/2632/1069 1981/2631/1068 1975/2633/1070
f 2185/2634/1071 1975/2633/1070 1969/2635/1072
f 2184/2636/1073 1969/2635/1072 1963/2637/1074
f 1957/2638/1075 2184/2636/1073 1963/2637/1074
f 2063/2639/1076 1957/2638/1075 1951/2640/1077
f 2183/2641/1078 1951/2640/1077 1945/2642/1079
f 1939/2643/1080 2183/2644/1078 1945/2645/1079
f 2182/2646/1081 1939/2643/1080 1933/2647/1082
f 2181/2648/1083 1933/2647/1082 1927/2649/1084
f 2180/2650/1085 1927/2649/1084 1921/2651/1086
f 1915/2652/1087 2180/2650/1085 1921/2651/1086
f 2179/2653/1088 1915/2652/1087 1909/2654/1089
f 2178/2655/1090 1909/2654/1089 1903/2656/1091
f 1897/2657/1092 2178/2655/1090 1903/2656/1091
f 2177/2658/1093 1897/2657/1092 1891/2659/1094
f 1885/2660/1095 2177/2658/1093 1891/2659/1094
f 2175/2661/1096 1885/2660/1095 1879/2662/1097
f 1873/2663/1098 2175/2661/1096 1879/2662/1097
f 2174/2664/1099 1873/2663/1098 1867/2665/1100
f 1861/2666/1101 2174/2664/1099 1867/2665/1100
f 2173/2667/1102 1861/2666/1101 1855/2668/1103
f 2172/2669/1104 1855/2668/1103 1848/2670/1105
f 2035/2616/1053 1850/2671/1106 2039/2672/1107
f 1850/2671/1106 2038/2673/1108 2039/2672/1107
f 1851/2674/1109 2037/2675/1110 2038/2673/1108
f 1852/2676/1111 2036/2677/1112 2037/2675/1110
f 1853/2678/1113 2034/2551/991 2036/2677/1112
f 2035/2616/1053 2033/2679/1114 2029/2617/1054
f 2039/2672/1107 2032/2680/1115 2033/2679/1114
f 2038/2673/1108 2031/2681/1116 2032/2680/1115
f 2037/2675/1110 2030/2682/1117 2031/2681/1116
f 2036/2677/1112 2028/2604/1043 2030/2682/1117
f 2023/2619/1056 2033/2679/1114 2027/2683/1118
f 2033/2679/1114 2026/2684/1119 2027/2683/1118
f 2032/2680/1115 2025/2685/1120 2026/2684/1119
f 2025/2685/1120 2030/2682/1117 2024/2686/1121
f 2030/2682/1117 2022/2687/1122 2024/2686/1121
f 2023/2619/1056 2021/2688/1123 2017/2621/1058
f 2027/2683/1118 2020/2689/1124 2021/2688/1123
f 2026/2684/1119 2019/2690/1125 2020/2689/1124
f 2025/2685/1120 2018/2691/1126 2019/2690/1125
f 2024/2686/1121 2016/2602/1041 2018/2691/1126
f 2017/2621/1058 2015/2692/1127 2011/2622/1059
f 2021/2688/1123 2014/2693/1128 2015/2692/1127
f 2020/2689/1124 2013/2694/1129 2014/2693/1128
f 2019/2690/1125 2012/2695/1130 2013/2694/1129
f 2012/2695/1130 2016/2602/1041 2010/2600/1039
f 2011/2622/1059 2009/2696/1131 2005/2624/1061
f 2009/2696/1131 2014/2693/1128 2008/2697/1132
f 2014/2693/1128 2007/2698/1133 2008/2697/1132
f 2013/2694/1129 2006/2699/1134 2007/2698/1133
f 2006/2699/1134 2010/2600/1039 2004/2597/1036
f 2005/2624/1061 2003/2700/1135 1999/2626/1063
f 2009/2696/1131 2002/2701/1136 2003/2700/1135
f 2008/2697/1132 2001/2702/1137 2002/2701/1136
f 2007/2698/1133 2000/2703/1138 2001/2702/1137
f 2006/2699/1134 1998/2704/1139 2000/2703/1138
f 1999/2626/1063 1997/2705/1140 1993/2628/1065
f 2003/2700/1135 1996/2706/1141 1997/2705/1140
f 2002/2701/1136 1995/2707/1142 1996/2706/1141
f 2001/2702/1137 1994/2708/1143 1995/2707/1142
f 1994/2708/1143 1998/2704/1139 1992/2595/1034
f 1987/2630/1067 1997/2705/1140 1991/2709/1144
f 1997/2705/1140 1990/2710/1145 1991/2709/1144
f 1996/2706/1141 1989/2711/1146 1990/2710/1145
f 1995/2707/1142 1988/2712/1147 1989/2711/1146
f 1994/2708/1143 1986/2593/1032 1988/2712/1147
f 1987/2630/1067 1985/2713/1148 1981/2631/1068
f 1991/2709/1144 1984/2714/1149 1985/2713/1148
f 1990/2710/1145 1983/2715/1150 1984/2714/1149
f 1989/2711/1146 1982/2716/1151 1983/2715/1150
f 1988/2712/1147 1980/2590/1029 1982/2716/1151
f 1975/2633/1070 1985/2713/1148 1979/2717/1152
f 1985/2713/1148 1978/2718/1153 1979/2717/1152
f 1984/2714/1149 1977/2719/1154 1978/2718/1153
f 1977/2719/1154 1982/2716/1151 1976/2720/1155
f 1982/2716/1151 1974/2721/1156 1976/2720/1155
f 1975/2633/1070 1973/2722/1157 1969/2635/1072
f 1979/2717/1152 1972/2723/1158 1973/2722/1157
f 1978/2718/1153 1971/2724/1159 1972/2723/1158
f 1977/2719/1154 1970/2725/1160 1971/2724/1159
f 1976/2720/1155 1968/2588/1027 1970/2725/1160
f 1969/2635/1072 1967/2726/1161 1963/2637/1074
f 1973/2722/1157 1966/2727/1162 1967/2726/1161
f 1972/2723/1158 1965/2728/1163 1966/2727/1162
f 1971/2724/1159 1964/2729/1164 1965/2728/1163
f 1964/2729/1164 1968/2588/1027 1962/2586/1025
f 1963/2637/1074 1961/2730/1165 1957/2638/1075
f 1961/2730/1165 1966/2727/1162 1960/2731/1166
f 1966/2727/1162 1959/2732/1167 1960/2731/1166
f 1965/2728/1163 1958/2733/1168 1959/2732/1167
f 1958/2733/1168 1962/2586/1025 1956/2583/1022
f 1957/2638/1075 1955/2734/1169 1951/2640/1077
f 1961/2730/1165 1954/2735/1170 1955/2734/1169
f 1960/2731/1166 1953/2736/1171 1954/2735/1170
f 1959/2732/1167 1952/2737/1172 1953/2736/1171
f 1958/2733/1168 1950/2738/1173 1952/2737/1172
f 1951/2640/1077 1949/2739/1174 1945/2642/1079
f 1955/2734/1169 1948/2740/1175 1949/2739/1174
f 1954/2735/1170 1947/2741/1176 1948/2740/1175
f 1953/2736/1171 1946/2742/1177 1947/2741/1176
f 1946/2742/1177 1950/2738/1173 1944/2580/1020
f 1939/2643/1080 1949/2743/1174 1943/2744/1178
f 1949/2743/1174 1942/2745/1179 1943/2744/1178
f 1948/2746/1175 1941/2747/1180 1942/2745/1179
f 1947/2748/1176 1940/2749/1181 1941/2747/1180
f 1946/2750/1177 1938/2578/1018 1940/2749/1181
f 1939/2643/1080 1937/2751/1182 1933/2647/1082
f 1943/2744/1178 1936/2752/1183 1937/2751/1182
f 1942/2745/1179 1935/2753/1184 1936/2752/1183
f 1935/2753/1184 1940/2749/1181 1934/2754/1185
f 1934/2754/1185 1938/2578/1018 1932/2575/1015
f 1933/2647/1082 1931/2755/1186 1927/2649/1084
f 1937/2751/1182 1930/2756/1187 1931/2755/1186
f 1936/2752/1183 1929/2757/1188 1930/2756/1187
f 1935/2753/1184 1928/2758/1189 1929/2757/1188
f 1934/2754/1185 1926/2759/1190 1928/2758/1189
f 1927/2649/1084 1925/2760/1191 1921/2651/1086
f 1931/2755/1186 1924/2761/1192 1925/2760/1191
f 1930/2756/1187 1923/2762/1193 1924/2761/1192
f 1929/2757/1188 1922/2763/1194 1923/2762/1193
f 1922/2763/1194 1926/2759/1190 1920/2573/1013
f 1915/2652/1087 1925/2760/1191 1919/2764/1195
f 1925/2760/1191 1918/2765/1196 1919/2764/1195
f 1924/2761/1192 1917/2766/1197 1918/2765/1196
f 1923/2762/1193 1916/2767/1198 1917/2766/1197
f 1922/2763/1194 1914/2571/1011 1916/2767/1198
f 1915/2652/1087 1913/2768/1199 1909/2654/1089
f 1919/2764/1195 1912/2769/1200 1913/2768/1199
f 1918/2765/1196 1911/2770/1201 1912/2769/1200
f 1911/2770/1201 1916/2767/1198 1910/2771/1202
f 1916/2767/1198 1908/2568/1008 1910/2771/1202
f 1909/2654/1089 1907/2772/1203 1903/2656/1091
f 1913/2768/1199 1906/2773/1204 1907/2772/1203
f 1912/2769/1200 1905/2774/1205 1906/2773/1204
f 1911/2770/1201 1904/2775/1206 1905/2774/1205
f 1910/2771/1202 1902/2776/1207 1904/2775/1206
f 1903/2656/1091 1901/2777/1208 1897/2657/1092
f 1907/2772/1203 1900/2778/1209 1901/2777/1208
f 1906/2773/1204 1899/2779/1210 1900/2778/1209
f 1905/2774/1205 1898/2780/1211 1899/2779/1210
f 1898/2780/1211 1902/2776/1207 1896/2566/1006
f 1891/2659/1094 1901/2777/1208 1895/2781/1212
f 1901/2777/1208 1894/2782/1213 1895/2781/1212
f 1900/2778/1209 1893/2783/1214 1894/2782/1213
f 1899/2779/1210 1892/2784/1215 1893/2783/1214
f 1898/2780/1211 1890/2564/1004 1892/2784/1215
f 1891/2659/1094 1889/2785/1216 1885/2660/1095
f 1895/2781/1212 1888/2786/1217 1889/2785/1216
f 1894/2782/1213 1887/2787/1218 1888/2786/1217
f 1893/2783/1214 1886/2788/1219 1887/2787/1218
f 1892/2784/1215 1884/2562/1002 1886/2788/1219
f 1885/2660/1095 1883/2789/1220 1879/2662/1097
f 1883/2789/1220 1888/2786/1217 1882/2790/1221
f 1888/2786/1217 1881/2791/1222 1882/2790/1221
f 1887/2787/1218 1880/2792/1223 1881/2791/1222
f 1886/2788/1219 1878/2559/999 1880/2792/1223
f 1879/2662/1097 1877/2793/1224 1873/2663/1098
f 1877/2793/1224 1882/2790/1221 1876/2794/1225
f 1882/2790/1221 1875/2795/1226 1876/2794/1225
f 1881/2791/1222 1874/2796/1227 1875/2795/1226
f 1880/2792/1223 1872/2797/1228 1874/2796/1227
f 1873/2663/1098 1871/2798/1229 1867/2665/1100
f 1871/2798/1229 1876/2794/1225 1870/2799/1230
f 1876/2794/1225 1869/2800/1231 1870/2799/1230
f 1875/2795/1226 1868/2801/1232 1869/2800/1231
f 1874/2796/1227 1866/2557/997 1868/2801/1232
f 1867/2665/1100 1865/2802/1233 1861/2666/1101
f 1871/2798/1229 1864/2803/1234 1865/2802/1233
f 1870/2799/1230 1863/2804/1235 1864/2803/1234
f 1863/2804/1235 1868/2801/1232 1862/2805/1236
f 1862/2805/1236 1866/2557/997 1860/2554/994
f 1855/2668/1103 1865/2802/1233 1859/2806/1237
f 1865/2802/1233 1858/2807/1238 1859/2806/1237
f 1864/2803/1234 1857/2808/1239 1858/2807/1238
f 1863/2804/1235 1856/2809/1240 1857/2808/1239
f 1862/2805/1236 1854/2614/1051 1856/2809/1240
f 1855/2668/1103 1850/2671/1106 1848/2670/1105
f 1859/2806/1237 1851/2674/1109 1850/2671/1106
f 1858/2807/1238 1852/2676/1111 1851/2674/1109
f 1857/2808/1239 1853/2678/1113 1852/2676/1111
f 1853/2678/1113 1854/2614/1051 1849/2609/1047
f 2035/2616/1053 2172/2669/1104 1848/2670/1105
f 1807/2810/1241 2041/2811/1241 1808/2812/1241
f 2149/2813/1242 2082/2814/1242 2171/2815/1242
f 1808/2812/1241 2042/2816/1241 1809/2817/1241
f 2082/2814/1242 2170/2818/1242 2171/2815/1242
f 1810/2819/1241 2042/2816/1241 2044/2820/1241
f 2192/2821/1242 1845/2822/1242 2170/2818/1242
f 1810/2819/1241 2045/2823/1241 1811/2824/1241
f 1845/2822/1242 2190/2825/1242 2169/2826/1242
f 1812/2827/1241 2045/2823/1241 2047/2828/1241
f 2190/2825/1242 1842/2829/1242 2169/2826/1242
f 1812/2827/1241 2048/2830/1241 1814/2831/1241
f 1842/2829/1242 2189/2832/1242 1840/2833/1242
f 1814/2831/1241 2049/2834/1241 1815/2835/1241
f 2189/2832/1242 2168/2836/1242 1840/2833/1242
f 1815/2835/1241 2050/2837/1241 1817/2838/1241
f 2074/2839/1242 2167/2840/1242 2168/2836/1242
f 1817/2838/1241 2052/2841/1241 1819/2842/1241
f 2167/2840/1242 2188/2843/1242 2166/2844/1242
f 1819/2842/1241 2053/2845/1241 1820/2846/1241
f 2188/2843/1242 2165/2847/1242 2166/2844/1242
f 1821/2848/1241 2053/2845/1241 2054/2849/1241
f 2187/2850/1242 2164/2851/1242 2165/2847/1242
f 1821/2848/1241 2056/2852/1241 1823/2853/1241
f 2164/2851/1242 2185/2854/1242 2163/2855/1242
f 1824/2856/1241 2056/2852/1241 2057/2857/1241
f 2185/2854/1242 2162/2858/1242 2163/2855/1242
f 1824/2856/1241 2058/2859/1241 1826/2860/1241
f 2162/2858/1242 2065/2861/1242 2161/2862/1242
f 1826/2860/1241 2059/2863/1241 1827/2864/1241
f 2065/2861/1242 1830/2865/1242 2161/2862/1242
f 1827/2864/1241 2061/2866/1241 1828/2867/1241
f 2063/2868/1242 2160/2869/1242 1830/2865/1242
f 1828/2870/1241 2062/2871/1241 1829/2872/1241
f 2160/2873/1242 2060/2874/1242 2159/2875/1242
f 1829/2872/1241 2064/2876/1241 1831/2877/1241
f 2060/2874/1242 2158/2878/1242 2159/2875/1242
f 1832/2879/1241 2064/2876/1241 2066/2880/1241
f 2182/2881/1242 1825/2882/1242 2158/2878/1242
f 1832/2879/1241 2067/2883/1241 1833/2884/1241
f 1825/2882/1242 2180/2885/1242 2157/2886/1242
f 1834/2887/1241 2067/2883/1241 2068/2888/1241
f 2180/2885/1242 1822/2889/1242 2157/2886/1242
f 1834/2887/1241 2069/2890/1241 1835/2891/1241
f 1822/2889/1242 2179/2892/1242 2156/2893/1242
f 1835/2891/1241 2070/2894/1241 1836/2895/1241
f 2179/2892/1242 2155/2896/1242 2156/2893/1242
f 1836/2895/1241 2071/2897/1241 1837/2898/1241
f 2178/2899/1242 1818/2900/1242 2155/2896/1242
f 1837/2898/1241 2073/2901/1241 1838/2902/1241
f 1818/2900/1242 2177/2903/1242 1816/2904/1242
f 1838/2902/1241 2075/2905/1241 1839/2906/1241
f 2177/2903/1242 2154/2907/1242 1816/2904/1242
f 1841/2908/1241 2075/2905/1241 2076/2909/1241
f 2176/2910/1242 1813/2911/1242 2154/2907/1242
f 1841/2908/1241 2078/2912/1241 1843/2913/1241
f 1813/2911/1242 2046/2914/1242 2153/2915/1242
f 1844/2916/1241 2078/2912/1241 2079/2917/1241
f 2046/2914/1242 2152/2918/1242 2153/2915/1242
f 1844/2916/1241 2080/2919/1241 1846/2920/1241
f 2152/2918/1242 2043/2921/1242 2151/2922/1242
f 1846/2920/1241 2081/2923/1241 1847/2924/1241
f 2043/2921/1242 2150/2925/1242 2151/2922/1242
f 1847/2924/1241 2040/2926/1241 1807/2810/1241
f 2173/2927/1242 2149/2813/1242 2150/2925/1242
f 1812/2928/1243 2121/2929/1244 1811/2930/1244
f 2170/2931/1050 2116/2932/1049 2171/2933/1049
f 2161/2934/1045 2102/2935/1046 2103/2936/1045
f 2153/2937/1244 2090/2938/1243 1813/2939/1243
f 1807/2940/1245 2148/2941/1049 1847/2611/1049
f 1832/2942/1246 2135/2943/1045 1831/2606/1045
f 1814/2944/1247 2122/2945/1243 1812/2928/1243
f 2171/2933/1049 2086/2946/1245 2149/2947/1245
f 2161/2934/1045 2104/2948/1246 2162/2949/1246
f 2154/2950/1247 2090/2938/1243 2091/2951/1247
f 1833/2952/1248 2136/2953/1246 1832/2942/1246
f 1815/2954/1249 2123/2955/1247 1814/2944/1247
f 2162/2949/1246 2105/2956/1248 2163/2957/1248
f 2154/2950/1247 2092/2958/1249 1816/2959/1249
f 1834/2960/1250 2137/2961/1248 1833/2952/1248
f 1817/2962/1251 2124/2963/1249 1815/2954/1249
f 2163/2957/1248 2106/2964/1250 2164/2965/1250
f 1816/2959/1249 2093/2966/1251 1818/2967/1251
f 1835/2968/1252 2138/2969/1250 1834/2960/1250
f 1819/2970/1253 2125/2971/1251 1817/2962/1251
f 2164/2965/1250 2107/2972/1252 2165/2973/1252
f 2155/2974/1253 2093/2966/1251 2094/2975/1253
f 1836/2976/1254 2139/2977/1252 1835/2968/1252
f 1820/2978/1255 2126/2979/1253 1819/2970/1253
f 2165/2973/1252 2108/2980/1254 2166/2981/1254
f 2155/2974/1253 2095/2982/1255 2156/2983/1255
f 1837/2984/1256 2140/2985/1254 1836/2976/1254
f 1821/2986/1257 2127/2987/1255 1820/2978/1255
f 2166/2981/1254 2109/2988/1256 2167/2989/1256
f 2156/2983/1255 2096/2990/1257 1822/2991/1257
f 1838/2992/1258 2141/2993/1256 1837/2984/1256
f 1823/2994/1259 2128/2995/1257 1821/2986/1257
f 2167/2989/1256 2110/2996/1258 2168/2997/1258
f 2157/2998/1259 2096/2990/1257 2097/2999/1259
f 1839/3000/1260 2142/3001/1258 1838/2992/1258
f 1824/3002/1261 2129/3003/1259 1823/2994/1259
f 2168/2997/1258 2111/3004/1260 1840/3005/1260
f 2157/2998/1259 2098/3006/1261 1825/3007/1261
f 1841/3008/1262 2143/3009/1260 1839/3000/1260
f 1826/3010/1263 2130/3011/1261 1824/3002/1261
f 1808/3012/1264 2117/3013/1245 1807/2940/1245
f 1840/3005/1260 2112/3014/1262 1842/3015/1262
f 2158/3016/1263 2098/3006/1261 2099/3017/1263
f 2149/2947/1245 2085/3018/1264 2150/3019/1264
f 1843/3020/1265 2144/3021/1262 1841/3008/1262
f 1827/3022/1266 2131/3023/1263 1826/3010/1263
f 1809/3024/1267 2118/3025/1264 1808/3012/1264
f 2169/3026/1265 2112/3014/1262 2113/3027/1265
f 2158/3016/1263 2100/3028/1266 2159/3029/1266
f 2150/3019/1264 2087/3030/1267 2151/3031/1267
f 1844/3032/1268 2145/3033/1265 1843/3020/1265
f 1828/3034/1269 2132/3035/1266 1827/3022/1266
f 1810/3036/1270 2119/3037/1267 1809/3024/1267
f 2169/3026/1265 2114/3038/1268 1845/3039/1268
f 2160/3040/1269 2100/3028/1266 2101/3041/1269
f 2151/3031/1267 2088/3042/1270 2152/3043/1270
f 1846/2613/1050 2146/3044/1268 1844/3032/1268
f 1829/2608/1046 2133/3045/1269 1828/3046/1269
f 1811/2930/1244 2120/3047/1270 1810/3036/1270
f 2170/2931/1050 2114/3038/1268 2115/3048/1050
f 2160/3049/1269 2102/2935/1046 1830/3050/1046
f 2152/3043/1270 2089/3051/1244 2153/2937/1244
f 2084/3052/1242 2085/3053/1242 2086/3054/1242
f 2084/3052/1242 2087/3055/1242 2085/3053/1242
f 2084/3052/1242 2088/3056/1242 2087/3055/1242
f 2084/3052/1242 2089/3057/1242 2088/3056/1242
f 2084/3052/1242 2090/3058/1242 2089/3057/1242
f 2084/3052/1242 2091/3059/1242 2090/3058/1242
f 2084/3052/1242 2092/3060/1242 2091/3059/1242
f 2084/3052/1242 2093/3061/1242 2092/3060/1242
f 2084/3052/1242 2094/3062/1242 2093/3061/1242
f 2084/3052/1242 2095/3063/1242 2094/3062/1242
f 2084/3052/1242 2096/3064/1242 2095/3063/1242
f 2084/3052/1242 2097/3065/1242 2096/3064/1242
f 2084/3052/1242 2098/3066/1242 2097/3065/1242
f 2084/3052/1242 2099/3067/1242 2098/3066/1242
f 2084/3052/1242 2100/3068/1242 2099/3067/1242
f 2084/3052/1242 2101/3069/1242 2100/3068/1242
f 2084/3052/1242 2102/3070/1242 2101/3069/1242
f 2084/3052/1242 2103/3071/1242 2102/3070/1242
f 2084/3052/1242 2104/3072/1242 2103/3071/1242
f 2084/3052/1242 2105/3073/1242 2104/3072/1242
f 2084/3052/1242 2106/3074/1242 2105/3073/1242
f 2084/3052/1242 2107/3075/1242 2106/3074/1242
f 2084/3052/1242 2108/3076/1242 2107/3075/1242
f 2084/3052/1242 2109/3077/1242 2108/3076/1242
f 2084/3052/1242 2110/3078/1242 2109/3077/1242
f 2084/3052/1242 2111/3079/1242 2110/3078/1242
f 2084/3052/1242 2112/3080/1242 2111/3079/1242
f 2084/3052/1242 2113/3081/1242 2112/3080/1242
f 2084/3052/1242 2114/3082/1242 2113/3081/1242
f 2084/3052/1242 2115/3083/1242 2114/3082/1242
f 2084/3052/1242 2116/3084/1242 2115/3083/1242
f 2084/3052/1242 2086/3054/1242 2116/3084/1242
f 2083/3085/1241 2117/3086/1241 2118/3087/1241
f 2083/3085/1241 2118/3087/1241 2119/3088/1241
f 2083/3085/1241 2119/3088/1241 2120/3089/1241
f 2083/3085/1241 2120/3089/1241 2121/3090/1241
f 2083/3085/1241 2121/3090/1241 2122/3091/1241
f 2083/3085/1241 2122/3091/1241 2123/3092/1241
f 2083/3085/1241 2123/3092/1241 2124/3093/1241
f 2083/3085/1241 2124/3093/1241 2125/3094/1241
f 2083/3085/1241 2125/3094/1241 2126/3095/1241
f 2083/3085/1241 2126/3095/1241 2127/3096/1241
f 2083/3085/1241 2127/3096/1241 2128/3097/1241
f 2083/3085/1241 2128/3097/1241 2129/3098/1241
f 2083/3085/1241 2129/3098/1241 2130/3099/1241
f 2083/3085/1241 2130/3099/1241 2131/3100/1241
f 2083/3085/1241 2131/3100/1241 2132/3101/1241
f 2083/3085/1241 2132/3101/1241 2133/3102/1241
f 2083/3085/1241 2133/3102/1241 2134/3103/1241
f 2083/3085/1241 2134/3103/1241 2135/3104/1241
f 2083/3085/1241 2135/3104/1241 2136/3105/1241
f 2083/3085/1241 2136/3105/1241 2137/3106/1241
f 2083/3085/1241 2137/3106/1241 2138/3107/1241
f 2083/3085/1241 2138/3107/1241 2139/3108/1241
f 2083/3085/1241 2139/3108/1241 2140/3109/1241
f 2083/3085/1241 2140/3109/1241 2141/3110/1241
f 2083/3085/1241 2141/3110/1241 2142/3111/1241
f 2083/3085/1241 2142/3111/1241 2143/3112/1241
f 2083/3085/1241 2143/3112/1241 2144/3113/1241
f 2083/3085/1241 2144/3113/1241 2145/3114/1241
f 2083/3085/1241 2145/3114/1241 2146/3115/1241
f 2083/3085/1241 2146/3115/1241 2147/3116/1241
f 2083/3085/1241 2147/3116/1241 2148/3117/1241
f 2083/3085/1241 2148/3117/1241 2117/3086/1241
f 2034/2551/991 1849/2609/1047 2040/2552/992
f 1860/2554/994 1866/2557/997 2044/2555/995
f 1866/2557/997 1872/2797/1228 2045/2558/998
f 2045/2558/998 1872/2797/1228 1878/2559/999
f 1878/2559/999 1884/2562/1002 2048/2561/1001
f 1884/2562/1002 1890/2564/1004 2049/2563/1003
f 1890/2564/1004 1896/2566/1006 2050/2565/1005
f 1896/2566/1006 1902/2776/1207 2052/2567/1007
f 2052/2567/1007 1902/2776/1207 1908/2568/1008
f 1908/2568/1008 1914/2571/1011 2054/2570/1010
f 1914/2571/1011 1920/2573/1013 2056/2572/1012
f 1920/2573/1013 1926/2759/1190 2057/2574/1014
f 2057/2574/1014 1926/2759/1190 1932/2575/1015
f 1932/2575/1015 1938/2578/1018 2059/2577/1017
f 1938/2578/1018 1944/3118/1020 2061/2579/1019
f 1944/2580/1020 1950/2738/1173 2062/2581/1021
f 2062/2581/1021 1950/2738/1173 1956/2583/1022
f 1956/2583/1022 1962/2586/1025 2066/2585/1024
f 1962/2586/1025 1968/2588/1027 2067/2587/1026
f 1968/2588/1027 1974/2721/1156 2068/2589/1028
f 2068/2589/1028 1974/2721/1156 1980/2590/1029
f 1980/2590/1029 1986/2593/1032 2070/2592/1031
f 1986/2593/1032 1992/2595/1034 2071/2594/1033
f 1992/2595/1034 1998/2704/1139 2073/2596/1035
f 2073/2596/1035 1998/2704/1139 2004/2597/1036
f 2004/2597/1036 2010/2600/1039 2076/2599/1038
f 2010/2600/1039 2016/2602/1041 2078/2601/1040
f 2016/2602/1041 2022/2687/1122 2079/2603/1042
f 2079/2603/1042 2022/2687/1122 2028/2604/1043
f 2028/2604/1043 2034/2551/991 2081/2553/993
f 1831/2606/1045 2135/2943/1045 2134/2607/1046
f 1849/2609/1047 1854/2614/1051 2041/2610/1048
f 1847/2611/1049 2148/2941/1049 2147/2612/1050
f 1854/2614/1051 1860/2554/994 2042/2556/996
f 2192/2615/1052 2082/3119/1271 2035/2616/1053
f 2191/2618/1055 2192/2615/1052 2029/2617/1054
f 2190/2620/1057 2191/2618/1055 2023/2619/1056
f 2011/2622/1059 2077/3120/1272 2190/2620/1057
f 2189/2623/1060 2077/3120/1272 2011/2622/1059
f 2074/2625/1062 2189/2623/1060 2005/2624/1061
f 2072/2627/1064 2074/2625/1062 1999/2626/1063
f 2188/2629/1066 2072/2627/1064 1993/2628/1065
f 1981/2631/1068 2187/3121/1273 2188/2629/1066
f 2186/2632/1069 2187/3121/1273 1981/2631/1068
f 2185/2634/1071 2186/2632/1069 1975/2633/1070
f 2184/2636/1073 2185/2634/1071 1969/2635/1072
f 1957/2638/1075 2065/3122/1274 2184/2636/1073
f 2063/2639/1076 2065/3122/1274 1957/2638/1075
f 2183/2641/1078 2063/2639/1076 1951/2640/1077
f 1939/2643/1080 2060/3123/1275 2183/2644/1078
f 2182/2646/1081 2060/3123/1275 1939/2643/1080
f 2181/2648/1083 2182/2646/1081 1933/2647/1082
f 2180/2650/1085 2181/2648/1083 1927/2649/1084
f 1915/2652/1087 2055/3124/1276 2180/2650/1085
f 2179/2653/1088 2055/3124/1276 1915/2652/1087
f 2178/2655/1090 2179/2653/1088 1909/2654/1089
f 1897/2657/1092 2051/3125/1277 2178/2655/1090
f 2177/2658/1093 2051/3125/1277 1897/2657/1092
f 1885/2660/1095 2176/3126/1278 2177/2658/1093
f 2175/2661/1096 2176/3126/1278 1885/2660/1095
f 1873/2663/1098 2046/3127/1279 2175/2661/1096
f 2174/2664/1099 2046/3127/1279 1873/2663/1098
f 1861/2666/1101 2043/3128/1280 2174/2664/1099
f 2173/2667/1102 2043/3128/1280 1861/2666/1101
f 2172/2669/1104 2173/2667/1102 1855/2668/1103
f 2035/2616/1053 1848/2670/1105 1850/2671/1106
f 1850/2671/1106 1851/2674/1109 2038/2673/1108
f 1851/2674/1109 1852/2676/1111 2037/2675/1110
f 1852/2676/1111 1853/2678/1113 2036/2677/1112
f 1853/2678/1113 1849/2609/1047 2034/2551/991
f 2035/2616/1053 2039/2672/1107 2033/2679/1114
f 2039/2672/1107 2038/2673/1108 2032/2680/1115
f 2038/2673/1108 2037/2675/1110 2031/2681/1116
f 2037/2675/1110 2036/2677/1112 2030/2682/1117
f 2036/2677/1112 2034/2551/991 2028/2604/1043
f 2023/2619/1056 2029/2617/1054 2033/2679/1114
f 2033/2679/1114 2032/2680/1115 2026/2684/1119
f 2032/2680/1115 2031/2681/1116 2025/2685/1120
f 2025/2685/1120 2031/2681/1116 2030/2682/1117
f 2030/2682/1117 2028/2604/1043 2022/2687/1122
f 2023/2619/1056 2027/2683/1118 2021/2688/1123
f 2027/2683/1118 2026/2684/1119 2020/2689/1124
f 2026/2684/1119 2025/2685/1120 2019/2690/1125
f 2025/2685/1120 2024/2686/1121 2018/2691/1126
f 2024/2686/1121 2022/2687/1122 2016/2602/1041
f 2017/2621/1058 2021/2688/1123 2015/2692/1127
f 2021/2688/1123 2020/2689/1124 2014/2693/1128
f 2020/2689/1124 2019/2690/1125 2013/2694/1129
f 2019/2690/1125 2018/2691/1126 2012/2695/1130
f 2012/2695/1130 2018/2691/1126 2016/2602/1041
f 2011/2622/1059 2015/2692/1127 2009/2696/1131
f 2009/2696/1131 2015/2692/1127 2014/2693/1128
f 2014/2693/1128 2013/2694/1129 2007/2698/1133
f 2013/2694/1129 2012/2695/1130 2006/2699/1134
f 2006/2699/1134 2012/2695/1130 2010/2600/1039
f 2005/2624/1061 2009/2696/1131 2003/2700/1135
f 2009/2696/1131 2008/2697/1132 2002/2701/1136
f 2008/2697/1132 2007/2698/1133 2001/2702/1137
f 2007/2698/1133 2006/2699/1134 2000/2703/1138
f 2006/2699/1134 2004/2597/1036 1998/2704/1139
f 1999/2626/1063 2003/2700/1135 1997/2705/1140
f 2003/2700/1135 2002/2701/1136 1996/2706/1141
f 2002/2701/1136 2001/2702/1137 1995/2707/1142
f 2001/2702/1137 2000/2703/1138 1994/2708/1143
f 1994/2708/1143 2000/2703/1138 1998/2704/1139
f 1987/2630/1067 1993/2628/1065 1997/2705/1140
f 1997/2705/1140 1996/2706/1141 1990/2710/1145
f 1996/2706/1141 1995/2707/1142 1989/2711/1146
f 1995/2707/1142 1994/2708/1143 1988/2712/1147
f 1994/2708/1143 1992/2595/1034 1986/2593/1032
f 1987/2630/1067 1991/2709/1144 1985/2713/1148
f 1991/2709/1144 1990/2710/1145 1984/2714/1149
f 1990/2710/1145 1989/2711/1146 1983/2715/1150
f 1989/2711/1146 1988/2712/1147 1982/2716/1151
f 1988/2712/1147 1986/2593/1032 1980/2590/1029
f 1975/2633/1070 1981/2631/1068 1985/2713/1148
f 1985/2713/1148 1984/2714/1149 1978/2718/1153
f 1984/2714/1149 1983/2715/1150 1977/2719/1154
f 1977/2719/1154 1983/2715/1150 1982/2716/1151
f 1982/2716/1151 1980/2590/1029 1974/2721/1156
f 1975/2633/1070 1979/2717/1152 1973/2722/1157
f 1979/2717/1152 1978/2718/1153 1972/2723/1158
f 1978/2718/1153 1977/2719/1154 1971/2724/1159
f 1977/2719/1154 1976/2720/1155 1970/2725/1160
f 1976/2720/1155 1974/2721/1156 1968/2588/1027
f 1969/2635/1072 1973/2722/1157 1967/2726/1161
f 1973/2722/1157 1972/2723/1158 1966/2727/1162
f 1972/2723/1158 1971/2724/1159 1965/2728/1163
f 1971/2724/1159 1970/2725/1160 1964/2729/1164
f 1964/2729/1164 1970/2725/1160 1968/2588/1027
f 1963/2637/1074 1967/2726/1161 1961/2730/1165
f 1961/2730/1165 1967/2726/1161 1966/2727/1162
f 1966/2727/1162 1965/2728/1163 1959/2732/1167
f 1965/2728/1163 1964/2729/1164 1958/2733/1168
f 1958/2733/1168 1964/2729/1164 1962/2586/1025
f 1957/2638/1075 1961/2730/1165 1955/2734/1169
f 1961/2730/1165 1960/2731/1166 1954/2735/1170
f 1960/2731/1166 1959/2732/1167 1953/2736/1171
f 1959/2732/1167 1958/2733/1168 1952/2737/1172
f 1958/2733/1168 1956/2583/1022 1950/2738/1173
f 1951/2640/1077 1955/2734/1169 1949/2739/1174
f 1955/2734/1169 1954/2735/1170 1948/2740/1175
f 1954/2735/1170 1953/2736/1171 1947/2741/1176
f 1953/2736/1171 1952/2737/1172 1946/2742/1177
f 1946/2742/1177 1952/2737/1172 1950/2738/1173
f 1939/2643/1080 1945/2645/1079 1949/2743/1174
f 1949/2743/1174 1948/2746/1175 1942/2745/1179
f 1948/2746/1175 1947/2748/1176 1941/2747/1180
f 1947/2748/1176 1946/2750/1177 1940/2749/1181
f 1946/2750/1177 1944/3118/1020 1938/2578/1018
f 1939/2643/1080 1943/2744/1178 1937/2751/1182
f 1943/2744/1178 1942/2745/1179 1936/2752/1183
f 1942/2745/1179 1941/2747/1180 1935/2753/1184
f 1935/2753/1184 1941/2747/1180 1940/2749/1181
f 1934/2754/1185 1940/2749/1181 1938/2578/1018
f 1933/2647/1082 1937/2751/1182 1931/2755/1186
f 1937/2751/1182 1936/2752/1183 1930/2756/1187
f 1936/2752/1183 1935/2753/1184 1929/2757/1188
f 1935/2753/1184 1934/2754/1185 1928/2758/1189
f 1934/2754/1185 1932/2575/1015 1926/2759/1190
f 1927/2649/1084 1931/2755/1186 1925/2760/1191
f 1931/2755/1186 1930/2756/1187 1924/2761/1192
f 1930/2756/1187 1929/2757/1188 1923/2762/1193
f 1929/2757/1188 1928/2758/1189 1922/2763/1194
f 1922/2763/1194 1928/2758/1189 1926/2759/1190
f 1915/2652/1087 1921/2651/1086 1925/2760/1191
f 1925/2760/1191 1924/2761/1192 1918/2765/1196
f 1924/2761/1192 1923/2762/1193 1917/2766/1197
f 1923/2762/1193 1922/2763/1194 1916/2767/1198
f 1922/2763/1194 1920/2573/1013 1914/2571/1011
f 1915/2652/1087 1919/2764/1195 1913/2768/1199
f 1919/2764/1195 1918/2765/1196 1912/2769/1200
f 1918/2765/1196 1917/2766/1197 1911/2770/1201
f 1911/2770/1201 1917/2766/1197 1916/2767/1198
f 1916/2767/1198 1914/2571/1011 1908/2568/1008
f 1909/2654/1089 1913/2768/1199 1907/2772/1203
f 1913/2768/1199 1912/2769/1200 1906/2773/1204
f 1912/2769/1200 1911/2770/1201 1905/2774/1205
f 1911/2770/1201 1910/2771/1202 1904/2775/1206
f 1910/2771/1202 1908/2568/1008 1902/2776/1207
f 1903/2656/1091 1907/2772/1203 1901/2777/1208
f 1907/2772/1203 1906/2773/1204 1900/2778/1209
f 1906/2773/1204 1905/2774/1205 1899/2779/1210
f 1905/2774/1205 1904/2775/1206 1898/2780/1211
f 1898/2780/1211 1904/2775/1206 1902/2776/1207
f 1891/2659/1094 1897/2657/1092 1901/2777/1208
f 1901/2777/1208 1900/2778/1209 1894/2782/1213
f 1900/2778/1209 1899/2779/1210 1893/2783/1214
f 1899/2779/1210 1898/2780/1211 1892/2784/1215
f 1898/2780/1211 1896/2566/1006 1890/2564/1004
f 1891/2659/1094 1895/2781/1212 1889/2785/1216
f 1895/2781/1212 1894/2782/1213 1888/2786/1217
f 1894/2782/1213 1893/2783/1214 1887/2787/1218
f 1893/2783/1214 1892/2784/1215 1886/2788/1219
f 1892/2784/1215 1890/2564/1004 1884/2562/1002
f 1885/2660/1095 1889/2785/1216 1883/2789/1220
f 1883/2789/1220 1889/2785/1216 1888/2786/1217
f 1888/2786/1217 1887/2787/1218 1881/2791/1222
f 1887/2787/1218 1886/2788/1219 1880/2792/1223
f 1886/2788/1219 1884/2562/1002 1878/2559/999
f 1879/2662/1097 1883/2789/1220 1877/2793/1224
f 1877/2793/1224 1883/2789/1220 1882/2790/1221
f 1882/2790/1221 1881/2791/1222 1875/2795/1226
f 1881/2791/1222 1880/2792/1223 1874/2796/1227
f 1880/2792/1223 1878/2559/999 1872/2797/1228
f 1873/2663/1098 1877/2793/1224 1871/2798/1229
f 1871/2798/1229 1877/2793/1224 1876/2794/1225
f 1876/2794/1225 1875/2795/1226 1869/2800/1231
f 1875/2795/1226 1874/2796/1227 1868/2801/1232
f 1874/2796/1227 1872/2797/1228 1866/2557/997
f 1867/2665/1100 1871/2798/1229 1865/2802/1233
f 1871/2798/1229 1870/2799/1230 1864/2803/1234
f 1870/2799/1230 1869/2800/1231 1863/2804/1235
f 1863/2804/1235 1869/2800/1231 1868/2801/1232
f 1862/2805/1236 1868/2801/1232 1866/2557/997
f 1855/2668/1103 1861/2666/1101 1865/2802/1233
f 1865/2802/1233 1864/2803/1234 1858/2807/1238
f 1864/2803/1234 1863/2804/1235 1857/2808/1239
f 1863/2804/1235 1862/2805/1236 1856/2809/1240
f 1862/2805/1236 1860/2554/994 1854/2614/1051
f 1855/2668/1103 1859/2806/1237 1850/2671/1106
f 1859/2806/1237 1858/2807/1238 1851/2674/1109
f 1858/2807/1238 1857/2808/1239 1852/2676/1111
f 1857/2808/1239 1856/2809/1240 1853/2678/1113
f 1853/2678/1113 1856/2809/1240 1854/2614/1051
f 2035/2616/1053 2082/3119/1271 2172/2669/1104
f 1807/2810/1241 2040/2926/1241 2041/2811/1241
f 2149/2813/1242 2172/3129/1242 2082/2814/1242
f 1808/2812/1241 2041/2811/1241 2042/2816/1241
f 2082/2814/1242 2192/2821/1242 2170/2818/1242
f 1810/2819/1241 1809/2817/1241 2042/2816/1241
f 2192/2821/1242 2191/3130/1242 1845/2822/1242
f 1810/2819/1241 2044/2820/1241 2045/2823/1241
f 1845/2822/1242 2191/3130/1242 2190/2825/1242
f 1812/2827/1241 1811/2824/1241 2045/2823/1241
f 2190/2825/1242 2077/3131/1242 1842/2829/1242
f 1812/2827/1241 2047/2828/1241 2048/2830/1241
f 1842/2829/1242 2077/3131/1242 2189/2832/1242
f 1814/2831/1241 2048/2830/1241 2049/2834/1241
f 2189/2832/1242 2074/2839/1242 2168/2836/1242
f 1815/2835/1241 2049/2834/1241 2050/2837/1241
f 2074/2839/1242 2072/3132/1242 2167/2840/1242
f 1817/2838/1241 2050/2837/1241 2052/2841/1241
f 2167/2840/1242 2072/3132/1242 2188/2843/1242
f 1819/2842/1241 2052/2841/1241 2053/2845/1241
f 2188/2843/1242 2187/2850/1242 2165/2847/1242
f 1821/2848/1241 1820/2846/1241 2053/2845/1241
f 2187/2850/1242 2186/3133/1242 2164/2851/1242
f 1821/2848/1241 2054/2849/1241 2056/2852/1241
f 2164/2851/1242 2186/3133/1242 2185/2854/1242
f 1824/2856/1241 1823/2853/1241 2056/2852/1241
f 2185/2854/1242 2184/3134/1242 2162/2858/1242
f 1824/2856/1241 2057/2857/1241 2058/2859/1241
f 2162/2858/1242 2184/3134/1242 2065/2861/1242
f 1826/2860/1241 2058/2859/1241 2059/2863/1241
f 2065/2861/1242 2063/2868/1242 1830/2865/1242
f 1827/2864/1241 2059/2863/1241 2061/2866/1241
f 2063/2868/1242 2183/3135/1242 2160/2869/1242
f 1828/2870/1241 2061/3136/1241 2062/2871/1241
f 2160/2873/1242 2183/3137/1242 2060/2874/1242
f 1829/2872/1241 2062/2871/1241 2064/2876/1241
f 2060/2874/1242 2182/2881/1242 2158/2878/1242
f 1832/2879/1241 1831/2877/1241 2064/2876/1241
f 2182/2881/1242 2181/3138/1242 1825/2882/1242
f 1832/2879/1241 2066/2880/1241 2067/2883/1241
f 1825/2882/1242 2181/3138/1242 2180/2885/1242
f 1834/2887/1241 1833/2884/1241 2067/2883/1241
f 2180/2885/1242 2055/3139/1242 1822/2889/1242
f 1834/2887/1241 2068/2888/1241 2069/2890/1241
f 1822/2889/1242 2055/3139/1242 2179/2892/1242
f 1835/2891/1241 2069/2890/1241 2070/2894/1241
f 2179/2892/1242 2178/2899/1242 2155/2896/1242
f 1836/2895/1241 2070/2894/1241 2071/2897/1241
f 2178/2899/1242 2051/3140/1242 1818/2900/1242
f 1837/2898/1241 2071/2897/1241 2073/2901/1241
f 1818/2900/1242 2051/3140/1242 2177/2903/1242
f 1838/2902/1241 2073/2901/1241 2075/2905/1241
f 2177/2903/1242 2176/2910/1242 2154/2907/1242
f 1841/2908/1241 1839/2906/1241 2075/2905/1241
f 2176/2910/1242 2175/3141/1242 1813/2911/1242
f 1841/2908/1241 2076/2909/1241 2078/2912/1241
f 1813/2911/1242 2175/3141/1242 2046/2914/1242
f 1844/2916/1241 1843/2913/1241 2078/2912/1241
f 2046/2914/1242 2174/3142/1242 2152/2918/1242
f 1844/2916/1241 2079/2917/1241 2080/2919/1241
f 2152/2918/1242 2174/3142/1242 2043/2921/1242
f 1846/2920/1241 2080/2919/1241 2081/2923/1241
f 2043/2921/1242 2173/2927/1242 2150/2925/1242
f 1847/2924/1241 2081/2923/1241 2040/2926/1241
f 2173/2927/1242 2172/3129/1242 2149/2813/1242
f 1812/2928/1243 2122/2945/1243 2121/2929/1244
f 2170/2931/1050 2115/3048/1050 2116/2932/1049
f 2161/2934/1045 1830/3050/1046 2102/2935/1046
f 2153/2937/1244 2089/3051/1244 2090/2938/1243
f 1807/2940/1245 2117/3013/1245 2148/2941/1049
f 1832/2942/1246 2136/2953/1246 2135/2943/1045
f 1814/2944/1247 2123/2955/1247 2122/2945/1243
f 2171/2933/1049 2116/2932/1049 2086/2946/1245
f 2161/2934/1045 2103/2936/1045 2104/2948/1246
f 2154/2950/1247 1813/2939/1243 2090/2938/1243
f 1833/2952/1248 2137/2961/1248 2136/2953/1246
f 1815/2954/1249 2124/2963/1249 2123/2955/1247
f 2162/2949/1246 2104/2948/1246 2105/2956/1248
f 2154/2950/1247 2091/2951/1247 2092/2958/1249
f 1834/2960/1250 2138/2969/1250 2137/2961/1248
f 1817/2962/1251 2125/2971/1251 2124/2963/1249
f 2163/2957/1248 2105/2956/1248 2106/2964/1250
f 1816/2959/1249 2092/2958/1249 2093/2966/1251
f 1835/2968/1252 2139/2977/1252 2138/2969/1250
f 1819/2970/1253 2126/2979/1253 2125/2971/1251
f 2164/2965/1250 2106/2964/1250 2107/2972/1252
f 2155/2974/1253 1818/2967/1251 2093/2966/1251
f 1836/2976/1254 2140/2985/1254 2139/2977/1252
f 1820/2978/1255 2127/2987/1255 2126/2979/1253
f 2165/2973/1252 2107/2972/1252 2108/2980/1254
f 2155/2974/1253 2094/2975/1253 2095/2982/1255
f 1837/2984/1256 2141/2993/1256 2140/2985/1254
f 1821/2986/1257 2128/2995/1257 2127/2987/1255
f 2166/2981/1254 2108/2980/1254 2109/2988/1256
f 2156/2983/1255 2095/2982/1255 2096/2990/1257
f 1838/2992/1258 2142/3001/1258 2141/2993/1256
f 1823/2994/1259 2129/3003/1259 2128/2995/1257
f 2167/2989/1256 2109/2988/1256 2110/2996/1258
f 2157/2998/1259 1822/2991/1257 2096/2990/1257
f 1839/3000/1260 2143/3009/1260 2142/3001/1258
f 1824/3002/1261 2130/3011/1261 2129/3003/1259
f 2168/2997/1258 2110/2996/1258 2111/3004/1260
f 2157/2998/1259 2097/2999/1259 2098/3006/1261
f 1841/3008/1262 2144/3021/1262 2143/3009/1260
f 1826/3010/1263 2131/3023/1263 2130/3011/1261
f 1808/3012/1264 2118/3025/1264 2117/3013/1245
f 1840/3005/1260 2111/3004/1260 2112/3014/1262
f 2158/3016/1263 1825/3007/1261 2098/3006/1261
f 2149/2947/1245 2086/2946/1245 2085/3018/1264
f 1843/3020/1265 2145/3033/1265 2144/3021/1262
f 1827/3022/1266 2132/3035/1266 2131/3023/1263
f 1809/3024/1267 2119/3037/1267 2118/3025/1264
f 2169/3026/1265 1842/3015/1262 2112/3014/1262
f 2158/3016/1263 2099/3017/1263 2100/3028/1266
f 2150/3019/1264 2085/3018/1264 2087/3030/1267
f 1844/3032/1268 2146/3044/1268 2145/3033/1265
f 1828/3034/1269 2133/3143/1269 2132/3035/1266
f 1810/3036/1270 2120/3047/1270 2119/3037/1267
f 2169/3026/1265 2113/3027/1265 2114/3038/1268
f 2160/3040/1269 2159/3029/1266 2100/3028/1266
f 2151/3031/1267 2087/3030/1267 2088/3042/1270
f 1846/2613/1050 2147/2612/1050 2146/3044/1268
f 1829/2608/1046 2134/2607/1046 2133/3045/1269
f 1811/2930/1244 2121/2929/1244 2120/3047/1270
f 2170/2931/1050 1845/3039/1268 2114/3038/1268
f 2160/3049/1269 2101/3144/1269 2102/2935/1046
f 2152/3043/1270 2088/3042/1270 2089/3051/1244
o metal_barrel_low.001
v -0.246973 1.206695 -0.568098
v -0.246973 1.100953 -0.576463
v -0.246973 0.850113 -0.576463
v -0.246973 0.744371 -0.568098
v -0.192509 0.744371 -0.562734
v -0.190877 0.850113 -0.570938
v -0.190877 1.100953 -0.570938
v -0.192509 1.206695 -0.562734
v -0.140137 0.744371 -0.546847
v -0.136936 0.850113 -0.554575
v -0.136936 1.100953 -0.554575
v -0.140137 1.206695 -0.546847
v -0.091871 0.744371 -0.521048
v -0.087224 0.850113 -0.528004
v -0.087224 1.100953 -0.528004
v -0.091871 1.206695 -0.521048
v -0.049566 0.744371 -0.486329
v -0.043651 0.850113 -0.492244
v -0.043651 1.100953 -0.492244
v -0.049566 1.206695 -0.486329
v -0.014847 0.744371 -0.444024
v -0.007891 0.850113 -0.448671
v -0.007891 1.100953 -0.448671
v -0.014847 1.206695 -0.444024
v 0.010952 0.744371 -0.395758
v 0.018680 0.850113 -0.398959
v 0.018680 1.100953 -0.398959
v 0.010952 1.206695 -0.395758
v 0.026839 0.744371 -0.343386
v 0.035043 0.850113 -0.345018
v 0.035043 1.100953 -0.345018
v 0.026839 1.206695 -0.343386
v 0.032203 0.744371 -0.288922
v 0.040568 0.850113 -0.288922
v 0.040568 1.100953 -0.288922
v 0.032203 1.206695 -0.288922
v 0.026839 0.744371 -0.234457
v 0.035043 0.850113 -0.232825
v 0.035043 1.100953 -0.232825
v 0.026839 1.206695 -0.234457
v 0.010952 0.744371 -0.182086
v 0.018680 0.850113 -0.178884
v 0.018680 1.100953 -0.178884
v 0.010952 1.206695 -0.182086
v -0.014847 0.744371 -0.133820
v -0.007891 0.850113 -0.129172
v -0.007891 1.100953 -0.129172
v -0.014847 1.206695 -0.133820
v -0.049566 0.744371 -0.091514
v -0.043651 0.850113 -0.085599
v -0.043651 1.100953 -0.085599
v -0.049566 1.206695 -0.091514
v -0.091871 0.744371 -0.056795
v -0.087224 0.850113 -0.049840
v -0.087224 1.100953 -0.049840
v -0.091871 1.206695 -0.056795
v -0.140137 0.744371 -0.030997
v -0.136936 0.850113 -0.023268
v -0.136936 1.100953 -0.023268
v -0.140137 1.206695 -0.030997
v -0.192509 0.744371 -0.015110
v -0.190877 0.850113 -0.006905
v -0.190877 1.100953 -0.006905
v -0.192509 1.206695 -0.015110
v -0.246973 0.744371 -0.009745
v -0.246973 0.850113 -0.001380
v -0.246973 1.100953 -0.001380
v -0.246973 1.206695 -0.009745
v -0.301438 0.744371 -0.015110
v -0.303070 0.850113 -0.006905
v -0.303070 1.100953 -0.006905
v -0.301438 1.206695 -0.015110
v -0.353809 0.744371 -0.030997
v -0.357011 0.850113 -0.023268
v -0.357011 1.100953 -0.023268
v -0.353809 1.206695 -0.030997
v -0.402075 0.744371 -0.056795
v -0.406723 0.850113 -0.049840
v -0.406723 1.100953 -0.049840
v -0.402075 1.206695 -0.056795
v -0.444381 0.744371 -0.091514
v -0.450296 0.850113 -0.085599
v -0.450296 1.100953 -0.085599
v -0.444381 1.206695 -0.091514
v -0.479100 0.744371 -0.133820
v -0.486055 0.850113 -0.129172
v -0.486055 1.100953 -0.129172
v -0.479100 1.206695 -0.133820
v -0.504898 0.744371 -0.182086
v -0.512627 0.850113 -0.178884
v -0.512627 1.100953 -0.178884
v -0.504898 1.206695 -0.182086
v -0.520785 0.744371 -0.234457
v -0.528990 0.850113 -0.232825
v -0.528990 1.100953 -0.232825
v -0.520785 1.206695 -0.234457
v -0.526149 0.744371 -0.288922
v -0.534515 0.850113 -0.288922
v -0.534515 1.100953 -0.288922
v -0.526149 1.206695 -0.288922
v -0.520785 0.744371 -0.343386
v -0.528990 0.850113 -0.345018
v -0.528990 1.100953 -0.345018
v -0.520785 1.206695 -0.343386
v -0.504898 0.744371 -0.395758
v -0.512627 0.850113 -0.398959
v -0.512627 1.100953 -0.398959
v -0.504898 1.206695 -0.395758
v -0.479100 0.744371 -0.444024
v -0.486055 0.850113 -0.448671
v -0.486055 1.100953 -0.448671
v -0.479100 1.206695 -0.444024
v -0.444381 0.744371 -0.486329
v -0.450296 0.850113 -0.492244
v -0.450296 1.100953 -0.492244
v -0.444381 1.206695 -0.486329
v -0.402075 0.744371 -0.521048
v -0.406723 0.850113 -0.528004
v -0.406723 1.100953 -0.528004
v -0.402075 1.206695 -0.521048
v -0.353809 0.744371 -0.546847
v -0.357011 0.850113 -0.554575
v -0.357011 1.100953 -0.554575
v -0.353809 1.206695 -0.546847
v -0.301438 0.744371 -0.562734
v -0.303070 0.850113 -0.570938
v -0.303070 1.100953 -0.570938
v -0.301438 1.206695 -0.562734
v -0.246973 1.204797 -0.549686
v -0.246973 1.099055 -0.558052
v -0.246973 0.852011 -0.558052
v -0.246973 0.746269 -0.549686
v -0.196101 0.746269 -0.544676
v -0.194469 0.852011 -0.552880
v -0.194469 1.099055 -0.552880
v -0.196101 1.204797 -0.544676
v -0.147183 0.746269 -0.529837
v -0.143982 0.852011 -0.537565
v -0.143982 1.099055 -0.537565
v -0.147183 1.204797 -0.529837
v -0.102100 0.746269 -0.505740
v -0.097453 0.852011 -0.512695
v -0.097453 1.099055 -0.512695
v -0.102100 1.204797 -0.505740
v -0.062585 0.746269 -0.473310
v -0.056670 0.852011 -0.479225
v -0.056670 1.099055 -0.479225
v -0.062585 1.204797 -0.473310
v -0.030155 0.746269 -0.433795
v -0.023200 0.852011 -0.438442
v -0.023200 1.099055 -0.438442
v -0.030155 1.204797 -0.433795
v -0.006058 0.746269 -0.388712
v 0.001670 0.852011 -0.391913
v 0.001670 1.099055 -0.391913
v -0.006058 1.204797 -0.388712
v 0.008781 0.746269 -0.339794
v 0.016986 0.852011 -0.341426
v 0.016986 1.099055 -0.341426
v 0.008781 1.204797 -0.339794
v 0.013791 0.746269 -0.288922
v 0.022157 0.852011 -0.288922
v 0.022157 1.099055 -0.288922
v 0.013791 1.204797 -0.288922
v 0.008781 0.746269 -0.238049
v 0.016986 0.852011 -0.236417
v 0.016986 1.099055 -0.236417
v 0.008781 1.204797 -0.238049
v -0.006058 0.746269 -0.189131
v 0.001670 0.852011 -0.185930
v 0.001670 1.099055 -0.185930
v -0.006058 1.204797 -0.189131
v -0.030155 0.746269 -0.144049
v -0.023200 0.852011 -0.139401
v -0.023200 1.099055 -0.139401
v -0.030155 1.204797 -0.144049
v -0.062585 0.746269 -0.104533
v -0.056670 0.852011 -0.098618
v -0.056670 1.099055 -0.098618
v -0.062585 1.204797 -0.104533
v -0.102100 0.746269 -0.072104
v -0.097453 0.852011 -0.065148
v -0.097453 1.099055 -0.065148
v -0.102100 1.204797 -0.072104
v -0.147183 0.746269 -0.048007
v -0.143982 0.852011 -0.040278
v -0.143982 1.099055 -0.040278
v -0.147183 1.204797 -0.048007
v -0.196101 0.746269 -0.033168
v -0.194469 0.852011 -0.024963
v -0.194469 1.099055 -0.024963
v -0.196101 1.204797 -0.033168
v -0.246973 0.746269 -0.028157
v -0.246973 0.852011 -0.019792
v -0.246973 1.099055 -0.019792
v -0.246973 1.204797 -0.028157
v -0.297846 0.746269 -0.033168
v -0.299478 0.852011 -0.024963
v -0.299478 1.099055 -0.024963
v -0.297846 1.204797 -0.033168
v -0.346764 0.746269 -0.048007
v -0.349965 0.852011 -0.040278
v -0.349965 1.099055 -0.040278
v -0.346764 1.204797 -0.048007
v -0.391846 0.746269 -0.072104
v -0.396494 0.852011 -0.065148
v -0.396494 1.099055 -0.065148
v -0.391846 1.204797 -0.072104
v -0.431362 0.746269 -0.104533
v -0.437277 0.852011 -0.098618
v -0.437277 1.099055 -0.098618
v -0.431362 1.204797 -0.104533
v -0.463791 0.746269 -0.144049
v -0.470747 0.852011 -0.139401
v -0.470747 1.099055 -0.139401
v -0.463791 1.204797 -0.144049
v -0.487888 0.746269 -0.189131
v -0.495617 0.852011 -0.185930
v -0.495617 1.099055 -0.185930
v -0.487888 1.204797 -0.189131
v -0.502727 0.746269 -0.238049
v -0.510932 0.852011 -0.236417
v -0.510932 1.099055 -0.236417
v -0.502727 1.204797 -0.238049
v -0.507738 0.746269 -0.288922
v -0.516103 0.852011 -0.288922
v -0.516103 1.099055 -0.288922
v -0.507738 1.204797 -0.288922
v -0.502727 0.746269 -0.339794
v -0.510932 0.852011 -0.341426
v -0.510932 1.099055 -0.341426
v -0.502727 1.204797 -0.339794
v -0.487888 0.746269 -0.388712
v -0.495617 0.852011 -0.391913
v -0.495617 1.099055 -0.391913
v -0.487888 1.204797 -0.388712
v -0.463791 0.746269 -0.433795
v -0.470747 0.852011 -0.438442
v -0.470747 1.099055 -0.438442
v -0.463791 1.204797 -0.433795
v -0.431362 0.746269 -0.473310
v -0.437277 0.852011 -0.479225
v -0.437277 1.099055 -0.479225
v -0.431362 1.204797 -0.473310
v -0.391846 0.746269 -0.505740
v -0.396494 0.852011 -0.512695
v -0.396494 1.099055 -0.512695
v -0.391846 1.204797 -0.505740
v -0.346764 0.746269 -0.529837
v -0.349965 0.852011 -0.537565
v -0.349965 1.099055 -0.537565
v -0.346764 1.204797 -0.529837
v -0.297846 0.746269 -0.544676
v -0.299478 0.852011 -0.552880
v -0.299478 1.099055 -0.552880
v -0.297846 1.204797 -0.544676
vn -0.1945 0.0789 -0.9777
vn -0.0000 0.0789 -0.9969
vn -0.0000 -0.0789 -0.9969
vn -0.1945 -0.0789 -0.9777
vn -0.3815 0.0789 -0.9210
vn -0.3815 -0.0789 -0.9210
vn -0.5538 0.0789 -0.8289
vn -0.5538 -0.0789 -0.8289
vn -0.7049 0.0789 -0.7049
vn -0.7049 -0.0789 -0.7049
vn -0.8289 0.0789 -0.5538
vn -0.8289 -0.0789 -0.5538
vn -0.9210 0.0789 -0.3815
vn -0.9210 -0.0789 -0.3815
vn -0.9777 0.0789 -0.1945
vn -0.9777 -0.0789 -0.1945
vn -0.9969 0.0789 -0.0000
vn -0.9969 -0.0789 -0.0000
vn -0.9777 0.0789 0.1945
vn -0.9777 -0.0789 0.1945
vn -0.9210 0.0789 0.3815
vn -0.9210 -0.0789 0.3815
vn -0.8289 0.0789 0.5538
vn -0.8289 -0.0789 0.5538
vn -0.7049 0.0789 0.7049
vn -0.7049 -0.0789 0.7049
vn -0.5538 0.0789 0.8289
vn -0.5538 -0.0789 0.8289
vn -0.3815 0.0789 0.9210
vn -0.3815 -0.0789 0.9210
vn -0.1945 0.0789 0.9777
vn -0.1945 -0.0789 0.9777
vn -0.0000 0.0789 0.9969
vn -0.0000 -0.0789 0.9969
vn 0.1945 0.0789 0.9777
vn 0.1945 -0.0789 0.9777
vn 0.3815 0.0789 0.9210
vn 0.3815 -0.0789 0.9210
vn 0.5538 0.0789 0.8289
vn 0.5538 -0.0789 0.8289
vn 0.7049 0.0789 0.7049
vn 0.7049 -0.0789 0.7049
vn 0.8289 0.0789 0.5538
vn 0.8289 -0.0789 0.5538
vn 0.9210 0.0789 0.3815
vn 0.9210 -0.0789 0.3815
vn 0.9777 0.0789 0.1945
vn 0.9777 -0.0789 0.1945
vn 0.9969 0.0789 -0.0000
vn 0.9969 -0.0789 -0.0000
vn 0.9777 0.0789 -0.1945
vn 0.9777 -0.0789 -0.1945
vn 0.9210 0.0789 -0.3815
vn 0.9210 -0.0789 -0.3815
vn 0.8289 0.0789 -0.5538
vn 0.8289 -0.0789 -0.5538
vn 0.7049 0.0789 -0.7049
vn 0.7049 -0.0789 -0.7049
vn 0.5538 0.0789 -0.8289
vn 0.5538 -0.0789 -0.8289
vn 0.3815 0.0789 -0.9210
vn 0.3815 -0.0789 -0.9210
vn 0.1945 0.0789 -0.9777
vn 0.1945 -0.0789 -0.9777
vn -0.0200 -0.9947 -0.1006
vn -0.0000 -0.9947 -0.1025
vn 0.0200 0.9947 0.1006
vn -0.0000 0.9947 0.1025
vn 0.0200 -0.9947 0.1006
vn -0.0000 -0.9947 0.1025
vn -0.0200 0.9947 -0.1006
vn -0.0000 0.9947 -0.1025
vn -0.0392 -0.9947 -0.0947
vn 0.0392 0.9947 0.0947
vn 0.0392 -0.9947 0.0947
vn -0.0392 0.9947 -0.0947
vn -0.0570 -0.9947 -0.0852
vn 0.0570 0.9947 0.0852
vn 0.0570 -0.9947 0.0852
vn -0.0570 0.9947 -0.0852
vn -0.0725 -0.9947 -0.0725
vn 0.0725 0.9947 0.0725
vn 0.0725 -0.9947 0.0725
vn -0.0725 0.9947 -0.0725
vn -0.0852 -0.9947 -0.0570
vn 0.0852 0.9947 0.0570
vn 0.0852 -0.9947 0.0570
vn -0.0852 0.9947 -0.0570
vn -0.0947 -0.9947 -0.0392
vn 0.0947 0.9947 0.0392
vn 0.0947 -0.9947 0.0392
vn -0.0947 0.9947 -0.0392
vn -0.1006 -0.9947 -0.0200
vn 0.1006 0.9947 0.0200
vn 0.1006 -0.9947 0.0200
vn -0.1006 0.9947 -0.0200
vn -0.1025 -0.9947 -0.0000
vn 0.1025 0.9947 -0.0000
vn 0.1025 -0.9947 -0.0000
vn -0.1025 0.9947 -0.0000
vn -0.1006 -0.9947 0.0200
vn 0.1006 0.9947 -0.0200
vn 0.1006 -0.9947 -0.0200
vn -0.1006 0.9947 0.0200
vn -0.0947 -0.9947 0.0392
vn 0.0947 0.9947 -0.0392
vn 0.0947 -0.9947 -0.0392
vn -0.0947 0.9947 0.0392
vn -0.0852 -0.9947 0.0570
vn 0.0852 0.9947 -0.0570
vn 0.0852 -0.9947 -0.0570
vn -0.0852 0.9947 0.0570
vn -0.0725 -0.9947 0.0725
vn 0.0725 0.9947 -0.0725
vn 0.0725 -0.9947 -0.0725
vn -0.0725 0.9947 0.0725
vn -0.0570 -0.9947 0.0852
vn 0.0570 0.9947 -0.0852
vn 0.0570 -0.9947 -0.0852
vn -0.0570 0.9947 0.0852
vn -0.0392 -0.9947 0.0947
vn 0.0392 0.9947 -0.0947
vn 0.0392 -0.9947 -0.0947
vn -0.0392 0.9947 0.0947
vn -0.0200 -0.9947 0.1006
vn 0.0200 0.9947 -0.1006
vn 0.0200 -0.9947 -0.1006
vn -0.0200 0.9947 0.1006
vt 1.734610 0.356019
vt 1.774136 0.379623
vt 1.734610 0.379623
vt 1.688227 0.379622
vt 1.727754 0.356018
vt 1.727754 0.379622
vt 1.734610 0.332414
vt 1.774136 0.356019
vt 1.688227 0.332413
vt 1.688227 0.356018
vt 1.734610 0.308810
vt 1.774136 0.332414
vt 1.688227 0.308809
vt 1.727754 0.332413
vt 1.734610 0.285205
vt 1.774136 0.308810
vt 1.688227 0.285205
vt 1.727754 0.308809
vt 1.734610 0.261601
vt 1.774136 0.285205
vt 1.688227 0.261601
vt 1.727754 0.285205
vt 1.734610 0.237997
vt 1.774136 0.261601
vt 1.688227 0.237996
vt 1.727754 0.261601
vt 1.774136 0.214392
vt 1.774136 0.237997
vt 1.688227 0.214392
vt 1.727754 0.237996
vt 1.734610 0.214392
vt 1.774136 0.190788
vt 1.688227 0.190788
vt 1.727754 0.214392
vt 1.734610 0.167184
vt 1.734610 0.190788
vt 1.688227 0.167183
vt 1.727754 0.190788
vt 1.734610 0.143579
vt 1.774136 0.167184
vt 1.688227 0.143579
vt 1.727754 0.167183
vt 1.734610 0.119975
vt 1.774136 0.143579
vt 1.688227 0.119975
vt 1.727754 0.143579
vt 1.734610 0.096371
vt 1.774136 0.119975
vt 1.688228 0.096370
vt 1.727754 0.119975
vt 1.734610 0.072766
vt 1.774136 0.096371
vt 1.688228 0.072766
vt 1.727754 0.096370
vt 1.734610 0.049162
vt 1.774136 0.072766
vt 1.688228 0.049162
vt 1.727754 0.072766
vt 1.734610 0.025558
vt 1.774136 0.049162
vt 1.688228 0.025557
vt 1.727754 0.049162
vt 1.774136 0.001953
vt 1.774136 0.025558
vt 1.688228 0.001953
vt 1.727754 0.025557
vt 1.734610 0.733688
vt 1.774136 0.757293
vt 1.734610 0.757293
vt 1.688228 0.733687
vt 1.727754 0.757291
vt 1.688228 0.757291
vt 1.734610 0.710084
vt 1.774136 0.733688
vt 1.688227 0.710082
vt 1.727754 0.733687
vt 1.734610 0.686480
vt 1.774136 0.710084
vt 1.688227 0.686478
vt 1.727754 0.710082
vt 1.774136 0.662875
vt 1.774136 0.686480
vt 1.688227 0.662874
vt 1.727754 0.686478
vt 1.734610 0.639271
vt 1.734610 0.662875
vt 1.688227 0.639269
vt 1.727754 0.662874
vt 1.734610 0.615667
vt 1.774136 0.639271
vt 1.688227 0.615665
vt 1.727754 0.639269
vt 1.734610 0.592062
vt 1.774136 0.615667
vt 1.688227 0.592061
vt 1.727754 0.615665
vt 1.774136 0.568458
vt 1.774136 0.592062
vt 1.688227 0.568456
vt 1.727754 0.592061
vt 1.734610 0.544853
vt 1.734610 0.568458
vt 1.688227 0.544852
vt 1.727754 0.568456
vt 1.774136 0.521249
vt 1.774136 0.544853
vt 1.688227 0.521248
vt 1.727754 0.544852
vt 1.734610 0.521249
vt 1.774136 0.497645
vt 1.688227 0.497644
vt 1.727754 0.521248
vt 1.734610 0.497645
vt 1.774136 0.474040
vt 1.688227 0.474039
vt 1.727754 0.497644
vt 1.734610 0.450436
vt 1.734610 0.474040
vt 1.688227 0.450435
vt 1.727754 0.474039
vt 1.734610 0.426831
vt 1.774136 0.450436
vt 1.727754 0.426830
vt 1.727754 0.450435
vt 1.774136 0.403227
vt 1.774136 0.426831
vt 1.688227 0.403226
vt 1.688227 0.426830
vt 1.734610 0.403227
vt 1.727754 0.403226
vt 1.395184 0.877581
vt 1.372052 0.869744
vt 1.395184 0.869744
vt 1.383365 0.899129
vt 1.360929 0.906966
vt 1.360929 0.899129
vt 1.899865 0.383353
vt 1.907702 0.360918
vt 1.907702 0.383353
vt 1.348918 0.892274
vt 1.372049 0.884437
vt 1.372049 0.892274
vt 1.418315 0.877581
vt 1.418315 0.869744
vt 1.405801 0.906966
vt 1.383365 0.906966
vt 1.899865 0.405789
vt 1.907702 0.405789
vt 1.325787 0.892274
vt 1.348918 0.884437
vt 1.441446 0.869744
vt 1.441446 0.877581
vt 1.405801 0.899129
vt 1.428237 0.906966
vt 1.907702 0.428224
vt 1.899865 0.428224
vt 1.302656 0.892274
vt 1.325787 0.884437
vt 1.464577 0.877581
vt 1.464577 0.869744
vt 1.428237 0.899129
vt 1.450673 0.906966
vt 1.899865 0.450659
vt 1.907702 0.450659
vt 1.279525 0.892274
vt 1.302656 0.884437
vt 1.487708 0.869744
vt 1.487708 0.877581
vt 1.450673 0.899129
vt 1.473109 0.906966
vt 1.899865 0.473094
vt 1.907702 0.473094
vt 1.256394 0.884437
vt 1.279525 0.884437
vt 1.510839 0.877581
vt 1.510839 0.869744
vt 1.495545 0.899129
vt 1.473109 0.899129
vt 1.899865 0.495530
vt 1.907702 0.495530
vt 1.233263 0.892274
vt 1.256394 0.892274
vt 1.533971 0.869744
vt 1.533971 0.877581
vt 1.517981 0.899129
vt 1.495545 0.906966
vt 1.907702 0.517965
vt 1.899865 0.517965
vt 1.210132 0.884437
vt 1.233263 0.884437
vt 1.557102 0.869744
vt 1.557102 0.877581
vt 1.540417 0.906966
vt 1.517981 0.906966
vt 1.907702 0.540400
vt 1.899865 0.540400
vt 1.210132 0.892274
vt 1.187001 0.884437
vt 1.580233 0.869744
vt 1.580233 0.877581
vt 1.562853 0.899129
vt 1.540417 0.899129
vt 1.899866 0.562836
vt 1.907702 0.562836
vt 1.163870 0.892274
vt 1.187001 0.892274
vt 1.603364 0.869744
vt 1.603364 0.877581
vt 1.585289 0.906966
vt 1.562853 0.906966
vt 1.907702 0.585271
vt 1.899866 0.585271
vt 1.140739 0.892274
vt 1.163870 0.884437
vt 1.626496 0.869744
vt 1.626496 0.877581
vt 1.585289 0.899129
vt 1.607725 0.906966
vt 1.907702 0.607706
vt 1.899866 0.607706
vt 1.117608 0.892274
vt 1.140739 0.884437
vt 1.649627 0.877581
vt 1.649627 0.869744
vt 1.607725 0.899129
vt 1.630161 0.906966
vt 1.899866 0.630141
vt 1.907702 0.630141
vt 1.094477 0.892274
vt 1.117608 0.884437
vt 1.672758 0.869744
vt 1.672758 0.877581
vt 1.630161 0.899129
vt 1.652597 0.906966
vt 1.899866 0.652577
vt 1.907702 0.652577
vt 1.071346 0.884437
vt 1.094477 0.884437
vt 1.695889 0.869744
vt 1.695889 0.877581
vt 1.675033 0.899129
vt 1.652597 0.899129
vt 1.899866 0.675012
vt 1.907702 0.675012
vt 1.048215 0.892274
vt 1.071346 0.892274
vt 1.719020 0.869744
vt 1.719020 0.877581
vt 1.697469 0.899129
vt 1.675033 0.906966
vt 1.899866 0.697447
vt 1.907702 0.697447
vt 1.025084 0.884437
vt 1.048215 0.884437
vt 1.742151 0.869744
vt 1.742151 0.877581
vt 1.719905 0.906966
vt 1.697469 0.906966
vt 1.907702 0.719883
vt 1.899866 0.719883
vt 1.025084 0.892274
vt 1.001953 0.884437
vt 1.025084 0.877581
vt 1.001953 0.869744
vt 1.025084 0.869744
vt 1.024389 0.899129
vt 1.001953 0.906966
vt 1.001953 0.899129
vt 1.899865 0.024389
vt 1.907702 0.001953
vt 1.907702 0.024389
vt 1.719013 0.892274
vt 1.742144 0.884437
vt 1.742144 0.892274
vt 1.048216 0.877581
vt 1.048216 0.869744
vt 1.046825 0.899129
vt 1.024389 0.906966
vt 1.907702 0.046824
vt 1.899865 0.046824
vt 1.695882 0.892274
vt 1.719013 0.884437
vt 1.071347 0.869744
vt 1.071347 0.877581
vt 1.069261 0.899129
vt 1.046825 0.906966
vt 1.899865 0.069259
vt 1.907702 0.069259
vt 1.672752 0.884437
vt 1.695882 0.884437
vt 1.094478 0.869744
vt 1.094478 0.877581
vt 1.091697 0.906966
vt 1.069261 0.906966
vt 1.907702 0.091694
vt 1.899865 0.091694
vt 1.672752 0.892274
vt 1.649620 0.884437
vt 1.117609 0.877581
vt 1.117609 0.869744
vt 1.114133 0.899129
vt 1.091697 0.899129
vt 1.899865 0.114130
vt 1.907702 0.114130
vt 1.649620 0.892274
vt 1.626490 0.884437
vt 1.140740 0.869744
vt 1.140740 0.877581
vt 1.136569 0.899129
vt 1.114133 0.906966
vt 1.907702 0.136565
vt 1.899865 0.136565
vt 1.626490 0.892274
vt 1.603359 0.884437
vt 1.163872 0.869744
vt 1.163872 0.877581
vt 1.159005 0.899129
vt 1.136569 0.906966
vt 1.907702 0.159000
vt 1.899865 0.159000
vt 1.603359 0.892274
vt 1.580228 0.884437
vt 1.187003 0.869744
vt 1.187003 0.877581
vt 1.181441 0.906966
vt 1.159005 0.906966
vt 1.907702 0.181436
vt 1.899865 0.181436
vt 1.580228 0.892274
vt 1.557097 0.884437
vt 1.210134 0.869744
vt 1.210134 0.877581
vt 1.203877 0.899129
vt 1.181441 0.899129
vt 1.899865 0.203871
vt 1.907702 0.203871
vt 1.533966 0.892274
vt 1.557097 0.892274
vt 1.233265 0.869744
vt 1.233265 0.877581
vt 1.226313 0.906966
vt 1.203877 0.906966
vt 1.907702 0.226306
vt 1.899865 0.226306
vt 1.510835 0.892274
vt 1.533966 0.884437
vt 1.256396 0.877581
vt 1.256396 0.869744
vt 1.248749 0.899129
vt 1.226313 0.899129
vt 1.907702 0.248742
vt 1.899865 0.248742
vt 1.487704 0.892274
vt 1.510835 0.884437
vt 1.279528 0.877581
vt 1.279528 0.869744
vt 1.271185 0.906966
vt 1.248749 0.906966
vt 1.907702 0.271177
vt 1.899865 0.271177
vt 1.464573 0.884437
vt 1.487704 0.884437
vt 1.302659 0.877581
vt 1.302659 0.869744
vt 1.293621 0.899129
vt 1.271185 0.899129
vt 1.899865 0.293612
vt 1.907702 0.293612
vt 1.441442 0.892274
vt 1.464573 0.892274
vt 1.325790 0.877581
vt 1.325790 0.869744
vt 1.316057 0.899129
vt 1.293621 0.906966
vt 1.907702 0.316047
vt 1.899865 0.316047
vt 1.418311 0.892274
vt 1.441442 0.884437
vt 1.348921 0.869744
vt 1.348921 0.877581
vt 1.338493 0.899129
vt 1.316057 0.906966
vt 1.907702 0.338483
vt 1.899865 0.338483
vt 1.395180 0.884437
vt 1.418311 0.884437
vt 1.372052 0.877581
vt 1.338493 0.906966
vt 1.899865 0.360918
vt 1.395180 0.892274
vt 1.734610 0.001953
vt 1.727754 0.001953
vt 1.719905 0.899129
vt 1.001953 0.892274
vt 1.001953 0.877581
vt 1.899865 0.001953
s 1
usemtl cart
f 2319/3145/1281 2193/3146/1282 2194/3147/1282
f 2196/3148/1283 2318/3149/1284 2195/3150/1283
f 2315/3151/1285 2320/3152/1281 2319/3145/1281
f 2313/3153/1286 2318/3149/1284 2317/3154/1284
f 2311/3155/1287 2316/3156/1285 2315/3151/1285
f 2309/3157/1288 2314/3158/1286 2313/3153/1286
f 2307/3159/1289 2312/3160/1287 2311/3155/1287
f 2305/3161/1290 2310/3162/1288 2309/3157/1288
f 2303/3163/1291 2308/3164/1289 2307/3159/1289
f 2301/3165/1292 2306/3166/1290 2305/3161/1290
f 2299/3167/1293 2304/3168/1291 2303/3163/1291
f 2297/3169/1294 2302/3170/1292 2301/3165/1292
f 2299/3167/1293 2296/3171/1295 2300/3172/1293
f 2293/3173/1296 2298/3174/1294 2297/3169/1294
f 2295/3175/1295 2292/3176/1297 2296/3171/1295
f 2289/3177/1298 2294/3178/1296 2293/3173/1296
f 2287/3179/1299 2292/3176/1297 2291/3180/1297
f 2285/3181/1300 2290/3182/1298 2289/3177/1298
f 2283/3183/1301 2288/3184/1299 2287/3179/1299
f 2281/3185/1302 2286/3186/1300 2285/3181/1300
f 2279/3187/1303 2284/3188/1301 2283/3183/1301
f 2277/3189/1304 2282/3190/1302 2281/3185/1302
f 2275/3191/1305 2280/3192/1303 2279/3187/1303
f 2273/3193/1306 2278/3194/1304 2277/3189/1304
f 2271/3195/1307 2276/3196/1305 2275/3191/1305
f 2269/3197/1308 2274/3198/1306 2273/3193/1306
f 2267/3199/1309 2272/3200/1307 2271/3195/1307
f 2265/3201/1310 2270/3202/1308 2269/3197/1308
f 2263/3203/1311 2268/3204/1309 2267/3199/1309
f 2261/3205/1312 2266/3206/1310 2265/3201/1310
f 2263/3203/1311 2260/3207/1313 2264/3208/1311
f 2257/3209/1314 2262/3210/1312 2261/3205/1312
f 2255/3211/1315 2260/3212/1313 2259/3213/1313
f 2253/3214/1316 2258/3215/1314 2257/3216/1314
f 2251/3217/1317 2256/3218/1315 2255/3211/1315
f 2249/3219/1318 2254/3220/1316 2253/3214/1316
f 2247/3221/1319 2252/3222/1317 2251/3217/1317
f 2245/3223/1320 2250/3224/1318 2249/3219/1318
f 2247/3221/1319 2244/3225/1321 2248/3226/1319
f 2241/3227/1322 2246/3228/1320 2245/3223/1320
f 2239/3229/1323 2244/3225/1321 2243/3230/1321
f 2237/3231/1324 2242/3232/1322 2241/3227/1322
f 2235/3233/1325 2240/3234/1323 2239/3229/1323
f 2233/3235/1326 2238/3236/1324 2237/3231/1324
f 2231/3237/1327 2236/3238/1325 2235/3233/1325
f 2229/3239/1328 2234/3240/1326 2233/3235/1326
f 2231/3237/1327 2228/3241/1329 2232/3242/1327
f 2225/3243/1330 2230/3244/1328 2229/3239/1328
f 2223/3245/1331 2228/3241/1329 2227/3246/1329
f 2221/3247/1332 2226/3248/1330 2225/3243/1330
f 2223/3245/1331 2220/3249/1333 2224/3250/1331
f 2217/3251/1334 2222/3252/1332 2221/3247/1332
f 2219/3253/1333 2216/3254/1335 2220/3249/1333
f 2213/3255/1336 2218/3256/1334 2217/3251/1334
f 2215/3257/1335 2212/3258/1337 2216/3254/1335
f 2209/3259/1338 2214/3260/1336 2213/3255/1336
f 2207/3261/1339 2212/3258/1337 2211/3262/1337
f 2205/3263/1340 2210/3264/1338 2209/3259/1338
f 2203/3265/1341 2208/3266/1339 2207/3261/1339
f 2205/3263/1340 2202/3267/1342 2206/3268/1340
f 2203/3265/1341 2200/3269/1343 2204/3270/1341
f 2197/3271/1344 2202/3267/1342 2201/3272/1342
f 2199/3273/1343 2193/3146/1282 2200/3269/1343
f 2196/3148/1283 2198/3274/1344 2197/3271/1344
f 2319/3275/1345 2322/3276/1346 2447/3277/1345
f 2320/3278/1347 2321/3279/1348 2193/3280/1348
f 2317/3281/1349 2324/3282/1350 2445/3283/1349
f 2318/3284/1351 2323/3285/1352 2195/3286/1352
f 2315/3287/1353 2447/3277/1345 2443/3288/1353
f 2320/3278/1347 2444/3289/1354 2448/3290/1347
f 2313/3291/1355 2445/3283/1349 2441/3292/1355
f 2314/3293/1356 2446/3294/1351 2318/3284/1351
f 2315/3287/1353 2439/3295/1357 2311/3296/1357
f 2316/3297/1354 2440/3298/1358 2444/3289/1354
f 2313/3291/1355 2437/3299/1359 2309/3300/1359
f 2310/3301/1360 2442/3302/1356 2314/3293/1356
f 2307/3303/1361 2439/3295/1357 2435/3304/1361
f 2312/3305/1358 2436/3306/1362 2440/3298/1358
f 2305/3307/1363 2437/3299/1359 2433/3308/1363
f 2306/3309/1364 2438/3310/1360 2310/3301/1360
f 2307/3303/1361 2431/3311/1365 2303/3312/1365
f 2308/3313/1362 2432/3314/1366 2436/3306/1362
f 2301/3315/1367 2433/3308/1363 2429/3316/1367
f 2306/3309/1364 2430/3317/1368 2434/3318/1364
f 2299/3319/1369 2431/3311/1365 2427/3320/1369
f 2300/3321/1370 2432/3314/1366 2304/3322/1366
f 2297/3323/1371 2429/3316/1367 2425/3324/1371
f 2298/3325/1372 2430/3317/1368 2302/3326/1368
f 2299/3319/1369 2423/3327/1373 2295/3328/1373
f 2296/3329/1374 2428/3330/1370 2300/3321/1370
f 2297/3323/1371 2421/3331/1375 2293/3332/1375
f 2298/3325/1372 2422/3333/1376 2426/3334/1372
f 2295/3328/1373 2419/3335/1377 2291/3336/1377
f 2296/3329/1374 2420/3337/1378 2424/3338/1374
f 2293/3332/1375 2417/3339/1379 2289/3340/1379
f 2294/3341/1376 2418/3342/1380 2422/3333/1376
f 2291/3336/1377 2415/3343/1381 2287/3344/1381
f 2288/3345/1382 2420/3337/1378 2292/3346/1378
f 2285/3347/1383 2417/3339/1379 2413/3348/1383
f 2286/3349/1384 2418/3342/1380 2290/3350/1380
f 2287/3344/1381 2411/3351/1385 2283/3352/1385
f 2288/3345/1382 2412/3353/1386 2416/3354/1382
f 2285/3347/1383 2409/3355/1387 2281/3356/1387
f 2282/3357/1388 2414/3358/1384 2286/3349/1384
f 2283/3352/1385 2407/3359/1389 2279/3360/1389
f 2284/3361/1386 2408/3362/1390 2412/3353/1386
f 2281/3356/1387 2405/3363/1391 2277/3364/1391
f 2278/3365/1392 2410/3366/1388 2282/3357/1388
f 2275/3367/1393 2407/3359/1389 2403/3368/1393
f 2280/3369/1390 2404/3370/1394 2408/3362/1390
f 2273/3371/1395 2405/3363/1391 2401/3372/1395
f 2274/3373/1396 2406/3374/1392 2278/3365/1392
f 2275/3367/1393 2399/3375/1397 2271/3376/1397
f 2276/3377/1394 2400/3378/1398 2404/3370/1394
f 2269/3379/1399 2401/3372/1395 2397/3380/1399
f 2274/3373/1396 2398/3381/1400 2402/3382/1396
f 2271/3376/1397 2395/3383/1401 2267/3384/1401
f 2268/3385/1402 2400/3378/1398 2272/3386/1398
f 2265/3387/1403 2397/3380/1399 2393/3388/1403
f 2266/3389/1404 2398/3381/1400 2270/3390/1400
f 2267/3384/1401 2391/3391/1405 2263/3392/1405
f 2264/3393/1406 2396/3394/1402 2268/3385/1402
f 2261/3395/1407 2393/3388/1403 2389/3396/1407
f 2266/3389/1404 2390/3397/1408 2394/3398/1404
f 2263/3392/1405 2387/3399/1350 2259/3400/1350
f 2264/3393/1406 2388/3401/1352 2392/3402/1406
f 2261/3395/1407 2385/3403/1346 2257/3404/1346
f 2262/3405/1408 2386/3406/1348 2390/3397/1408
f 2255/3407/1349 2387/3408/1350 2383/3409/1349
f 2256/3410/1351 2388/3411/1352 2260/3412/1352
f 2253/3413/1345 2385/3414/1346 2381/3415/1345
f 2254/3416/1347 2386/3417/1348 2258/3418/1348
f 2251/3419/1355 2383/3409/1349 2379/3420/1355
f 2252/3421/1356 2384/3422/1351 2256/3410/1351
f 2253/3413/1345 2377/3423/1353 2249/3424/1353
f 2250/3425/1354 2382/3426/1347 2254/3416/1347
f 2251/3419/1355 2375/3427/1359 2247/3428/1359
f 2248/3429/1360 2380/3430/1356 2252/3421/1356
f 2245/3431/1357 2377/3423/1353 2373/3432/1357
f 2250/3425/1354 2374/3433/1358 2378/3434/1354
f 2247/3428/1359 2371/3435/1363 2243/3436/1363
f 2248/3429/1360 2372/3437/1364 2376/3438/1360
f 2245/3431/1357 2369/3439/1361 2241/3440/1361
f 2246/3441/1358 2370/3442/1362 2374/3433/1358
f 2239/3443/1367 2371/3435/1363 2367/3444/1367
f 2240/3445/1368 2372/3437/1364 2244/3446/1364
f 2237/3447/1365 2369/3439/1361 2365/3448/1365
f 2242/3449/1362 2366/3450/1366 2370/3442/1362
f 2239/3443/1367 2363/3451/1371 2235/3452/1371
f 2236/3453/1372 2368/3454/1368 2240/3445/1368
f 2237/3447/1365 2361/3455/1369 2233/3456/1369
f 2238/3457/1366 2362/3458/1370 2366/3450/1366
f 2235/3452/1371 2359/3459/1375 2231/3460/1375
f 2232/3461/1376 2364/3462/1372 2236/3453/1372
f 2233/3456/1369 2357/3463/1373 2229/3464/1373
f 2234/3465/1370 2358/3466/1374 2362/3458/1370
f 2231/3460/1375 2355/3467/1379 2227/3468/1379
f 2232/3461/1376 2356/3469/1380 2360/3470/1376
f 2229/3464/1373 2353/3471/1377 2225/3472/1377
f 2230/3473/1374 2354/3474/1378 2358/3466/1374
f 2227/3468/1379 2351/3475/1383 2223/3476/1383
f 2224/3477/1384 2356/3469/1380 2228/3478/1380
f 2221/3479/1381 2353/3471/1377 2349/3480/1381
f 2222/3481/1382 2354/3474/1378 2226/3482/1378
f 2223/3476/1383 2347/3483/1387 2219/3484/1387
f 2224/3477/1384 2348/3485/1388 2352/3486/1384
f 2221/3479/1381 2345/3487/1385 2217/3488/1385
f 2218/3489/1386 2350/3490/1382 2222/3481/1382
f 2215/3491/1391 2347/3483/1387 2343/3492/1391
f 2216/3493/1392 2348/3485/1388 2220/3494/1388
f 2217/3488/1385 2341/3495/1389 2213/3496/1389
f 2214/3497/1390 2346/3498/1386 2218/3489/1386
f 2211/3499/1395 2343/3492/1391 2339/3500/1395
f 2216/3493/1392 2340/3501/1396 2344/3502/1392
f 2213/3496/1389 2337/3503/1393 2209/3504/1393
f 2214/3497/1390 2338/3505/1394 2342/3506/1390
f 2207/3507/1399 2339/3500/1395 2335/3508/1399
f 2208/3509/1400 2340/3501/1396 2212/3510/1396
f 2205/3511/1397 2337/3503/1393 2333/3512/1397
f 2206/3513/1398 2338/3505/1394 2210/3514/1394
f 2203/3515/1403 2335/3508/1399 2331/3516/1403
f 2204/3517/1404 2336/3518/1400 2208/3509/1400
f 2205/3511/1397 2329/3519/1401 2201/3520/1401
f 2202/3521/1402 2334/3522/1398 2206/3513/1398
f 2203/3515/1403 2327/3523/1407 2199/3524/1407
f 2200/3525/1408 2332/3526/1404 2204/3517/1404
f 2201/3520/1401 2325/3527/1405 2197/3528/1405
f 2202/3521/1402 2326/3529/1406 2330/3530/1402
f 2199/3524/1407 2322/3276/1346 2194/3531/1346
f 2200/3525/1408 2321/3279/1348 2328/3532/1408
f 2197/3528/1405 2324/3282/1350 2196/3533/1350
f 2198/3534/1406 2323/3285/1352 2326/3529/1406
f 2319/3145/1281 2320/3152/1281 2193/3146/1282
f 2196/3148/1283 2317/3154/1284 2318/3149/1284
f 2315/3151/1285 2316/3156/1285 2320/3152/1281
f 2313/3153/1286 2314/3158/1286 2318/3149/1284
f 2311/3155/1287 2312/3160/1287 2316/3156/1285
f 2309/3157/1288 2310/3162/1288 2314/3158/1286
f 2307/3159/1289 2308/3164/1289 2312/3160/1287
f 2305/3161/1290 2306/3166/1290 2310/3162/1288
f 2303/3163/1291 2304/3168/1291 2308/3164/1289
f 2301/3165/1292 2302/3170/1292 2306/3166/1290
f 2299/3167/1293 2300/3172/1293 2304/3168/1291
f 2297/3169/1294 2298/3174/1294 2302/3170/1292
f 2299/3167/1293 2295/3175/1295 2296/3171/1295
f 2293/3173/1296 2294/3178/1296 2298/3174/1294
f 2295/3175/1295 2291/3180/1297 2292/3176/1297
f 2289/3177/1298 2290/3182/1298 2294/3178/1296
f 2287/3179/1299 2288/3184/1299 2292/3176/1297
f 2285/3181/1300 2286/3186/1300 2290/3182/1298
f 2283/3183/1301 2284/3188/1301 2288/3184/1299
f 2281/3185/1302 2282/3190/1302 2286/3186/1300
f 2279/3187/1303 2280/3192/1303 2284/3188/1301
f 2277/3189/1304 2278/3194/1304 2282/3190/1302
f 2275/3191/1305 2276/3196/1305 2280/3192/1303
f 2273/3193/1306 2274/3198/1306 2278/3194/1304
f 2271/3195/1307 2272/3200/1307 2276/3196/1305
f 2269/3197/1308 2270/3202/1308 2274/3198/1306
f 2267/3199/1309 2268/3204/1309 2272/3200/1307
f 2265/3201/1310 2266/3206/1310 2270/3202/1308
f 2263/3203/1311 2264/3208/1311 2268/3204/1309
f 2261/3205/1312 2262/3210/1312 2266/3206/1310
f 2263/3203/1311 2259/3535/1313 2260/3207/1313
f 2257/3209/1314 2258/3536/1314 2262/3210/1312
f 2255/3211/1315 2256/3218/1315 2260/3212/1313
f 2253/3214/1316 2254/3220/1316 2258/3215/1314
f 2251/3217/1317 2252/3222/1317 2256/3218/1315
f 2249/3219/1318 2250/3224/1318 2254/3220/1316
f 2247/3221/1319 2248/3226/1319 2252/3222/1317
f 2245/3223/1320 2246/3228/1320 2250/3224/1318
f 2247/3221/1319 2243/3230/1321 2244/3225/1321
f 2241/3227/1322 2242/3232/1322 2246/3228/1320
f 2239/3229/1323 2240/3234/1323 2244/3225/1321
f 2237/3231/1324 2238/3236/1324 2242/3232/1322
f 2235/3233/1325 2236/3238/1325 2240/3234/1323
f 2233/3235/1326 2234/3240/1326 2238/3236/1324
f 2231/3237/1327 2232/3242/1327 2236/3238/1325
f 2229/3239/1328 2230/3244/1328 2234/3240/1326
f 2231/3237/1327 2227/3246/1329 2228/3241/1329
f 2225/3243/1330 2226/3248/1330 2230/3244/1328
f 2223/3245/1331 2224/3250/1331 2228/3241/1329
f 2221/3247/1332 2222/3252/1332 2226/3248/1330
f 2223/3245/1331 2219/3253/1333 2220/3249/1333
f 2217/3251/1334 2218/3256/1334 2222/3252/1332
f 2219/3253/1333 2215/3257/1335 2216/3254/1335
f 2213/3255/1336 2214/3260/1336 2218/3256/1334
f 2215/3257/1335 2211/3262/1337 2212/3258/1337
f 2209/3259/1338 2210/3264/1338 2214/3260/1336
f 2207/3261/1339 2208/3266/1339 2212/3258/1337
f 2205/3263/1340 2206/3268/1340 2210/3264/1338
f 2203/3265/1341 2204/3270/1341 2208/3266/1339
f 2205/3263/1340 2201/3272/1342 2202/3267/1342
f 2203/3265/1341 2199/3273/1343 2200/3269/1343
f 2197/3271/1344 2198/3274/1344 2202/3267/1342
f 2199/3273/1343 2194/3147/1282 2193/3146/1282
f 2196/3148/1283 2195/3150/1283 2198/3274/1344
f 2319/3275/1345 2194/3531/1346 2322/3276/1346
f 2320/3278/1347 2448/3290/1347 2321/3279/1348
f 2317/3281/1349 2196/3533/1350 2324/3282/1350
f 2318/3284/1351 2446/3294/1351 2323/3285/1352
f 2315/3287/1353 2319/3275/1345 2447/3277/1345
f 2320/3278/1347 2316/3297/1354 2444/3289/1354
f 2313/3291/1355 2317/3281/1349 2445/3283/1349
f 2314/3293/1356 2442/3302/1356 2446/3294/1351
f 2315/3287/1353 2443/3288/1353 2439/3295/1357
f 2316/3297/1354 2312/3305/1358 2440/3298/1358
f 2313/3291/1355 2441/3292/1355 2437/3299/1359
f 2310/3301/1360 2438/3310/1360 2442/3302/1356
f 2307/3303/1361 2311/3296/1357 2439/3295/1357
f 2312/3305/1358 2308/3313/1362 2436/3306/1362
f 2305/3307/1363 2309/3300/1359 2437/3299/1359
f 2306/3309/1364 2434/3318/1364 2438/3310/1360
f 2307/3303/1361 2435/3304/1361 2431/3311/1365
f 2308/3313/1362 2304/3322/1366 2432/3314/1366
f 2301/3315/1367 2305/3307/1363 2433/3308/1363
f 2306/3309/1364 2302/3326/1368 2430/3317/1368
f 2299/3319/1369 2303/3312/1365 2431/3311/1365
f 2300/3321/1370 2428/3330/1370 2432/3314/1366
f 2297/3323/1371 2301/3315/1367 2429/3316/1367
f 2298/3325/1372 2426/3334/1372 2430/3317/1368
f 2299/3319/1369 2427/3320/1369 2423/3327/1373
f 2296/3329/1374 2424/3338/1374 2428/3330/1370
f 2297/3323/1371 2425/3324/1371 2421/3331/1375
f 2298/3325/1372 2294/3341/1376 2422/3333/1376
f 2295/3328/1373 2423/3327/1373 2419/3335/1377
f 2296/3329/1374 2292/3346/1378 2420/3337/1378
f 2293/3332/1375 2421/3331/1375 2417/3339/1379
f 2294/3341/1376 2290/3350/1380 2418/3342/1380
f 2291/3336/1377 2419/3335/1377 2415/3343/1381
f 2288/3345/1382 2416/3354/1382 2420/3337/1378
f 2285/3347/1383 2289/3340/1379 2417/3339/1379
f 2286/3349/1384 2414/3358/1384 2418/3342/1380
f 2287/3344/1381 2415/3343/1381 2411/3351/1385
f 2288/3345/1382 2284/3361/1386 2412/3353/1386
f 2285/3347/1383 2413/3348/1383 2409/3355/1387
f 2282/3357/1388 2410/3366/1388 2414/3358/1384
f 2283/3352/1385 2411/3351/1385 2407/3359/1389
f 2284/3361/1386 2280/3369/1390 2408/3362/1390
f 2281/3356/1387 2409/3355/1387 2405/3363/1391
f 2278/3365/1392 2406/3374/1392 2410/3366/1388
f 2275/3367/1393 2279/3360/1389 2407/3359/1389
f 2280/3369/1390 2276/3377/1394 2404/3370/1394
f 2273/3371/1395 2277/3364/1391 2405/3363/1391
f 2274/3373/1396 2402/3382/1396 2406/3374/1392
f 2275/3367/1393 2403/3368/1393 2399/3375/1397
f 2276/3377/1394 2272/3386/1398 2400/3378/1398
f 2269/3379/1399 2273/3371/1395 2401/3372/1395
f 2274/3373/1396 2270/3390/1400 2398/3381/1400
f 2271/3376/1397 2399/3375/1397 2395/3383/1401
f 2268/3385/1402 2396/3394/1402 2400/3378/1398
f 2265/3387/1403 2269/3379/1399 2397/3380/1399
f 2266/3389/1404 2394/3398/1404 2398/3381/1400
f 2267/3384/1401 2395/3383/1401 2391/3391/1405
f 2264/3393/1406 2392/3402/1406 2396/3394/1402
f 2261/3395/1407 2265/3387/1403 2393/3388/1403
f 2266/3389/1404 2262/3405/1408 2390/3397/1408
f 2263/3392/1405 2391/3391/1405 2387/3399/1350
f 2264/3393/1406 2260/3537/1352 2388/3401/1352
f 2261/3395/1407 2389/3396/1407 2385/3403/1346
f 2262/3405/1408 2258/3538/1348 2386/3406/1348
f 2255/3407/1349 2259/3539/1350 2387/3408/1350
f 2256/3410/1351 2384/3422/1351 2388/3411/1352
f 2253/3413/1345 2257/3540/1346 2385/3414/1346
f 2254/3416/1347 2382/3426/1347 2386/3417/1348
f 2251/3419/1355 2255/3407/1349 2383/3409/1349
f 2252/3421/1356 2380/3430/1356 2384/3422/1351
f 2253/3413/1345 2381/3415/1345 2377/3423/1353
f 2250/3425/1354 2378/3434/1354 2382/3426/1347
f 2251/3419/1355 2379/3420/1355 2375/3427/1359
f 2248/3429/1360 2376/3438/1360 2380/3430/1356
f 2245/3431/1357 2249/3424/1353 2377/3423/1353
f 2250/3425/1354 2246/3441/1358 2374/3433/1358
f 2247/3428/1359 2375/3427/1359 2371/3435/1363
f 2248/3429/1360 2244/3446/1364 2372/3437/1364
f 2245/3431/1357 2373/3432/1357 2369/3439/1361
f 2246/3441/1358 2242/3449/1362 2370/3442/1362
f 2239/3443/1367 2243/3436/1363 2371/3435/1363
f 2240/3445/1368 2368/3454/1368 2372/3437/1364
f 2237/3447/1365 2241/3440/1361 2369/3439/1361
f 2242/3449/1362 2238/3457/1366 2366/3450/1366
f 2239/3443/1367 2367/3444/1367 2363/3451/1371
f 2236/3453/1372 2364/3462/1372 2368/3454/1368
f 2237/3447/1365 2365/3448/1365 2361/3455/1369
f 2238/3457/1366 2234/3465/1370 2362/3458/1370
f 2235/3452/1371 2363/3451/1371 2359/3459/1375
f 2232/3461/1376 2360/3470/1376 2364/3462/1372
f 2233/3456/1369 2361/3455/1369 2357/3463/1373
f 2234/3465/1370 2230/3473/1374 2358/3466/1374
f 2231/3460/1375 2359/3459/1375 2355/3467/1379
f 2232/3461/1376 2228/3478/1380 2356/3469/1380
f 2229/3464/1373 2357/3463/1373 2353/3471/1377
f 2230/3473/1374 2226/3482/1378 2354/3474/1378
f 2227/3468/1379 2355/3467/1379 2351/3475/1383
f 2224/3477/1384 2352/3486/1384 2356/3469/1380
f 2221/3479/1381 2225/3472/1377 2353/3471/1377
f 2222/3481/1382 2350/3490/1382 2354/3474/1378
f 2223/3476/1383 2351/3475/1383 2347/3483/1387
f 2224/3477/1384 2220/3494/1388 2348/3485/1388
f 2221/3479/1381 2349/3480/1381 2345/3487/1385
f 2218/3489/1386 2346/3498/1386 2350/3490/1382
f 2215/3491/1391 2219/3484/1387 2347/3483/1387
f 2216/3493/1392 2344/3502/1392 2348/3485/1388
f 2217/3488/1385 2345/3487/1385 2341/3495/1389
f 2214/3497/1390 2342/3506/1390 2346/3498/1386
f 2211/3499/1395 2215/3491/1391 2343/3492/1391
f 2216/3493/1392 2212/3510/1396 2340/3501/1396
f 2213/3496/1389 2341/3495/1389 2337/3503/1393
f 2214/3497/1390 2210/3514/1394 2338/3505/1394
f 2207/3507/1399 2211/3499/1395 2339/3500/1395
f 2208/3509/1400 2336/3518/1400 2340/3501/1396
f 2205/3511/1397 2209/3504/1393 2337/3503/1393
f 2206/3513/1398 2334/3522/1398 2338/3505/1394
f 2203/3515/1403 2207/3507/1399 2335/3508/1399
f 2204/3517/1404 2332/3526/1404 2336/3518/1400
f 2205/3511/1397 2333/3512/1397 2329/3519/1401
f 2202/3521/1402 2330/3530/1402 2334/3522/1398
f 2203/3515/1403 2331/3516/1403 2327/3523/1407
f 2200/3525/1408 2328/3532/1408 2332/3526/1404
f 2201/3520/1401 2329/3519/1401 2325/3527/1405
f 2202/3521/1402 2198/3534/1406 2326/3529/1406
f 2199/3524/1407 2327/3523/1407 2322/3276/1346
f 2200/3525/1408 2193/3280/1348 2321/3279/1348
f 2197/3528/1405 2325/3527/1405 2324/3282/1350
f 2198/3534/1406 2195/3286/1352 2323/3285/1352
o wood_box_low
v 0.267755 0.733015 0.515848
v 0.267755 1.252662 0.515848
v 0.267755 0.733015 0.041221
v 0.267755 1.252662 0.041221
v 0.742382 0.733015 0.515848
v 0.742382 1.252662 0.515848
v 0.742382 0.733015 0.041221
v 0.742382 1.252662 0.041221
vn -1.0000 -0.0000 -0.0000
vn -0.0000 -0.0000 -1.0000
vn -0.0000 -0.0000 1.0000
vn 1.0000 -0.0000 -0.0000
vn -0.0000 1.0000 -0.0000
vn -0.0000 -1.0000 -0.0000
vt 1.481055 0.581776
vt 1.291302 0.388315
vt 1.481055 0.388315
vt 1.291302 0.778385
vt 1.484763 0.588632
vt 1.484763 0.778385
vt 1.484763 0.381459
vt 1.291302 0.191706
vt 1.484763 0.191706
vt 1.291302 0.001953
vt 1.484763 0.001953
vt 1.491619 0.001953
vt 1.681372 0.191706
vt 1.491619 0.191706
vt 1.487911 0.388315
vt 1.677664 0.578068
vt 1.487911 0.578068
vt 1.291302 0.581776
vt 1.291302 0.588632
vt 1.291302 0.381459
vt 1.681372 0.001953
vt 1.677664 0.388315
s 1
usemtl cart
f 2450/3541/1409 2451/3542/1409 2449/3543/1409
f 2455/3544/1410 2452/3545/1410 2456/3546/1410
f 2450/3547/1411 2453/3548/1411 2454/3549/1411
f 2454/3549/1412 2455/3550/1412 2456/3551/1412
f 2456/3552/1413 2450/3553/1413 2454/3554/1413
f 2455/3555/1414 2449/3556/1414 2451/3557/1414
f 2450/3541/1409 2452/3558/1409 2451/3542/1409
f 2455/3544/1410 2451/3559/1410 2452/3545/1410
f 2450/3547/1411 2449/3560/1411 2453/3548/1411
f 2454/3549/1412 2453/3548/1412 2455/3550/1412
f 2456/3552/1413 2452/3561/1413 2450/3553/1413
f 2455/3555/1414 2453/3562/1414 2449/3556/1414
o metal_wood_box_low
v 0.237025 0.812838 0.546578
v 0.237025 0.689435 0.546578
v 0.773112 0.812838 0.546578
v 0.267755 0.812838 0.515848
v 0.237025 0.812838 0.010491
v 0.237025 0.689435 0.010491
v 0.773112 0.812838 0.010491
v 0.267755 0.812838 0.041221
v 0.267755 0.689435 0.041221
v 0.742382 0.812838 0.041221
v 0.742382 0.689435 0.041221
v 0.742382 0.812838 0.515848
v 0.742382 0.689435 0.515848
v 0.773112 0.689435 0.546578
v 0.267755 0.689435 0.515848
v 0.773112 0.689435 0.010491
v 0.267755 1.296242 0.515848
v 0.742382 1.296242 0.515848
v 0.742382 1.296242 0.041221
v 0.267755 1.296242 0.041221
v 0.237025 1.296242 0.546578
v 0.773112 1.296242 0.546578
v 0.773112 1.296242 0.010491
v 0.237025 1.296242 0.010491
v 0.267755 1.172838 0.515848
v 0.742382 1.172838 0.515848
v 0.742382 1.172838 0.041221
v 0.267755 1.172838 0.041221
v 0.237025 1.172838 0.546578
v 0.773112 1.172838 0.546578
v 0.773112 1.172838 0.010491
v 0.237025 1.172838 0.010491
vn -1.0000 -0.0000 -0.0000
vn -0.0000 -0.0000 1.0000
vn -0.0000 1.0000 -0.0000
vn -0.0000 -0.0000 -1.0000
vn 1.0000 -0.0000 -0.0000
vn -0.0000 -1.0000 -0.0000
vt 1.833789 0.658637
vt 1.879732 0.444313
vt 1.879732 0.658637
vt 1.001953 0.702723
vt 1.216278 0.748666
vt 1.001953 0.748666
vt 1.858530 0.219007
vt 1.870816 0.421047
vt 1.858530 0.433333
vt 1.969941 0.446320
vt 1.982227 0.648358
vt 1.969941 0.660644
vt 1.805732 0.001953
vt 1.851675 0.216277
vt 1.805732 0.216277
vt 1.428625 0.985761
vt 1.226588 0.998047
vt 1.214302 0.985761
vt 1.914558 0.388315
vt 1.960500 0.198561
vt 1.960500 0.388314
vt 1.198562 0.959764
vt 1.388315 0.913822
vt 1.388315 0.959764
vt 1.395171 0.959764
vt 1.584924 0.913822
vt 1.584924 0.959764
vt 1.806720 0.958612
vt 1.604681 0.970897
vt 1.592395 0.958612
vt 1.749000 0.932615
vt 1.938753 0.886672
vt 1.938753 0.932615
vt 1.878478 0.215110
vt 1.890763 0.417149
vt 1.878478 0.429435
vt 1.216894 0.966620
vt 1.014854 0.978905
vt 1.002569 0.966620
vt 1.582915 0.966620
vt 1.380877 0.978906
vt 1.393163 0.966620
vt 1.625888 0.862889
vt 1.840212 0.816946
vt 1.840212 0.862889
vt 1.204607 0.985761
vt 1.002569 0.998047
vt 1.014854 0.985761
vt 1.982227 0.872377
vt 1.969941 0.670339
vt 1.982227 0.658053
vt 1.780991 0.756238
vt 1.826934 0.541913
vt 1.826934 0.756238
vt 1.960500 0.001953
vt 1.914558 0.191706
vt 1.914558 0.001953
vt 1.604681 0.939470
vt 1.806718 0.951756
vt 1.592395 0.951756
vt 1.001953 0.913822
vt 1.191706 0.959764
vt 1.001953 0.959764
vt 1.960500 0.591778
vt 1.914558 0.781531
vt 1.914558 0.591778
vt 1.915084 0.584923
vt 1.961027 0.395170
vt 1.961027 0.584923
vt 1.204608 0.755521
vt 1.002569 0.767807
vt 1.014854 0.755521
vt 1.967356 0.216893
vt 1.979642 0.014854
vt 1.979642 0.204607
vt 1.893010 0.665493
vt 1.847067 0.879817
vt 1.847067 0.665493
vt 1.809031 0.810091
vt 1.594706 0.764148
vt 1.809031 0.764148
vt 1.858530 0.204608
vt 1.870816 0.002569
vt 1.870816 0.216894
vt 1.889957 0.216894
vt 1.877671 0.014854
vt 1.889957 0.002569
vt 1.969941 0.438233
vt 1.982227 0.236195
vt 1.982227 0.425947
vt 1.615384 0.990039
vt 1.817420 0.977753
vt 1.805134 0.990039
vt 1.851674 0.223133
vt 1.805732 0.437457
vt 1.805732 0.223133
vt 1.833789 0.444313
vt 1.216278 0.702723
vt 1.870816 0.231293
vt 1.982227 0.458606
vt 1.851675 0.001953
vt 1.416340 0.998047
vt 1.914558 0.198561
vt 1.198562 0.913822
vt 1.395171 0.913822
vt 1.794434 0.970897
vt 1.749000 0.886672
vt 1.890763 0.227396
vt 1.204608 0.978905
vt 1.595200 0.978906
vt 1.625888 0.816946
vt 1.216892 0.998047
vt 1.969941 0.860092
vt 1.780991 0.541913
vt 1.960500 0.191706
vt 1.794432 0.939470
vt 1.191707 0.913822
vt 1.960500 0.781531
vt 1.915084 0.395170
vt 1.216894 0.767807
vt 1.967356 0.002569
vt 1.893010 0.879817
vt 1.594707 0.810091
vt 1.858530 0.014854
vt 1.877671 0.204608
vt 1.969941 0.223909
vt 1.603098 0.977753
vt 1.851674 0.437457
s 1
usemtl cart
f 2462/3563/1415 2457/3564/1415 2461/3565/1415
f 2458/3566/1416 2459/3567/1416 2457/3568/1416
f 2459/3569/1417 2460/3570/1417 2457/3571/1417
f 2457/3572/1417 2464/3573/1417 2461/3574/1417
f 2463/3575/1418 2462/3576/1418 2461/3577/1418
f 2461/3578/1417 2466/3579/1417 2463/3580/1417
f 2471/3581/1419 2464/3582/1419 2460/3583/1419
f 2464/3584/1416 2467/3585/1416 2466/3586/1416
f 2469/3587/1415 2466/3588/1415 2467/3589/1415
f 2463/3590/1417 2468/3591/1417 2459/3592/1417
f 2468/3593/1418 2471/3594/1418 2460/3595/1418
f 2470/3596/1420 2467/3597/1420 2472/3598/1420
f 2458/3599/1420 2469/3600/1420 2470/3601/1420
f 2471/3602/1420 2462/3603/1420 2465/3604/1420
f 2459/3605/1419 2472/3606/1419 2463/3607/1419
f 2465/3608/1420 2472/3609/1420 2467/3610/1420
f 2478/3611/1417 2473/3612/1417 2477/3613/1417
f 2487/3614/1418 2480/3615/1418 2479/3616/1418
f 2481/3617/1419 2476/3618/1419 2473/3619/1419
f 2473/3620/1417 2480/3621/1417 2477/3622/1417
f 2484/3623/1416 2475/3624/1416 2476/3625/1416
f 2483/3626/1415 2474/3627/1415 2475/3628/1415
f 2482/3629/1418 2473/3630/1418 2474/3631/1418
f 2475/3632/1417 2480/3633/1417 2476/3634/1417
f 2478/3635/1417 2475/3636/1417 2474/3637/1417
f 2478/3638/1416 2485/3639/1416 2486/3640/1416
f 2486/3641/1419 2479/3642/1419 2478/3643/1419
f 2481/3644/1420 2486/3645/1420 2485/3646/1420
f 2488/3647/1420 2481/3648/1420 2485/3649/1420
f 2488/3650/1420 2483/3651/1420 2484/3652/1420
f 2483/3653/1420 2486/3654/1420 2482/3655/1420
f 2477/3656/1415 2488/3657/1415 2485/3658/1415
f 2462/3563/1415 2458/3659/1415 2457/3564/1415
f 2458/3566/1416 2470/3660/1416 2459/3567/1416
f 2459/3569/1417 2468/3661/1417 2460/3570/1417
f 2457/3572/1417 2460/3662/1417 2464/3573/1417
f 2463/3575/1418 2472/3663/1418 2462/3576/1418
f 2461/3578/1417 2464/3664/1417 2466/3579/1417
f 2471/3581/1419 2465/3665/1419 2464/3582/1419
f 2464/3584/1416 2465/3666/1416 2467/3585/1416
f 2469/3587/1415 2468/3667/1415 2466/3588/1415
f 2463/3590/1417 2466/3668/1417 2468/3591/1417
f 2468/3593/1418 2469/3669/1418 2471/3594/1418
f 2470/3596/1420 2469/3670/1420 2467/3597/1420
f 2458/3599/1420 2471/3671/1420 2469/3600/1420
f 2471/3602/1420 2458/3672/1420 2462/3603/1420
f 2459/3605/1419 2470/3673/1419 2472/3606/1419
f 2465/3608/1420 2462/3674/1420 2472/3609/1420
f 2478/3611/1417 2474/3675/1417 2473/3612/1417
f 2487/3614/1418 2488/3676/1418 2480/3615/1418
f 2481/3617/1419 2484/3677/1419 2476/3618/1419
f 2473/3620/1417 2476/3678/1417 2480/3621/1417
f 2484/3623/1416 2483/3679/1416 2475/3624/1416
f 2483/3626/1415 2482/3680/1415 2474/3627/1415
f 2482/3629/1418 2481/3681/1418 2473/3630/1418
f 2475/3632/1417 2479/3682/1417 2480/3633/1417
f 2478/3635/1417 2479/3683/1417 2475/3636/1417
f 2478/3638/1416 2477/3684/1416 2485/3639/1416
f 2486/3641/1419 2487/3685/1419 2479/3642/1419
f 2481/3644/1420 2482/3686/1420 2486/3645/1420
f 2488/3647/1420 2484/3687/1420 2481/3648/1420
f 2488/3650/1420 2487/3688/1420 2483/3651/1420
f 2483/3653/1420 2487/3689/1420 2486/3654/1420
f 2477/3656/1415 2480/3690/1415 2488/3657/1415
o wood_box_low.001
v 0.267755 0.733015 -0.061504
v 0.267755 1.252662 -0.061504
v 0.267755 0.733015 -0.536131
v 0.267755 1.252662 -0.536131
v 0.742382 0.733015 -0.061504
v 0.742382 1.252662 -0.061504
v 0.742382 0.733015 -0.536131
v 0.742382 1.252662 -0.536131
vn -1.0000 -0.0000 -0.0000
vn -0.0000 -0.0000 -1.0000
vn -0.0000 -0.0000 1.0000
vn 1.0000 -0.0000 -0.0000
vn -0.0000 1.0000 -0.0000
vn -0.0000 -1.0000 -0.0000
vt 1.481055 0.581776
vt 1.291302 0.388315
vt 1.481055 0.388315
vt 1.291302 0.778385
vt 1.484763 0.588632
vt 1.484763 0.778385
vt 1.484763 0.381459
vt 1.291302 0.191706
vt 1.484763 0.191706
vt 1.291302 0.001953
vt 1.484763 0.001953
vt 1.491619 0.001953
vt 1.681372 0.191706
vt 1.491619 0.191706
vt 1.487911 0.388315
vt 1.677664 0.578068
vt 1.487911 0.578068
vt 1.291302 0.581776
vt 1.291302 0.588632
vt 1.291302 0.381459
vt 1.681372 0.001953
vt 1.677664 0.388315
s 1
usemtl cart
f 2490/3691/1421 2491/3692/1421 2489/3693/1421
f 2495/3694/1422 2492/3695/1422 2496/3696/1422
f 2490/3697/1423 2493/3698/1423 2494/3699/1423
f 2494/3699/1424 2495/3700/1424 2496/3701/1424
f 2496/3702/1425 2490/3703/1425 2494/3704/1425
f 2495/3705/1426 2489/3706/1426 2491/3707/1426
f 2490/3691/1421 2492/3708/1421 2491/3692/1421
f 2495/3694/1422 2491/3709/1422 2492/3695/1422
f 2490/3697/1423 2489/3710/1423 2493/3698/1423
f 2494/3699/1424 2493/3698/1424 2495/3700/1424
f 2496/3702/1425 2492/3711/1425 2490/3703/1425
f 2495/3705/1426 2493/3712/1426 2489/3706/1426
o metal_wood_box_low.001
v 0.237025 0.812838 -0.030774
v 0.237025 0.689435 -0.030774
v 0.773112 0.812838 -0.030774
v 0.267755 0.812838 -0.061504
v 0.237025 0.812838 -0.566861
v 0.237025 0.689435 -0.566861
v 0.773112 0.812838 -0.566861
v 0.267755 0.812838 -0.536131
v 0.267755 0.689435 -0.536131
v 0.742382 0.812838 -0.536131
v 0.742382 0.689435 -0.536131
v 0.742382 0.812838 -0.061504
v 0.742382 0.689435 -0.061504
v 0.773112 0.689435 -0.030774
v 0.267755 0.689435 -0.061504
v 0.773112 0.689435 -0.566861
v 0.267755 1.296242 -0.061504
v 0.742382 1.296242 -0.061504
v 0.742382 1.296242 -0.536131
v 0.267755 1.296242 -0.536131
v 0.237025 1.296242 -0.030774
v 0.773112 1.296242 -0.030774
v 0.773112 1.296242 -0.566861
v 0.237025 1.296242 -0.566861
v 0.267755 1.172838 -0.061504
v 0.742382 1.172838 -0.061504
v 0.742382 1.172838 -0.536131
v 0.267755 1.172838 -0.536131
v 0.237025 1.172838 -0.030774
v 0.773112 1.172838 -0.030774
v 0.773112 1.172838 -0.566861
v 0.237025 1.172838 -0.566861
vn -1.0000 -0.0000 -0.0000
vn -0.0000 -0.0000 1.0000
vn -0.0000 1.0000 -0.0000
vn -0.0000 -0.0000 -1.0000
vn 1.0000 -0.0000 -0.0000
vn -0.0000 -1.0000 -0.0000
vt 1.833789 0.658637
vt 1.879732 0.444313
vt 1.879732 0.658637
vt 1.001953 0.702723
vt 1.216278 0.748666
vt 1.001953 0.748666
vt 1.858530 0.219007
vt 1.870816 0.421047
vt 1.858530 0.433333
vt 1.969941 0.446320
vt 1.982227 0.648358
vt 1.969941 0.660644
vt 1.805732 0.001953
vt 1.851675 0.216277
vt 1.805732 0.216277
vt 1.428625 0.985761
vt 1.226588 0.998047
vt 1.214302 0.985761
vt 1.914558 0.388315
vt 1.960500 0.198561
vt 1.960500 0.388314
vt 1.198562 0.959764
vt 1.388315 0.913822
vt 1.388315 0.959764
vt 1.395171 0.959764
vt 1.584924 0.913822
vt 1.584924 0.959764
vt 1.806720 0.958612
vt 1.604681 0.970897
vt 1.592395 0.958612
vt 1.749000 0.932615
vt 1.938753 0.886672
vt 1.938753 0.932615
vt 1.878478 0.215110
vt 1.890763 0.417149
vt 1.878478 0.429435
vt 1.216894 0.966620
vt 1.014854 0.978905
vt 1.002569 0.966620
vt 1.582915 0.966620
vt 1.380877 0.978906
vt 1.393163 0.966620
vt 1.625888 0.862889
vt 1.840212 0.816946
vt 1.840212 0.862889
vt 1.204607 0.985761
vt 1.002569 0.998047
vt 1.014854 0.985761
vt 1.982227 0.872377
vt 1.969941 0.670339
vt 1.982227 0.658053
vt 1.780991 0.756238
vt 1.826934 0.541913
vt 1.826934 0.756238
vt 1.960500 0.001953
vt 1.914558 0.191706
vt 1.914558 0.001953
vt 1.604681 0.939470
vt 1.806718 0.951756
vt 1.592395 0.951756
vt 1.001953 0.913822
vt 1.191706 0.959764
vt 1.001953 0.959764
vt 1.960500 0.591778
vt 1.914558 0.781531
vt 1.914558 0.591778
vt 1.915084 0.584923
vt 1.961027 0.395170
vt 1.961027 0.584923
vt 1.204608 0.755521
vt 1.002569 0.767807
vt 1.014854 0.755521
vt 1.967356 0.216893
vt 1.979642 0.014854
vt 1.979642 0.204607
vt 1.893010 0.665493
vt 1.847067 0.879817
vt 1.847067 0.665493
vt 1.809031 0.810091
vt 1.594706 0.764148
vt 1.809031 0.764148
vt 1.858530 0.204608
vt 1.870816 0.002569
vt 1.870816 0.216894
vt 1.889957 0.216894
vt 1.877671 0.014854
vt 1.889957 0.002569
vt 1.969941 0.438233
vt 1.982227 0.236195
vt 1.982227 0.425947
vt 1.615384 0.990039
vt 1.817420 0.977753
vt 1.805134 0.990039
vt 1.851674 0.223133
vt 1.805732 0.437457
vt 1.805732 0.223133
vt 1.833789 0.444313
vt 1.216278 0.702723
vt 1.870816 0.231293
vt 1.982227 0.458606
vt 1.851675 0.001953
vt 1.416340 0.998047
vt 1.914558 0.198561
vt 1.198562 0.913822
vt 1.395171 0.913822
vt 1.794434 0.970897
vt 1.749000 0.886672
vt 1.890763 0.227396
vt 1.204608 0.978905
vt 1.595200 0.978906
vt 1.625888 0.816946
vt 1.216892 0.998047
vt 1.969941 0.860092
vt 1.780991 0.541913
vt 1.960500 0.191706
vt 1.794432 0.939470
vt 1.191707 0.913822
vt 1.960500 0.781531
vt 1.915084 0.395170
vt 1.216894 0.767807
vt 1.967356 0.002569
vt 1.893010 0.879817
vt 1.594707 0.810091
vt 1.858530 0.014854
vt 1.877671 0.204608
vt 1.969941 0.223909
vt 1.603098 0.977753
vt 1.851674 0.437457
s 1
usemtl cart
f 2502/3713/1427 2497/3714/1427 2501/3715/1427
f 2498/3716/1428 2499/3717/1428 2497/3718/1428
f 2499/3719/1429 2500/3720/1429 2497/3721/1429
f 2497/3722/1429 2504/3723/1429 2501/3724/1429
f 2503/3725/1430 2502/3726/1430 2501/3727/1430
f 2501/3728/1429 2506/3729/1429 2503/3730/1429
f 2511/3731/1431 2504/3732/1431 2500/3733/1431
f 2504/3734/1428 2507/3735/1428 2506/3736/1428
f 2509/3737/1427 2506/3738/1427 2507/3739/1427
f 2503/3740/1429 2508/3741/1429 2499/3742/1429
f 2508/3743/1430 2511/3744/1430 2500/3745/1430
f 2510/3746/1432 2507/3747/1432 2512/3748/1432
f 2498/3749/1432 2509/3750/1432 2510/3751/1432
f 2511/3752/1432 2502/3753/1432 2505/3754/1432
f 2499/3755/1431 2512/3756/1431 2503/3757/1431
f 2505/3758/1432 2512/3759/1432 2507/3760/1432
f 2518/3761/1429 2513/3762/1429 2517/3763/1429
f 2527/3764/1430 2520/3765/1430 2519/3766/1430
f 2521/3767/1431 2516/3768/1431 2513/3769/1431
f 2513/3770/1429 2520/3771/1429 2517/3772/1429
f 2524/3773/1428 2515/3774/1428 2516/3775/1428
f 2523/3776/1427 2514/3777/1427 2515/3778/1427
f 2522/3779/1430 2513/3780/1430 2514/3781/1430
f 2515/3782/1429 2520/3783/1429 2516/3784/1429
f 2518/3785/1429 2515/3786/1429 2514/3787/1429
f 2518/3788/1428 2525/3789/1428 2526/3790/1428
f 2526/3791/1431 2519/3792/1431 2518/3793/1431
f 2521/3794/1432 2526/3795/1432 2525/3796/1432
f 2528/3797/1432 2521/3798/1432 2525/3799/1432
f 2528/3800/1432 2523/3801/1432 2524/3802/1432
f 2523/3803/1432 2526/3804/1432 2522/3805/1432
f 2517/3806/1427 2528/3807/1427 2525/3808/1427
f 2502/3713/1427 2498/3809/1427 2497/3714/1427
f 2498/3716/1428 2510/3810/1428 2499/3717/1428
f 2499/3719/1429 2508/3811/1429 2500/3720/1429
f 2497/3722/1429 2500/3812/1429 2504/3723/1429
f 2503/3725/1430 2512/3813/1430 2502/3726/1430
f 2501/3728/1429 2504/3814/1429 2506/3729/1429
f 2511/3731/1431 2505/3815/1431 2504/3732/1431
f 2504/3734/1428 2505/3816/1428 2507/3735/1428
f 2509/3737/1427 2508/3817/1427 2506/3738/1427
f 2503/3740/1429 2506/3818/1429 2508/3741/1429
f 2508/3743/1430 2509/3819/1430 2511/3744/1430
f 2510/3746/1432 2509/3820/1432 2507/3747/1432
f 2498/3749/1432 2511/3821/1432 2509/3750/1432
f 2511/3752/1432 2498/3822/1432 2502/3753/1432
f 2499/3755/1431 2510/3823/1431 2512/3756/1431
f 2505/3758/1432 2502/3824/1432 2512/3759/1432
f 2518/3761/1429 2514/3825/1429 2513/3762/1429
f 2527/3764/1430 2528/3826/1430 2520/3765/1430
f 2521/3767/1431 2524/3827/1431 2516/3768/1431
f 2513/3770/1429 2516/3828/1429 2520/3771/1429
f 2524/3773/1428 2523/3829/1428 2515/3774/1428
f 2523/3776/1427 2522/3830/1427 2514/3777/1427
f 2522/3779/1430 2521/3831/1430 2513/3780/1430
f 2515/3782/1429 2519/3832/1429 2520/3783/1429
f 2518/3785/1429 2519/3833/1429 2515/3786/1429
f 2518/3788/1428 2517/3834/1428 2525/3789/1428
f 2526/3791/1431 2527/3835/1431 2519/3792/1431
f 2521/3794/1432 2522/3836/1432 2526/3795/1432
f 2528/3797/1432 2524/3837/1432 2521/3798/1432
f 2528/3800/1432 2527/3838/1432 2523/3801/1432
f 2523/3803/1432 2527/3839/1432 2526/3804/1432
f 2517/3806/1427 2520/3840/1427 2528/3807/1427
